,campaign_id,campaign_name,campaign_launch_date,campaign_end_date
0,CAMP_3a7188eb,Spring Data Boost,2026-02-09,2026-02-27
1,CAMP_6ec8dcc3,Flash Bundle Blitz,2026-01-20,2026-03-14
2,CAMP_71790c70,Flash Bundle Blitz,2026-01-29,2026-03-04
3,CAMP_3a7188eb,Spring Data Boost,2026-02-24,2026-04-14
4,CAMP_3a7188eb,Spring Data Boost,2026-02-06,2026-03-01
5,CAMP_5ca4a2f6,Flash Bundle Blitz,2026-02-12,2026-04-01
6,CAMP_568269e4,Loyalty Reward Drive,2026-03-01,2026-03-22
7,CAMP_5ca4a2f6,Flash Bundle Blitz,2026-03-01,2026-04-30
8,CAMP_3a7188eb,Spring Data Boost,2026-01-30,2026-02-16
9,CAMP_568269e4,Loyalty Reward Drive,2026-03-08,2026-04-08
10,CAMP_6ec8dcc3,Flash Bundle Blitz,2026-01-26,2026-02-03
11,CAMP_568269e4,Loyalty Reward Drive,2026-02-11,2026-04-02
12,CAMP_6ec8dcc3,Flash Bundle Blitz,2026-02-23,2026-04-01
13,CAMP_6ec8dcc3,Flash Bundle Blitz,2026-01-30,2026-01-31
14,CAMP_568269e4,Loyalty Reward Drive,2026-01-25,2026-02-12
15,CAMP_3a7188eb,Spring Data Boost,2026-02-12,2026-04-13
16,CAMP_71790c70,Flash Bundle Blitz,2026-03-01,2026-03-08
17,CAMP_3a7188eb,Spring Data Boost,2026-02-06,2026-02-28
18,CAMP_71790c70,Flash Bundle Blitz,2026-02-19,2026-03-16
19,CAMP_6ec8dcc3,Flash Bundle Blitz,2026-01-30,2026-03-18
20,CAMP_568269e4,Loyalty Reward Drive,2026-03-02,2026-04-17
21,CAMP_568269e4,Loyalty Reward Drive,2026-03-02,2026-04-22
22,CAMP_6ec8dcc3,Flash Bundle Blitz,2026-01-30,2026-03-04
23,CAMP_568269e4,Loyalty Reward Drive,2026-01-24,2026-02-03
24,CAMP_6ec8dcc3,Flash Bundle Blitz,2026-01-27,2026-03-03
25,CAMP_3a7188eb,Spring Data Boost,2026-01-09,2026-02-10
26,CAMP_568269e4,Loyalty Reward Drive,2026-01-14,2026-02-25
27,CAMP_6ec8dcc3,Flash Bundle Blitz,2026-01-11,2026-02-24
28,CAMP_5ca4a2f6,Flash Bundle Blitz,2026-03-07,2026-04-25
29,CAMP_568269e4,Loyalty Reward Drive,2026-01-15,2026-02-17
30,CAMP_3a7188eb,Spring Data Boost,2026-03-01,2026-03-10
31,CAMP_5ca4a2f6,Flash Bundle Blitz,2026-02-15,2026-03-30
32,CAMP_5ca4a2f6,Flash Bundle Blitz,2026-02-18,2026-03-14
33,CAMP_71790c70,Flash Bundle Blitz,2026-01-29,2026-02-05
34,CAMP_3a7188eb,Spring Data Boost,2026-01-11,2026-01-18
35,CAMP_5ca4a2f6,Flash Bundle Blitz,2026-01-27,2026-03-24
36,CAMP_3a7188eb,Spring Data Boost,2026-02-01,2026-03-22
37,CAMP_71790c70,Flash Bundle Blitz,2026-02-08,2026-02-27
38,CAMP_3a7188eb,Spring Data Boost,2026-01-29,2026-03-04
39,CAMP_5ca4a2f6,Flash Bundle Blitz,2026-02-28,2026-03-13
40,CAMP_3a7188eb,Spring Data Boost,2026-02-24,2026-04-10
41,CAMP_5ca4a2f6,Flash Bundle Blitz,2026-02-04,2026-02-28
42,CAMP_5ca4a2f6,Flash Bundle Blitz,2026-02-08,2026-03-24
43,CAMP_3a7188eb,Spring Data Boost,2026-03-04,2026-04-20
44,CAMP_6ec8dcc3,Flash Bundle Blitz,2026-02-09,2026-02-25
45,CAMP_6ec8dcc3,Flash Bundle Blitz,2026-01-22,2026-03-17
46,CAMP_568269e4,Loyalty Reward Drive,2026-03-02,2026-04-19
47,CAMP_71790c70,Flash Bundle Blitz,2026-02-01,2026-03-16
48,CAMP_6ec8dcc3,Flash Bundle Blitz,2026-02-04,2026-02-20
49,CAMP_6ec8dcc3,Flash Bundle Blitz,2026-01-13,2026-01-27
50,CAMP_5ca4a2f6,Flash Bundle Blitz,2026-01-24,2026-02-13
51,CAMP_3a7188eb,Spring Data Boost,2026-03-10,2026-04-04
52,CAMP_3a7188eb,Spring Data Boost,2026-02-15,2026-03-11
53,CAMP_568269e4,Loyalty Reward Drive,2026-02-01,2026-03-23
54,CAMP_3a7188eb,Spring Data Boost,2026-02-23,2026-03-02
55,CAMP_568269e4,Loyalty Reward Drive,2026-01-18,2026-01-25
56,CAMP_6ec8dcc3,Flash Bundle Blitz,2026-01-28,2026-02-09
57,CAMP_3a7188eb,Spring Data Boost,2026-02-16,2026-04-10
58,CAMP_5ca4a2f6,Flash Bundle Blitz,2026-02-23,2026-04-23
59,CAMP_3a7188eb,Spring Data Boost,2026-01-10,2026-01-27
60,CAMP_6ec8dcc3,Flash Bundle Blitz,2026-02-23,2026-03-04
61,CAMP_6ec8dcc3,Flash Bundle Blitz,2026-02-28,2026-03-18
62,CAMP_71790c70,Flash Bundle Blitz,2026-01-16,2026-02-21
63,CAMP_5ca4a2f6,Flash Bundle Blitz,2026-01-23,2026-01-25
64,CAMP_5ca4a2f6,Flash Bundle Blitz,2026-03-10,2026-05-06
65,CAMP_71790c70,Flash Bundle Blitz,2026-01-11,2026-03-04
66,CAMP_6ec8dcc3,Flash Bundle Blitz,2026-01-25,2026-03-26
67,CAMP_71790c70,Flash Bundle Blitz,2026-01-23,2026-03-14
68,CAMP_5ca4a2f6,Flash Bundle Blitz,2026-01-12,2026-02-04
69,CAMP_3a7188eb,Spring Data Boost,2026-02-04,2026-02-14
70,CAMP_568269e4,Loyalty Reward Drive,2026-01-29,2026-02-14
71,CAMP_5ca4a2f6,Flash Bundle Blitz,2026-01-26,2026-03-22
72,CAMP_71790c70,Flash Bundle Blitz,2026-03-02,2026-04-23
73,CAMP_6ec8dcc3,Flash Bundle Blitz,2026-01-10,2026-03-05
74,CAMP_71790c70,Flash Bundle Blitz,2026-01-14,2026-03-14
75,CAMP_3a7188eb,Spring Data Boost,2026-01-13,2026-03-02
76,CAMP_568269e4,Loyalty Reward Drive,2026-02-20,2026-04-08
77,CAMP_6ec8dcc3,Flash Bundle Blitz,2026-02-28,2026-04-01
78,CAMP_5ca4a2f6,Flash Bundle Blitz,2026-03-10,2026-05-08
79,CAMP_6ec8dcc3,Flash Bundle Blitz,2026-03-10,2026-04-19
80,CAMP_71790c70,Flash Bundle Blitz,2026-01-09,2026-01-20
81,CAMP_3a7188eb,Spring Data Boost,2026-02-14,2026-03-20
82,CAMP_568269e4,Loyalty Reward Drive,2026-02-18,2026-03-16
83,CAMP_71790c70,Flash Bundle Blitz,2026-01-16,2026-02-13
84,CAMP_71790c70,Flash Bundle Blitz,2026-02-12,2026-03-13
85,CAMP_6ec8dcc3,Flash Bundle Blitz,2026-01-14,2026-02-07
86,CAMP_5ca4a2f6,Flash Bundle Blitz,2026-03-09,2026-04-29
87,CAMP_6ec8dcc3,Flash Bundle Blitz,2026-02-15,2026-03-08
88,CAMP_6ec8dcc3,Flash Bundle Blitz,2026-02-01,2026-02-16
89,CAMP_6ec8dcc3,Flash Bundle Blitz,2026-02-06,2026-04-02
90,CAMP_71790c70,Flash Bundle Blitz,2026-03-03,2026-04-19
91,CAMP_568269e4,Loyalty Reward Drive,2026-01-13,2026-03-04
92,CAMP_5ca4a2f6,Flash Bundle Blitz,2026-02-24,2026-03-07
93,CAMP_6ec8dcc3,Flash Bundle Blitz,2026-02-11,2026-03-17
94,CAMP_3a7188eb,Spring Data Boost,2026-02-10,2026-04-07
95,CAMP_71790c70,Flash Bundle Blitz,2026-02-16,2026-02-22
96,CAMP_71790c70,Flash Bundle Blitz,2026-02-25,2026-04-07
97,CAMP_71790c70,Flash Bundle Blitz,2026-01-12,2026-03-12
98,CAMP_6ec8dcc3,Flash Bundle Blitz,2026-02-28,2026-04-19
99,CAMP_6ec8dcc3,Flash Bundle Blitz,2026-02-05,2026-03-21
100,CAMP_568269e4,Loyalty Reward Drive,2026-01-15,2026-02-20
101,CAMP_3a7188eb,Spring Data Boost,2026-01-29,2026-03-06
102,CAMP_568269e4,Loyalty Reward Drive,2026-01-28,2026-03-04
103,CAMP_6ec8dcc3,Flash Bundle Blitz,2026-02-25,2026-04-03
104,CAMP_5ca4a2f6,Flash Bundle Blitz,2026-02-26,2026-04-19
105,CAMP_6ec8dcc3,Flash Bundle Blitz,2026-02-17,2026-04-03
106,CAMP_3a7188eb,Spring Data Boost,2026-01-09,2026-01-13
107,CAMP_568269e4,Loyalty Reward Drive,2026-01-19,2026-03-13
108,CAMP_71790c70,Flash Bundle Blitz,2026-02-03,2026-03-08
109,CAMP_5ca4a2f6,Flash Bundle Blitz,2026-01-30,2026-02-09
110,CAMP_3a7188eb,Spring Data Boost,2026-01-10,2026-01-25
111,CAMP_568269e4,Loyalty Reward Drive,2026-01-19,2026-01-23
112,CAMP_568269e4,Loyalty Reward Drive,2026-02-24,2026-04-04
113,CAMP_3a7188eb,Spring Data Boost,2026-01-11,2026-01-26
114,CAMP_568269e4,Loyalty Reward Drive,2026-02-20,2026-04-13
115,CAMP_568269e4,Loyalty Reward Drive,2026-01-14,2026-02-28
116,CAMP_71790c70,Flash Bundle Blitz,2026-01-25,2026-03-14
117,CAMP_3a7188eb,Spring Data Boost,2026-01-31,2026-03-04
118,CAMP_5ca4a2f6,Flash Bundle Blitz,2026-02-27,2026-03-10
119,CAMP_71790c70,Flash Bundle Blitz,2026-03-04,2026-03-16
120,CAMP_71790c70,Flash Bundle Blitz,2026-03-01,2026-04-01
121,CAMP_71790c70,Flash Bundle Blitz,2026-02-20,2026-02-22
122,CAMP_3a7188eb,Spring Data Boost,2026-03-05,2026-03-21
123,CAMP_71790c70,Flash Bundle Blitz,2026-03-05,2026-03-31
124,CAMP_6ec8dcc3,Flash Bundle Blitz,2026-02-12,2026-04-02
125,CAMP_5ca4a2f6,Flash Bundle Blitz,2026-01-25,2026-03-13
126,CAMP_568269e4,Loyalty Reward Drive,2026-02-06,2026-03-19
127,CAMP_5ca4a2f6,Flash Bundle Blitz,2026-01-25,2026-01-31
128,CAMP_71790c70,Flash Bundle Blitz,2026-02-22,2026-02-27
129,CAMP_5ca4a2f6,Flash Bundle Blitz,2026-01-12,2026-02-07
130,CAMP_71790c70,Flash Bundle Blitz,2026-01-24,2026-02-02
131,CAMP_3a7188eb,Spring Data Boost,2026-01-16,2026-01-21
132,CAMP_3a7188eb,Spring Data Boost,2026-02-12,2026-02-17
133,CAMP_71790c70,Flash Bundle Blitz,2026-02-11,2026-03-14
134,CAMP_568269e4,Loyalty Reward Drive,2026-02-22,2026-03-27
135,CAMP_5ca4a2f6,Flash Bundle Blitz,2026-03-07,2026-03-21
136,CAMP_568269e4,Loyalty Reward Drive,2026-02-05,2026-02-25
137,CAMP_71790c70,Flash Bundle Blitz,2026-01-16,2026-02-25
138,CAMP_71790c70,Flash Bundle Blitz,2026-02-09,2026-03-25
139,CAMP_3a7188eb,Spring Data Boost,2026-03-10,2026-03-18
140,CAMP_6ec8dcc3,Flash Bundle Blitz,2026-02-26,2026-04-23
141,CAMP_3a7188eb,Spring Data Boost,2026-02-28,2026-03-09
142,CAMP_568269e4,Loyalty Reward Drive,2026-02-20,2026-03-04
143,CAMP_5ca4a2f6,Flash Bundle Blitz,2026-03-03,2026-04-25
144,CAMP_71790c70,Flash Bundle Blitz,2026-01-28,2026-03-29
145,CAMP_568269e4,Loyalty Reward Drive,2026-02-05,2026-02-19
146,CAMP_568269e4,Loyalty Reward Drive,2026-02-08,2026-04-07
147,CAMP_71790c70,Flash Bundle Blitz,2026-02-02,2026-02-10
148,CAMP_568269e4,Loyalty Reward Drive,2026-02-15,2026-03-24
149,CAMP_6ec8dcc3,Flash Bundle Blitz,2026-02-22,2026-04-18
150,CAMP_6ec8dcc3,Flash Bundle Blitz,2026-01-23,2026-01-29
151,CAMP_71790c70,Flash Bundle Blitz,2026-01-09,2026-01-19
152,CAMP_568269e4,Loyalty Reward Drive,2026-02-19,2026-04-03
153,CAMP_71790c70,Flash Bundle Blitz,2026-01-24,2026-03-15
154,CAMP_6ec8dcc3,Flash Bundle Blitz,2026-03-02,2026-04-24
155,CAMP_6ec8dcc3,Flash Bundle Blitz,2026-01-15,2026-02-13
156,CAMP_6ec8dcc3,Flash Bundle Blitz,2026-02-25,2026-03-04
157,CAMP_568269e4,Loyalty Reward Drive,2026-03-08,2026-03-22
158,CAMP_568269e4,Loyalty Reward Drive,2026-03-09,2026-03-13
159,CAMP_3a7188eb,Spring Data Boost,2026-01-20,2026-03-05
160,CAMP_568269e4,Loyalty Reward Drive,2026-01-25,2026-02-26
161,CAMP_6ec8dcc3,Flash Bundle Blitz,2026-02-01,2026-03-20
162,CAMP_3a7188eb,Spring Data Boost,2026-01-29,2026-03-02
163,CAMP_71790c70,Flash Bundle Blitz,2026-02-28,2026-04-11
164,CAMP_71790c70,Flash Bundle Blitz,2026-02-01,2026-03-15
165,CAMP_6ec8dcc3,Flash Bundle Blitz,2026-01-12,2026-02-18
166,CAMP_6ec8dcc3,Flash Bundle Blitz,2026-02-11,2026-03-23
167,CAMP_3a7188eb,Spring Data Boost,2026-01-25,2026-03-03
168,CAMP_71790c70,Flash Bundle Blitz,2026-01-14,2026-01-21
169,CAMP_71790c70,Flash Bundle Blitz,2026-02-06,2026-03-08
170,CAMP_71790c70,Flash Bundle Blitz,2026-03-04,2026-04-21
171,CAMP_3a7188eb,Spring Data Boost,2026-01-14,2026-03-13
172,CAMP_71790c70,Flash Bundle Blitz,2026-02-10,2026-03-03
173,CAMP_6ec8dcc3,Flash Bundle Blitz,2026-03-08,2026-04-28
174,CAMP_6ec8dcc3,Flash Bundle Blitz,2026-01-10,2026-01-20
175,CAMP_71790c70,Flash Bundle Blitz,2026-02-20,2026-03-22
176,CAMP_6ec8dcc3,Flash Bundle Blitz,2026-02-05,2026-03-14
177,CAMP_568269e4,Loyalty Reward Drive,2026-01-30,2026-03-21
178,CAMP_6ec8dcc3,Flash Bundle Blitz,2026-01-21,2026-03-09
179,CAMP_3a7188eb,Spring Data Boost,2026-01-16,2026-03-14
180,CAMP_71790c70,Flash Bundle Blitz,2026-01-13,2026-03-09
181,CAMP_71790c70,Flash Bundle Blitz,2026-01-12,2026-02-03
182,CAMP_71790c70,Flash Bundle Blitz,2026-01-21,2026-02-28
183,CAMP_3a7188eb,Spring Data Boost,2026-01-21,2026-02-18
184,CAMP_5ca4a2f6,Flash Bundle Blitz,2026-01-22,2026-02-07
185,CAMP_6ec8dcc3,Flash Bundle Blitz,2026-02-22,2026-04-02
186,CAMP_3a7188eb,Spring Data Boost,2026-03-09,2026-03-23
187,CAMP_6ec8dcc3,Flash Bundle Blitz,2026-02-04,2026-03-26
188,CAMP_568269e4,Loyalty Reward Drive,2026-01-10,2026-02-10
189,CAMP_568269e4,Loyalty Reward Drive,2026-01-09,2026-02-11
190,CAMP_5ca4a2f6,Flash Bundle Blitz,2026-01-22,2026-03-01
191,CAMP_568269e4,Loyalty Reward Drive,2026-02-13,2026-03-09
192,CAMP_5ca4a2f6,Flash Bundle Blitz,2026-02-15,2026-03-14
193,CAMP_568269e4,Loyalty Reward Drive,2026-02-08,2026-03-13
194,CAMP_6ec8dcc3,Flash Bundle Blitz,2026-02-10,2026-03-01
195,CAMP_3a7188eb,Spring Data Boost,2026-01-27,2026-02-28
196,CAMP_5ca4a2f6,Flash Bundle Blitz,2026-02-26,2026-04-08
197,CAMP_3a7188eb,Spring Data Boost,2026-01-12,2026-01-22
198,CAMP_568269e4,Loyalty Reward Drive,2026-01-14,2026-02-02
199,CAMP_6ec8dcc3,Flash Bundle Blitz,2026-01-16,2026-01-29
200,CAMP_71790c70,Flash Bundle Blitz,2026-02-27,2026-03-27
201,CAMP_568269e4,Loyalty Reward Drive,2026-02-21,2026-03-29
202,CAMP_71790c70,Flash Bundle Blitz,2026-01-21,2026-03-09
203,CAMP_5ca4a2f6,Flash Bundle Blitz,2026-01-10,2026-02-07
204,CAMP_71790c70,Flash Bundle Blitz,2026-01-16,2026-02-05
205,CAMP_71790c70,Flash Bundle Blitz,2026-02-01,2026-02-15
206,CAMP_568269e4,Loyalty Reward Drive,2026-02-05,2026-04-06
207,CAMP_6ec8dcc3,Flash Bundle Blitz,2026-03-02,2026-03-30
208,CAMP_5ca4a2f6,Flash Bundle Blitz,2026-01-14,2026-02-27
209,CAMP_3a7188eb,Spring Data Boost,2026-02-18,2026-03-07
210,CAMP_71790c70,Flash Bundle Blitz,2026-02-03,2026-02-24
211,CAMP_5ca4a2f6,Flash Bundle Blitz,2026-03-02,2026-03-10
212,CAMP_5ca4a2f6,Flash Bundle Blitz,2026-03-01,2026-03-10
213,CAMP_6ec8dcc3,Flash Bundle Blitz,2026-03-09,2026-03-19
214,CAMP_5ca4a2f6,Flash Bundle Blitz,2026-02-12,2026-03-17
215,CAMP_5ca4a2f6,Flash Bundle Blitz,2026-02-28,2026-03-17
216,CAMP_568269e4,Loyalty Reward Drive,2026-02-04,2026-03-01
217,CAMP_71790c70,Flash Bundle Blitz,2026-02-12,2026-04-09
218,CAMP_568269e4,Loyalty Reward Drive,2026-03-09,2026-03-15
219,CAMP_6ec8dcc3,Flash Bundle Blitz,2026-03-02,2026-03-03
220,CAMP_568269e4,Loyalty Reward Drive,2026-02-24,2026-03-11
221,CAMP_3a7188eb,Spring Data Boost,2026-02-25,2026-02-28
222,CAMP_6ec8dcc3,Flash Bundle Blitz,2026-01-11,2026-03-01
223,CAMP_71790c70,Flash Bundle Blitz,2026-02-02,2026-04-03
224,CAMP_5ca4a2f6,Flash Bundle Blitz,2026-01-30,2026-03-04
225,CAMP_568269e4,Loyalty Reward Drive,2026-02-17,2026-02-22
226,CAMP_5ca4a2f6,Flash Bundle Blitz,2026-02-04,2026-02-17
227,CAMP_568269e4,Loyalty Reward Drive,2026-01-26,2026-03-09
228,CAMP_568269e4,Loyalty Reward Drive,2026-03-03,2026-04-30
229,CAMP_568269e4,Loyalty Reward Drive,2026-01-31,2026-02-14
230,CAMP_5ca4a2f6,Flash Bundle Blitz,2026-01-16,2026-02-21
231,CAMP_6ec8dcc3,Flash Bundle Blitz,2026-02-25,2026-04-20
232,CAMP_5ca4a2f6,Flash Bundle Blitz,2026-02-11,2026-03-18
233,CAMP_568269e4,Loyalty Reward Drive,2026-02-06,2026-03-06
234,CAMP_568269e4,Loyalty Reward Drive,2026-01-17,2026-02-28
235,CAMP_3a7188eb,Spring Data Boost,2026-01-18,2026-03-09
236,CAMP_5ca4a2f6,Flash Bundle Blitz,2026-02-10,2026-03-03
237,CAMP_3a7188eb,Spring Data Boost,2026-02-06,2026-03-07
238,CAMP_568269e4,Loyalty Reward Drive,2026-02-16,2026-02-17
239,CAMP_71790c70,Flash Bundle Blitz,2026-01-14,2026-02-14
240,CAMP_3a7188eb,Spring Data Boost,2026-02-01,2026-03-22
241,CAMP_5ca4a2f6,Flash Bundle Blitz,2026-01-16,2026-02-22
242,CAMP_71790c70,Flash Bundle Blitz,2026-03-04,2026-04-11
243,CAMP_3a7188eb,Spring Data Boost,2026-01-16,2026-01-29
244,CAMP_3a7188eb,Spring Data Boost,2026-03-03,2026-04-17
245,CAMP_71790c70,Flash Bundle Blitz,2026-02-14,2026-04-10
246,CAMP_71790c70,Flash Bundle Blitz,2026-01-10,2026-01-27
247,CAMP_71790c70,Flash Bundle Blitz,2026-03-06,2026-04-10
248,CAMP_5ca4a2f6,Flash Bundle Blitz,2026-03-10,2026-03-25
249,CAMP_6ec8dcc3,Flash Bundle Blitz,2026-03-10,2026-04-21
250,CAMP_5ca4a2f6,Flash Bundle Blitz,2026-02-17,2026-04-11
251,CAMP_6ec8dcc3,Flash Bundle Blitz,2026-02-06,2026-03-25
252,CAMP_5ca4a2f6,Flash Bundle Blitz,2026-01-17,2026-02-07
253,CAMP_71790c70,Flash Bundle Blitz,2026-01-15,2026-02-24
254,CAMP_568269e4,Loyalty Reward Drive,2026-01-09,2026-01-12
255,CAMP_5ca4a2f6,Flash Bundle Blitz,2026-01-25,2026-03-25
256,CAMP_6ec8dcc3,Flash Bundle Blitz,2026-01-11,2026-03-03
257,CAMP_3a7188eb,Spring Data Boost,2026-01-26,2026-03-25
258,CAMP_71790c70,Flash Bundle Blitz,2026-01-18,2026-02-02
259,CAMP_5ca4a2f6,Flash Bundle Blitz,2026-02-23,2026-03-05
260,CAMP_5ca4a2f6,Flash Bundle Blitz,2026-02-26,2026-03-11
261,CAMP_5ca4a2f6,Flash Bundle Blitz,2026-01-16,2026-02-09
262,CAMP_6ec8dcc3,Flash Bundle Blitz,2026-01-13,2026-01-30
263,CAMP_5ca4a2f6,Flash Bundle Blitz,2026-02-03,2026-02-25
264,CAMP_568269e4,Loyalty Reward Drive,2026-01-29,2026-02-17
265,CAMP_3a7188eb,Spring Data Boost,2026-02-15,2026-03-23
266,CAMP_568269e4,Loyalty Reward Drive,2026-01-10,2026-03-10
267,CAMP_71790c70,Flash Bundle Blitz,2026-02-13,2026-03-17
268,CAMP_6ec8dcc3,Flash Bundle Blitz,2026-03-10,2026-04-07
269,CAMP_568269e4,Loyalty Reward Drive,2026-02-17,2026-03-26
270,CAMP_5ca4a2f6,Flash Bundle Blitz,2026-02-27,2026-04-07
271,CAMP_568269e4,Loyalty Reward Drive,2026-02-23,2026-04-16
272,CAMP_568269e4,Loyalty Reward Drive,2026-03-08,2026-04-18
273,CAMP_568269e4,Loyalty Reward Drive,2026-02-27,2026-04-21
274,CAMP_568269e4,Loyalty Reward Drive,2026-01-18,2026-03-12
275,CAMP_568269e4,Loyalty Reward Drive,2026-02-06,2026-03-30
276,CAMP_71790c70,Flash Bundle Blitz,2026-01-14,2026-01-20
277,CAMP_3a7188eb,Spring Data Boost,2026-01-11,2026-02-04
278,CAMP_71790c70,Flash Bundle Blitz,2026-01-12,2026-02-04
279,CAMP_71790c70,Flash Bundle Blitz,2026-01-23,2026-03-01
280,CAMP_6ec8dcc3,Flash Bundle Blitz,2026-02-24,2026-03-15
281,CAMP_5ca4a2f6,Flash Bundle Blitz,2026-02-08,2026-02-24
282,CAMP_568269e4,Loyalty Reward Drive,2026-03-08,2026-05-07
283,CAMP_3a7188eb,Spring Data Boost,2026-01-11,2026-02-12
284,CAMP_71790c70,Flash Bundle Blitz,2026-03-09,2026-04-13
285,CAMP_5ca4a2f6,Flash Bundle Blitz,2026-03-06,2026-03-17
286,CAMP_568269e4,Loyalty Reward Drive,2026-03-05,2026-03-12
287,CAMP_71790c70,Flash Bundle Blitz,2026-01-26,2026-02-10
288,CAMP_3a7188eb,Spring Data Boost,2026-03-08,2026-05-04
289,CAMP_71790c70,Flash Bundle Blitz,2026-02-24,2026-04-25
290,CAMP_71790c70,Flash Bundle Blitz,2026-01-14,2026-02-22
291,CAMP_6ec8dcc3,Flash Bundle Blitz,2026-02-26,2026-04-17
292,CAMP_5ca4a2f6,Flash Bundle Blitz,2026-02-22,2026-03-28
293,CAMP_71790c70,Flash Bundle Blitz,2026-02-07,2026-03-24
294,CAMP_6ec8dcc3,Flash Bundle Blitz,2026-03-02,2026-03-24
295,CAMP_5ca4a2f6,Flash Bundle Blitz,2026-03-09,2026-04-21
296,CAMP_3a7188eb,Spring Data Boost,2026-01-16,2026-02-27
297,CAMP_5ca4a2f6,Flash Bundle Blitz,2026-02-27,2026-03-02
298,CAMP_568269e4,Loyalty Reward Drive,2026-02-05,2026-04-02
299,CAMP_71790c70,Flash Bundle Blitz,2026-02-22,2026-03-17
300,CAMP_3a7188eb,Spring Data Boost,2026-01-10,2026-02-18
301,CAMP_6ec8dcc3,Flash Bundle Blitz,2026-02-05,2026-02-17
302,CAMP_6ec8dcc3,Flash Bundle Blitz,2026-02-14,2026-03-14
303,CAMP_5ca4a2f6,Flash Bundle Blitz,2026-02-26,2026-04-15
304,CAMP_3a7188eb,Spring Data Boost,2026-02-05,2026-03-15
305,CAMP_6ec8dcc3,Flash Bundle Blitz,2026-02-08,2026-04-01
306,CAMP_3a7188eb,Spring Data Boost,2026-01-09,2026-03-09
307,CAMP_6ec8dcc3,Flash Bundle Blitz,2026-01-26,2026-02-13
308,CAMP_568269e4,Loyalty Reward Drive,2026-02-02,2026-02-03
309,CAMP_568269e4,Loyalty Reward Drive,2026-02-23,2026-04-10
310,CAMP_568269e4,Loyalty Reward Drive,2026-02-27,2026-03-09
311,CAMP_5ca4a2f6,Flash Bundle Blitz,2026-01-25,2026-03-12
312,CAMP_568269e4,Loyalty Reward Drive,2026-01-29,2026-03-04
313,CAMP_71790c70,Flash Bundle Blitz,2026-02-28,2026-04-21
314,CAMP_3a7188eb,Spring Data Boost,2026-02-14,2026-04-04
315,CAMP_71790c70,Flash Bundle Blitz,2026-02-11,2026-03-04
316,CAMP_3a7188eb,Spring Data Boost,2026-01-20,2026-02-27
317,CAMP_568269e4,Loyalty Reward Drive,2026-01-29,2026-02-17
318,CAMP_3a7188eb,Spring Data Boost,2026-02-15,2026-02-16
319,CAMP_568269e4,Loyalty Reward Drive,2026-01-22,2026-03-20
320,CAMP_6ec8dcc3,Flash Bundle Blitz,2026-02-26,2026-04-06
321,CAMP_5ca4a2f6,Flash Bundle Blitz,2026-03-09,2026-05-05
322,CAMP_71790c70,Flash Bundle Blitz,2026-03-03,2026-04-24
323,CAMP_3a7188eb,Spring Data Boost,2026-02-20,2026-03-02
324,CAMP_71790c70,Flash Bundle Blitz,2026-01-31,2026-03-11
325,CAMP_5ca4a2f6,Flash Bundle Blitz,2026-02-24,2026-04-25
326,CAMP_3a7188eb,Spring Data Boost,2026-01-10,2026-02-02
327,CAMP_3a7188eb,Spring Data Boost,2026-03-06,2026-04-08
328,CAMP_5ca4a2f6,Flash Bundle Blitz,2026-01-25,2026-02-05
329,CAMP_3a7188eb,Spring Data Boost,2026-02-25,2026-03-27
330,CAMP_6ec8dcc3,Flash Bundle Blitz,2026-02-24,2026-04-04
331,CAMP_3a7188eb,Spring Data Boost,2026-02-04,2026-03-22
332,CAMP_5ca4a2f6,Flash Bundle Blitz,2026-03-07,2026-03-23
333,CAMP_5ca4a2f6,Flash Bundle Blitz,2026-02-07,2026-03-22
334,CAMP_71790c70,Flash Bundle Blitz,2026-01-21,2026-02-03
335,CAMP_568269e4,Loyalty Reward Drive,2026-02-07,2026-03-11
336,CAMP_6ec8dcc3,Flash Bundle Blitz,2026-01-28,2026-03-09
337,CAMP_568269e4,Loyalty Reward Drive,2026-03-08,2026-04-12
338,CAMP_5ca4a2f6,Flash Bundle Blitz,2026-01-31,2026-03-16
339,CAMP_3a7188eb,Spring Data Boost,2026-01-14,2026-01-15
340,CAMP_568269e4,Loyalty Reward Drive,2026-01-13,2026-02-09
341,CAMP_568269e4,Loyalty Reward Drive,2026-02-14,2026-04-11
342,CAMP_71790c70,Flash Bundle Blitz,2026-01-15,2026-01-16
343,CAMP_3a7188eb,Spring Data Boost,2026-01-24,2026-02-03
344,CAMP_568269e4,Loyalty Reward Drive,2026-02-01,2026-03-29
345,CAMP_71790c70,Flash Bundle Blitz,2026-03-08,2026-04-12
346,CAMP_568269e4,Loyalty Reward Drive,2026-02-24,2026-04-20
347,CAMP_3a7188eb,Spring Data Boost,2026-02-26,2026-04-24
348,CAMP_71790c70,Flash Bundle Blitz,2026-02-14,2026-03-02
349,CAMP_3a7188eb,Spring Data Boost,2026-01-24,2026-03-13
350,CAMP_568269e4,Loyalty Reward Drive,2026-03-04,2026-04-18
351,CAMP_6ec8dcc3,Flash Bundle Blitz,2026-01-16,2026-02-04
352,CAMP_6ec8dcc3,Flash Bundle Blitz,2026-01-26,2026-03-03
353,CAMP_6ec8dcc3,Flash Bundle Blitz,2026-02-28,2026-04-04
354,CAMP_71790c70,Flash Bundle Blitz,2026-01-21,2026-03-11
355,CAMP_5ca4a2f6,Flash Bundle Blitz,2026-01-23,2026-02-08
356,CAMP_71790c70,Flash Bundle Blitz,2026-01-14,2026-03-05
357,CAMP_6ec8dcc3,Flash Bundle Blitz,2026-02-15,2026-04-12
358,CAMP_6ec8dcc3,Flash Bundle Blitz,2026-02-12,2026-03-02
359,CAMP_3a7188eb,Spring Data Boost,2026-03-06,2026-04-02
360,CAMP_568269e4,Loyalty Reward Drive,2026-02-28,2026-04-16
361,CAMP_71790c70,Flash Bundle Blitz,2026-02-25,2026-03-09
362,CAMP_71790c70,Flash Bundle Blitz,2026-02-20,2026-04-15
363,CAMP_568269e4,Loyalty Reward Drive,2026-02-12,2026-02-19
364,CAMP_5ca4a2f6,Flash Bundle Blitz,2026-01-10,2026-02-16
365,CAMP_71790c70,Flash Bundle Blitz,2026-01-31,2026-02-24
366,CAMP_71790c70,Flash Bundle Blitz,2026-02-17,2026-04-09
367,CAMP_6ec8dcc3,Flash Bundle Blitz,2026-01-27,2026-01-31
368,CAMP_3a7188eb,Spring Data Boost,2026-01-18,2026-03-19
369,CAMP_6ec8dcc3,Flash Bundle Blitz,2026-02-13,2026-04-05
370,CAMP_6ec8dcc3,Flash Bundle Blitz,2026-02-10,2026-03-13
371,CAMP_3a7188eb,Spring Data Boost,2026-01-16,2026-02-09
372,CAMP_5ca4a2f6,Flash Bundle Blitz,2026-01-24,2026-03-17
373,CAMP_5ca4a2f6,Flash Bundle Blitz,2026-03-08,2026-04-23
374,CAMP_6ec8dcc3,Flash Bundle Blitz,2026-01-23,2026-02-05
375,CAMP_71790c70,Flash Bundle Blitz,2026-01-18,2026-02-07
376,CAMP_568269e4,Loyalty Reward Drive,2026-02-07,2026-04-06
377,CAMP_71790c70,Flash Bundle Blitz,2026-02-21,2026-03-23
378,CAMP_71790c70,Flash Bundle Blitz,2026-01-27,2026-02-15
379,CAMP_71790c70,Flash Bundle Blitz,2026-02-09,2026-02-15
380,CAMP_3a7188eb,Spring Data Boost,2026-01-11,2026-02-08
381,CAMP_3a7188eb,Spring Data Boost,2026-02-27,2026-03-09
382,CAMP_6ec8dcc3,Flash Bundle Blitz,2026-02-02,2026-02-26
383,CAMP_6ec8dcc3,Flash Bundle Blitz,2026-01-24,2026-03-02
384,CAMP_5ca4a2f6,Flash Bundle Blitz,2026-01-24,2026-02-15
385,CAMP_3a7188eb,Spring Data Boost,2026-02-20,2026-03-14
386,CAMP_6ec8dcc3,Flash Bundle Blitz,2026-02-24,2026-04-24
387,CAMP_5ca4a2f6,Flash Bundle Blitz,2026-01-15,2026-03-02
388,CAMP_6ec8dcc3,Flash Bundle Blitz,2026-02-26,2026-03-12
389,CAMP_6ec8dcc3,Flash Bundle Blitz,2026-03-10,2026-04-16
390,CAMP_6ec8dcc3,Flash Bundle Blitz,2026-01-21,2026-03-13
391,CAMP_5ca4a2f6,Flash Bundle Blitz,2026-02-17,2026-03-20
392,CAMP_3a7188eb,Spring Data Boost,2026-01-20,2026-01-30
393,CAMP_3a7188eb,Spring Data Boost,2026-02-25,2026-04-13
394,CAMP_5ca4a2f6,Flash Bundle Blitz,2026-03-02,2026-04-27
395,CAMP_6ec8dcc3,Flash Bundle Blitz,2026-02-22,2026-04-04
396,CAMP_71790c70,Flash Bundle Blitz,2026-03-08,2026-04-13
397,CAMP_6ec8dcc3,Flash Bundle Blitz,2026-01-30,2026-02-02
398,CAMP_71790c70,Flash Bundle Blitz,2026-01-14,2026-02-24
399,CAMP_71790c70,Flash Bundle Blitz,2026-01-15,2026-02-24
400,CAMP_568269e4,Loyalty Reward Drive,2026-03-01,2026-03-09
401,CAMP_71790c70,Flash Bundle Blitz,2026-02-19,2026-02-20
402,CAMP_6ec8dcc3,Flash Bundle Blitz,2026-01-26,2026-02-12
403,CAMP_568269e4,Loyalty Reward Drive,2026-02-24,2026-03-03
404,CAMP_5ca4a2f6,Flash Bundle Blitz,2026-03-03,2026-03-11
405,CAMP_5ca4a2f6,Flash Bundle Blitz,2026-02-23,2026-03-09
406,CAMP_5ca4a2f6,Flash Bundle Blitz,2026-02-23,2026-03-18
407,CAMP_71790c70,Flash Bundle Blitz,2026-02-27,2026-04-04
408,CAMP_3a7188eb,Spring Data Boost,2026-02-28,2026-04-24
409,CAMP_6ec8dcc3,Flash Bundle Blitz,2026-02-21,2026-03-23
410,CAMP_71790c70,Flash Bundle Blitz,2026-01-20,2026-01-29
411,CAMP_3a7188eb,Spring Data Boost,2026-03-04,2026-03-14
412,CAMP_568269e4,Loyalty Reward Drive,2026-01-17,2026-02-17
413,CAMP_6ec8dcc3,Flash Bundle Blitz,2026-01-17,2026-01-31
414,CAMP_6ec8dcc3,Flash Bundle Blitz,2026-02-11,2026-03-20
415,CAMP_5ca4a2f6,Flash Bundle Blitz,2026-01-23,2026-01-30
416,CAMP_568269e4,Loyalty Reward Drive,2026-02-12,2026-02-26
417,CAMP_71790c70,Flash Bundle Blitz,2026-02-06,2026-03-26
418,CAMP_6ec8dcc3,Flash Bundle Blitz,2026-02-21,2026-02-28
419,CAMP_6ec8dcc3,Flash Bundle Blitz,2026-02-04,2026-03-29
420,CAMP_3a7188eb,Spring Data Boost,2026-02-27,2026-03-19
421,CAMP_6ec8dcc3,Flash Bundle Blitz,2026-01-18,2026-03-05
422,CAMP_3a7188eb,Spring Data Boost,2026-03-04,2026-03-29
423,CAMP_71790c70,Flash Bundle Blitz,2026-01-19,2026-01-20
424,CAMP_6ec8dcc3,Flash Bundle Blitz,2026-02-06,2026-02-14
425,CAMP_71790c70,Flash Bundle Blitz,2026-02-27,2026-03-12
426,CAMP_568269e4,Loyalty Reward Drive,2026-03-10,2026-03-16
427,CAMP_6ec8dcc3,Flash Bundle Blitz,2026-02-06,2026-03-06
428,CAMP_5ca4a2f6,Flash Bundle Blitz,2026-01-18,2026-01-21
429,CAMP_6ec8dcc3,Flash Bundle Blitz,2026-03-09,2026-04-14
430,CAMP_5ca4a2f6,Flash Bundle Blitz,2026-02-10,2026-03-11
431,CAMP_568269e4,Loyalty Reward Drive,2026-02-20,2026-04-21
432,CAMP_71790c70,Flash Bundle Blitz,2026-03-03,2026-03-19
433,CAMP_5ca4a2f6,Flash Bundle Blitz,2026-01-16,2026-01-17
434,CAMP_71790c70,Flash Bundle Blitz,2026-02-12,2026-03-04
435,CAMP_568269e4,Loyalty Reward Drive,2026-03-10,2026-04-08
436,CAMP_568269e4,Loyalty Reward Drive,2026-03-05,2026-04-14
437,CAMP_568269e4,Loyalty Reward Drive,2026-02-28,2026-04-16
438,CAMP_3a7188eb,Spring Data Boost,2026-01-29,2026-02-16
439,CAMP_568269e4,Loyalty Reward Drive,2026-01-26,2026-02-18
440,CAMP_5ca4a2f6,Flash Bundle Blitz,2026-03-01,2026-03-22
441,CAMP_71790c70,Flash Bundle Blitz,2026-02-05,2026-03-20
442,CAMP_5ca4a2f6,Flash Bundle Blitz,2026-01-26,2026-03-01
443,CAMP_5ca4a2f6,Flash Bundle Blitz,2026-01-24,2026-02-03
444,CAMP_6ec8dcc3,Flash Bundle Blitz,2026-03-04,2026-03-28
445,CAMP_568269e4,Loyalty Reward Drive,2026-02-12,2026-03-16
446,CAMP_71790c70,Flash Bundle Blitz,2026-02-07,2026-03-13
447,CAMP_71790c70,Flash Bundle Blitz,2026-02-21,2026-03-18
448,CAMP_71790c70,Flash Bundle Blitz,2026-02-15,2026-03-02
449,CAMP_568269e4,Loyalty Reward Drive,2026-03-01,2026-04-06
450,CAMP_568269e4,Loyalty Reward Drive,2026-01-11,2026-01-29
451,CAMP_568269e4,Loyalty Reward Drive,2026-02-20,2026-03-06
452,CAMP_568269e4,Loyalty Reward Drive,2026-02-21,2026-03-23
453,CAMP_5ca4a2f6,Flash Bundle Blitz,2026-01-29,2026-02-16
454,CAMP_71790c70,Flash Bundle Blitz,2026-01-31,2026-03-26
455,CAMP_6ec8dcc3,Flash Bundle Blitz,2026-03-07,2026-03-31
456,CAMP_5ca4a2f6,Flash Bundle Blitz,2026-02-26,2026-02-28
457,CAMP_568269e4,Loyalty Reward Drive,2026-01-17,2026-02-07
458,CAMP_6ec8dcc3,Flash Bundle Blitz,2026-02-04,2026-02-21
459,CAMP_568269e4,Loyalty Reward Drive,2026-01-12,2026-03-09
460,CAMP_6ec8dcc3,Flash Bundle Blitz,2026-02-09,2026-03-19
461,CAMP_71790c70,Flash Bundle Blitz,2026-02-27,2026-03-16
462,CAMP_3a7188eb,Spring Data Boost,2026-01-10,2026-02-10
463,CAMP_6ec8dcc3,Flash Bundle Blitz,2026-02-15,2026-02-20
464,CAMP_3a7188eb,Spring Data Boost,2026-02-15,2026-02-24
465,CAMP_3a7188eb,Spring Data Boost,2026-02-12,2026-03-10
466,CAMP_3a7188eb,Spring Data Boost,2026-03-06,2026-04-20
467,CAMP_71790c70,Flash Bundle Blitz,2026-02-06,2026-03-25
468,CAMP_71790c70,Flash Bundle Blitz,2026-02-21,2026-04-15
469,CAMP_71790c70,Flash Bundle Blitz,2026-02-21,2026-03-18
470,CAMP_568269e4,Loyalty Reward Drive,2026-03-03,2026-04-16
471,CAMP_6ec8dcc3,Flash Bundle Blitz,2026-01-10,2026-01-28
472,CAMP_3a7188eb,Spring Data Boost,2026-01-10,2026-02-06
473,CAMP_3a7188eb,Spring Data Boost,2026-01-23,2026-03-08
474,CAMP_6ec8dcc3,Flash Bundle Blitz,2026-03-08,2026-05-03
475,CAMP_5ca4a2f6,Flash Bundle Blitz,2026-01-30,2026-02-20
476,CAMP_71790c70,Flash Bundle Blitz,2026-03-07,2026-04-19
477,CAMP_71790c70,Flash Bundle Blitz,2026-02-14,2026-03-05
478,CAMP_3a7188eb,Spring Data Boost,2026-02-24,2026-03-04
479,CAMP_71790c70,Flash Bundle Blitz,2026-02-21,2026-03-03
480,CAMP_71790c70,Flash Bundle Blitz,2026-01-13,2026-02-27
481,CAMP_3a7188eb,Spring Data Boost,2026-02-15,2026-03-11
482,CAMP_6ec8dcc3,Flash Bundle Blitz,2026-01-26,2026-02-05
483,CAMP_71790c70,Flash Bundle Blitz,2026-01-28,2026-03-06
484,CAMP_71790c70,Flash Bundle Blitz,2026-01-24,2026-03-01
485,CAMP_3a7188eb,Spring Data Boost,2026-02-28,2026-04-16
486,CAMP_5ca4a2f6,Flash Bundle Blitz,2026-02-22,2026-04-21
487,CAMP_568269e4,Loyalty Reward Drive,2026-01-25,2026-02-05
488,CAMP_568269e4,Loyalty Reward Drive,2026-02-21,2026-03-18
489,CAMP_6ec8dcc3,Flash Bundle Blitz,2026-02-22,2026-02-26
490,CAMP_5ca4a2f6,Flash Bundle Blitz,2026-02-22,2026-03-11
491,CAMP_3a7188eb,Spring Data Boost,2026-02-21,2026-04-16
492,CAMP_6ec8dcc3,Flash Bundle Blitz,2026-01-21,2026-02-16
493,CAMP_3a7188eb,Spring Data Boost,2026-01-21,2026-03-04
494,CAMP_3a7188eb,Spring Data Boost,2026-01-29,2026-02-07
495,CAMP_6ec8dcc3,Flash Bundle Blitz,2026-03-06,2026-04-17
496,CAMP_6ec8dcc3,Flash Bundle Blitz,2026-02-11,2026-04-12
497,CAMP_568269e4,Loyalty Reward Drive,2026-03-09,2026-04-08
498,CAMP_3a7188eb,Spring Data Boost,2026-02-04,2026-03-14
499,CAMP_3a7188eb,Spring Data Boost,2026-01-10,2026-01-28
500,CAMP_71790c70,Flash Bundle Blitz,2026-01-19,2026-01-28
501,CAMP_71790c70,Flash Bundle Blitz,2026-02-18,2026-03-27
502,CAMP_3a7188eb,Spring Data Boost,2026-02-23,2026-03-12
503,CAMP_6ec8dcc3,Flash Bundle Blitz,2026-03-08,2026-03-19
504,CAMP_6ec8dcc3,Flash Bundle Blitz,2026-01-17,2026-02-24
505,CAMP_71790c70,Flash Bundle Blitz,2026-03-08,2026-03-22
506,CAMP_3a7188eb,Spring Data Boost,2026-01-30,2026-02-06
507,CAMP_3a7188eb,Spring Data Boost,2026-03-02,2026-03-26
508,CAMP_6ec8dcc3,Flash Bundle Blitz,2026-01-21,2026-02-28
509,CAMP_5ca4a2f6,Flash Bundle Blitz,2026-02-20,2026-04-12
510,CAMP_5ca4a2f6,Flash Bundle Blitz,2026-01-18,2026-01-30
511,CAMP_71790c70,Flash Bundle Blitz,2026-02-08,2026-03-05
512,CAMP_3a7188eb,Spring Data Boost,2026-01-25,2026-01-28
513,CAMP_5ca4a2f6,Flash Bundle Blitz,2026-02-13,2026-03-25
514,CAMP_6ec8dcc3,Flash Bundle Blitz,2026-01-15,2026-03-09
515,CAMP_3a7188eb,Spring Data Boost,2026-02-12,2026-02-28
516,CAMP_5ca4a2f6,Flash Bundle Blitz,2026-01-23,2026-03-06
517,CAMP_71790c70,Flash Bundle Blitz,2026-02-12,2026-04-10
518,CAMP_6ec8dcc3,Flash Bundle Blitz,2026-01-10,2026-01-26
519,CAMP_71790c70,Flash Bundle Blitz,2026-01-29,2026-03-02
520,CAMP_5ca4a2f6,Flash Bundle Blitz,2026-01-26,2026-01-27
521,CAMP_568269e4,Loyalty Reward Drive,2026-02-27,2026-03-26
522,CAMP_3a7188eb,Spring Data Boost,2026-03-10,2026-05-03
523,CAMP_6ec8dcc3,Flash Bundle Blitz,2026-02-25,2026-02-27
524,CAMP_5ca4a2f6,Flash Bundle Blitz,2026-01-11,2026-02-12
525,CAMP_6ec8dcc3,Flash Bundle Blitz,2026-01-30,2026-02-06
526,CAMP_3a7188eb,Spring Data Boost,2026-02-15,2026-03-01
527,CAMP_3a7188eb,Spring Data Boost,2026-01-23,2026-03-18
528,CAMP_5ca4a2f6,Flash Bundle Blitz,2026-02-09,2026-04-04
529,CAMP_6ec8dcc3,Flash Bundle Blitz,2026-02-19,2026-03-14
530,CAMP_3a7188eb,Spring Data Boost,2026-02-25,2026-04-08
531,CAMP_71790c70,Flash Bundle Blitz,2026-02-02,2026-02-24
532,CAMP_5ca4a2f6,Flash Bundle Blitz,2026-01-31,2026-02-11
533,CAMP_568269e4,Loyalty Reward Drive,2026-02-20,2026-03-10
534,CAMP_3a7188eb,Spring Data Boost,2026-03-05,2026-04-21
535,CAMP_5ca4a2f6,Flash Bundle Blitz,2026-01-23,2026-03-14
536,CAMP_6ec8dcc3,Flash Bundle Blitz,2026-02-22,2026-04-18
537,CAMP_568269e4,Loyalty Reward Drive,2026-02-26,2026-04-21
538,CAMP_5ca4a2f6,Flash Bundle Blitz,2026-01-21,2026-01-31
539,CAMP_5ca4a2f6,Flash Bundle Blitz,2026-01-27,2026-01-30
540,CAMP_71790c70,Flash Bundle Blitz,2026-02-18,2026-03-01
541,CAMP_6ec8dcc3,Flash Bundle Blitz,2026-01-16,2026-01-18
542,CAMP_5ca4a2f6,Flash Bundle Blitz,2026-02-04,2026-03-24
543,CAMP_5ca4a2f6,Flash Bundle Blitz,2026-02-20,2026-03-21
544,CAMP_3a7188eb,Spring Data Boost,2026-02-07,2026-03-25
545,CAMP_568269e4,Loyalty Reward Drive,2026-03-05,2026-03-27
546,CAMP_568269e4,Loyalty Reward Drive,2026-01-19,2026-03-19
547,CAMP_71790c70,Flash Bundle Blitz,2026-02-13,2026-04-10
548,CAMP_568269e4,Loyalty Reward Drive,2026-03-05,2026-03-07
549,CAMP_71790c70,Flash Bundle Blitz,2026-03-03,2026-03-21
550,CAMP_568269e4,Loyalty Reward Drive,2026-01-31,2026-03-30
551,CAMP_71790c70,Flash Bundle Blitz,2026-03-03,2026-04-29
552,CAMP_71790c70,Flash Bundle Blitz,2026-03-02,2026-04-17
553,CAMP_6ec8dcc3,Flash Bundle Blitz,2026-01-29,2026-02-11
554,CAMP_568269e4,Loyalty Reward Drive,2026-01-26,2026-02-25
555,CAMP_71790c70,Flash Bundle Blitz,2026-01-24,2026-03-17
556,CAMP_71790c70,Flash Bundle Blitz,2026-01-19,2026-01-25
557,CAMP_6ec8dcc3,Flash Bundle Blitz,2026-02-27,2026-03-20
558,CAMP_5ca4a2f6,Flash Bundle Blitz,2026-02-28,2026-04-20
559,CAMP_5ca4a2f6,Flash Bundle Blitz,2026-02-20,2026-04-12
560,CAMP_6ec8dcc3,Flash Bundle Blitz,2026-01-15,2026-02-21
561,CAMP_568269e4,Loyalty Reward Drive,2026-02-10,2026-03-18
562,CAMP_6ec8dcc3,Flash Bundle Blitz,2026-02-10,2026-03-18
563,CAMP_5ca4a2f6,Flash Bundle Blitz,2026-02-23,2026-03-14
564,CAMP_71790c70,Flash Bundle Blitz,2026-03-03,2026-04-22
565,CAMP_71790c70,Flash Bundle Blitz,2026-02-26,2026-03-27
566,CAMP_3a7188eb,Spring Data Boost,2026-02-12,2026-03-20
567,CAMP_6ec8dcc3,Flash Bundle Blitz,2026-02-26,2026-03-28
568,CAMP_5ca4a2f6,Flash Bundle Blitz,2026-02-14,2026-02-28
569,CAMP_568269e4,Loyalty Reward Drive,2026-01-17,2026-03-11
570,CAMP_71790c70,Flash Bundle Blitz,2026-02-19,2026-03-02
571,CAMP_568269e4,Loyalty Reward Drive,2026-02-09,2026-03-01
572,CAMP_3a7188eb,Spring Data Boost,2026-02-09,2026-03-26
573,CAMP_568269e4,Loyalty Reward Drive,2026-01-19,2026-02-12
574,CAMP_568269e4,Loyalty Reward Drive,2026-03-05,2026-04-17
575,CAMP_5ca4a2f6,Flash Bundle Blitz,2026-02-07,2026-03-23
576,CAMP_568269e4,Loyalty Reward Drive,2026-03-01,2026-04-29
577,CAMP_3a7188eb,Spring Data Boost,2026-02-28,2026-03-30
578,CAMP_568269e4,Loyalty Reward Drive,2026-02-22,2026-03-26
579,CAMP_71790c70,Flash Bundle Blitz,2026-02-28,2026-03-31
580,CAMP_3a7188eb,Spring Data Boost,2026-02-17,2026-04-04
581,CAMP_6ec8dcc3,Flash Bundle Blitz,2026-01-19,2026-03-06
582,CAMP_6ec8dcc3,Flash Bundle Blitz,2026-01-09,2026-03-03
583,CAMP_6ec8dcc3,Flash Bundle Blitz,2026-02-08,2026-04-01
584,CAMP_5ca4a2f6,Flash Bundle Blitz,2026-02-25,2026-03-25
585,CAMP_5ca4a2f6,Flash Bundle Blitz,2026-02-26,2026-03-10
586,CAMP_71790c70,Flash Bundle Blitz,2026-01-10,2026-03-11
587,CAMP_568269e4,Loyalty Reward Drive,2026-03-08,2026-03-11
588,CAMP_71790c70,Flash Bundle Blitz,2026-01-30,2026-02-25
589,CAMP_6ec8dcc3,Flash Bundle Blitz,2026-01-10,2026-02-07
590,CAMP_5ca4a2f6,Flash Bundle Blitz,2026-01-22,2026-03-16
591,CAMP_568269e4,Loyalty Reward Drive,2026-01-29,2026-02-19
592,CAMP_568269e4,Loyalty Reward Drive,2026-01-13,2026-02-26
593,CAMP_5ca4a2f6,Flash Bundle Blitz,2026-02-22,2026-04-15
594,CAMP_6ec8dcc3,Flash Bundle Blitz,2026-01-15,2026-02-05
595,CAMP_5ca4a2f6,Flash Bundle Blitz,2026-01-19,2026-02-01
596,CAMP_71790c70,Flash Bundle Blitz,2026-01-30,2026-03-17
597,CAMP_568269e4,Loyalty Reward Drive,2026-02-08,2026-02-09
598,CAMP_71790c70,Flash Bundle Blitz,2026-01-31,2026-02-28
599,CAMP_3a7188eb,Spring Data Boost,2026-01-18,2026-02-15
600,CAMP_6ec8dcc3,Flash Bundle Blitz,2026-02-18,2026-03-20
601,CAMP_6ec8dcc3,Flash Bundle Blitz,2026-01-09,2026-01-29
602,CAMP_568269e4,Loyalty Reward Drive,2026-01-28,2026-02-13
603,CAMP_3a7188eb,Spring Data Boost,2026-02-20,2026-03-13
604,CAMP_5ca4a2f6,Flash Bundle Blitz,2026-03-02,2026-04-07
605,CAMP_568269e4,Loyalty Reward Drive,2026-02-27,2026-03-01
606,CAMP_71790c70,Flash Bundle Blitz,2026-02-12,2026-03-09
607,CAMP_568269e4,Loyalty Reward Drive,2026-02-19,2026-03-12
608,CAMP_71790c70,Flash Bundle Blitz,2026-03-07,2026-04-26
609,CAMP_71790c70,Flash Bundle Blitz,2026-02-08,2026-03-05
610,CAMP_568269e4,Loyalty Reward Drive,2026-01-15,2026-01-18
611,CAMP_568269e4,Loyalty Reward Drive,2026-02-14,2026-03-10
612,CAMP_6ec8dcc3,Flash Bundle Blitz,2026-02-05,2026-02-20
613,CAMP_3a7188eb,Spring Data Boost,2026-01-17,2026-03-17
614,CAMP_3a7188eb,Spring Data Boost,2026-02-25,2026-03-21
615,CAMP_3a7188eb,Spring Data Boost,2026-02-16,2026-03-28
616,CAMP_71790c70,Flash Bundle Blitz,2026-01-09,2026-03-03
617,CAMP_5ca4a2f6,Flash Bundle Blitz,2026-01-11,2026-03-08
618,CAMP_3a7188eb,Spring Data Boost,2026-02-23,2026-03-17
619,CAMP_71790c70,Flash Bundle Blitz,2026-02-07,2026-04-03
620,CAMP_3a7188eb,Spring Data Boost,2026-03-08,2026-05-03
621,CAMP_71790c70,Flash Bundle Blitz,2026-01-27,2026-02-22
622,CAMP_5ca4a2f6,Flash Bundle Blitz,2026-02-01,2026-02-05
623,CAMP_71790c70,Flash Bundle Blitz,2026-02-12,2026-04-02
624,CAMP_71790c70,Flash Bundle Blitz,2026-03-09,2026-04-09
625,CAMP_568269e4,Loyalty Reward Drive,2026-01-20,2026-03-12
626,CAMP_6ec8dcc3,Flash Bundle Blitz,2026-02-03,2026-03-27
627,CAMP_3a7188eb,Spring Data Boost,2026-01-30,2026-02-26
628,CAMP_5ca4a2f6,Flash Bundle Blitz,2026-01-22,2026-02-23
629,CAMP_3a7188eb,Spring Data Boost,2026-02-13,2026-03-14
630,CAMP_5ca4a2f6,Flash Bundle Blitz,2026-03-02,2026-03-18
631,CAMP_568269e4,Loyalty Reward Drive,2026-01-23,2026-02-03
632,CAMP_3a7188eb,Spring Data Boost,2026-02-20,2026-02-28
633,CAMP_568269e4,Loyalty Reward Drive,2026-02-23,2026-04-05
634,CAMP_3a7188eb,Spring Data Boost,2026-03-02,2026-04-27
635,CAMP_3a7188eb,Spring Data Boost,2026-03-01,2026-04-25
636,CAMP_6ec8dcc3,Flash Bundle Blitz,2026-02-09,2026-02-20
637,CAMP_568269e4,Loyalty Reward Drive,2026-02-14,2026-03-06
638,CAMP_71790c70,Flash Bundle Blitz,2026-03-04,2026-03-30
639,CAMP_3a7188eb,Spring Data Boost,2026-02-11,2026-02-28
640,CAMP_6ec8dcc3,Flash Bundle Blitz,2026-02-24,2026-04-05
641,CAMP_5ca4a2f6,Flash Bundle Blitz,2026-01-28,2026-03-27
642,CAMP_71790c70,Flash Bundle Blitz,2026-01-16,2026-02-27
643,CAMP_71790c70,Flash Bundle Blitz,2026-01-28,2026-03-07
644,CAMP_5ca4a2f6,Flash Bundle Blitz,2026-03-02,2026-04-18
645,CAMP_3a7188eb,Spring Data Boost,2026-02-25,2026-03-02
646,CAMP_6ec8dcc3,Flash Bundle Blitz,2026-02-05,2026-03-30
647,CAMP_5ca4a2f6,Flash Bundle Blitz,2026-01-17,2026-02-24
648,CAMP_5ca4a2f6,Flash Bundle Blitz,2026-02-19,2026-04-09
649,CAMP_3a7188eb,Spring Data Boost,2026-02-26,2026-04-21
650,CAMP_3a7188eb,Spring Data Boost,2026-01-21,2026-02-17
651,CAMP_71790c70,Flash Bundle Blitz,2026-02-07,2026-03-28
652,CAMP_568269e4,Loyalty Reward Drive,2026-03-10,2026-04-24
653,CAMP_5ca4a2f6,Flash Bundle Blitz,2026-01-25,2026-02-01
654,CAMP_3a7188eb,Spring Data Boost,2026-02-07,2026-04-02
655,CAMP_568269e4,Loyalty Reward Drive,2026-02-08,2026-02-11
656,CAMP_5ca4a2f6,Flash Bundle Blitz,2026-02-03,2026-02-22
657,CAMP_3a7188eb,Spring Data Boost,2026-01-13,2026-03-12
658,CAMP_6ec8dcc3,Flash Bundle Blitz,2026-02-16,2026-03-01
659,CAMP_6ec8dcc3,Flash Bundle Blitz,2026-02-09,2026-02-19
660,CAMP_71790c70,Flash Bundle Blitz,2026-03-02,2026-04-22
661,CAMP_5ca4a2f6,Flash Bundle Blitz,2026-02-22,2026-04-07
662,CAMP_3a7188eb,Spring Data Boost,2026-02-02,2026-02-13
663,CAMP_5ca4a2f6,Flash Bundle Blitz,2026-02-05,2026-03-27
664,CAMP_71790c70,Flash Bundle Blitz,2026-02-24,2026-04-04
665,CAMP_5ca4a2f6,Flash Bundle Blitz,2026-02-21,2026-03-25
666,CAMP_71790c70,Flash Bundle Blitz,2026-02-01,2026-03-21
667,CAMP_6ec8dcc3,Flash Bundle Blitz,2026-01-15,2026-02-07
668,CAMP_3a7188eb,Spring Data Boost,2026-02-07,2026-03-06
669,CAMP_3a7188eb,Spring Data Boost,2026-02-05,2026-02-06
670,CAMP_5ca4a2f6,Flash Bundle Blitz,2026-03-01,2026-03-24
671,CAMP_6ec8dcc3,Flash Bundle Blitz,2026-02-25,2026-04-20
672,CAMP_71790c70,Flash Bundle Blitz,2026-02-14,2026-04-10
673,CAMP_568269e4,Loyalty Reward Drive,2026-03-02,2026-03-14
674,CAMP_3a7188eb,Spring Data Boost,2026-01-21,2026-03-07
675,CAMP_5ca4a2f6,Flash Bundle Blitz,2026-03-01,2026-03-27
676,CAMP_568269e4,Loyalty Reward Drive,2026-02-02,2026-02-28
677,CAMP_71790c70,Flash Bundle Blitz,2026-02-07,2026-03-10
678,CAMP_3a7188eb,Spring Data Boost,2026-02-21,2026-04-14
679,CAMP_568269e4,Loyalty Reward Drive,2026-02-23,2026-03-17
680,CAMP_5ca4a2f6,Flash Bundle Blitz,2026-01-29,2026-03-04
681,CAMP_568269e4,Loyalty Reward Drive,2026-02-21,2026-03-02
682,CAMP_6ec8dcc3,Flash Bundle Blitz,2026-03-08,2026-04-28
683,CAMP_5ca4a2f6,Flash Bundle Blitz,2026-01-09,2026-01-12
684,CAMP_568269e4,Loyalty Reward Drive,2026-02-17,2026-04-01
685,CAMP_71790c70,Flash Bundle Blitz,2026-01-13,2026-02-12
686,CAMP_568269e4,Loyalty Reward Drive,2026-02-15,2026-03-16
687,CAMP_3a7188eb,Spring Data Boost,2026-01-17,2026-03-10
688,CAMP_71790c70,Flash Bundle Blitz,2026-02-27,2026-04-01
689,CAMP_71790c70,Flash Bundle Blitz,2026-03-07,2026-03-10
690,CAMP_5ca4a2f6,Flash Bundle Blitz,2026-01-24,2026-03-18
691,CAMP_5ca4a2f6,Flash Bundle Blitz,2026-02-13,2026-04-04
692,CAMP_6ec8dcc3,Flash Bundle Blitz,2026-02-10,2026-03-16
693,CAMP_71790c70,Flash Bundle Blitz,2026-02-13,2026-02-14
694,CAMP_5ca4a2f6,Flash Bundle Blitz,2026-02-18,2026-04-17
695,CAMP_71790c70,Flash Bundle Blitz,2026-02-26,2026-03-10
696,CAMP_568269e4,Loyalty Reward Drive,2026-02-24,2026-04-01
697,CAMP_71790c70,Flash Bundle Blitz,2026-01-30,2026-03-30
698,CAMP_568269e4,Loyalty Reward Drive,2026-01-22,2026-02-04
699,CAMP_6ec8dcc3,Flash Bundle Blitz,2026-02-23,2026-03-24
700,CAMP_71790c70,Flash Bundle Blitz,2026-01-31,2026-03-11
701,CAMP_568269e4,Loyalty Reward Drive,2026-01-21,2026-03-04
702,CAMP_568269e4,Loyalty Reward Drive,2026-01-11,2026-02-27
703,CAMP_71790c70,Flash Bundle Blitz,2026-01-12,2026-01-25
704,CAMP_71790c70,Flash Bundle Blitz,2026-02-21,2026-03-02
705,CAMP_568269e4,Loyalty Reward Drive,2026-02-09,2026-02-14
706,CAMP_6ec8dcc3,Flash Bundle Blitz,2026-03-01,2026-04-19
707,CAMP_6ec8dcc3,Flash Bundle Blitz,2026-01-09,2026-01-15
708,CAMP_6ec8dcc3,Flash Bundle Blitz,2026-01-20,2026-03-08
709,CAMP_568269e4,Loyalty Reward Drive,2026-02-17,2026-03-18
710,CAMP_71790c70,Flash Bundle Blitz,2026-03-04,2026-04-09
711,CAMP_6ec8dcc3,Flash Bundle Blitz,2026-02-01,2026-03-23
712,CAMP_6ec8dcc3,Flash Bundle Blitz,2026-02-03,2026-02-04
713,CAMP_5ca4a2f6,Flash Bundle Blitz,2026-02-28,2026-03-05
714,CAMP_5ca4a2f6,Flash Bundle Blitz,2026-02-15,2026-04-14
715,CAMP_6ec8dcc3,Flash Bundle Blitz,2026-02-06,2026-02-16
716,CAMP_6ec8dcc3,Flash Bundle Blitz,2026-02-27,2026-03-23
717,CAMP_6ec8dcc3,Flash Bundle Blitz,2026-02-20,2026-02-21
718,CAMP_6ec8dcc3,Flash Bundle Blitz,2026-01-19,2026-02-16
719,CAMP_5ca4a2f6,Flash Bundle Blitz,2026-01-15,2026-02-01
720,CAMP_6ec8dcc3,Flash Bundle Blitz,2026-02-13,2026-03-07
721,CAMP_6ec8dcc3,Flash Bundle Blitz,2026-02-18,2026-03-24
722,CAMP_5ca4a2f6,Flash Bundle Blitz,2026-02-20,2026-04-02
723,CAMP_5ca4a2f6,Flash Bundle Blitz,2026-01-20,2026-02-22
724,CAMP_3a7188eb,Spring Data Boost,2026-01-17,2026-03-10
725,CAMP_568269e4,Loyalty Reward Drive,2026-02-26,2026-03-26
726,CAMP_71790c70,Flash Bundle Blitz,2026-03-04,2026-05-03
727,CAMP_5ca4a2f6,Flash Bundle Blitz,2026-02-26,2026-04-06
728,CAMP_568269e4,Loyalty Reward Drive,2026-01-31,2026-02-24
729,CAMP_71790c70,Flash Bundle Blitz,2026-03-01,2026-04-08
730,CAMP_568269e4,Loyalty Reward Drive,2026-02-23,2026-02-24
731,CAMP_5ca4a2f6,Flash Bundle Blitz,2026-02-11,2026-03-27
732,CAMP_3a7188eb,Spring Data Boost,2026-02-26,2026-03-27
733,CAMP_71790c70,Flash Bundle Blitz,2026-01-31,2026-03-27
734,CAMP_6ec8dcc3,Flash Bundle Blitz,2026-01-17,2026-02-13
735,CAMP_6ec8dcc3,Flash Bundle Blitz,2026-03-10,2026-04-22
736,CAMP_5ca4a2f6,Flash Bundle Blitz,2026-02-27,2026-03-13
737,CAMP_568269e4,Loyalty Reward Drive,2026-02-01,2026-03-11
738,CAMP_6ec8dcc3,Flash Bundle Blitz,2026-03-03,2026-04-23
739,CAMP_3a7188eb,Spring Data Boost,2026-03-02,2026-03-28
740,CAMP_3a7188eb,Spring Data Boost,2026-01-11,2026-01-17
741,CAMP_568269e4,Loyalty Reward Drive,2026-02-25,2026-04-10
742,CAMP_6ec8dcc3,Flash Bundle Blitz,2026-01-09,2026-02-03
743,CAMP_5ca4a2f6,Flash Bundle Blitz,2026-02-12,2026-03-26
744,CAMP_5ca4a2f6,Flash Bundle Blitz,2026-02-08,2026-02-09
745,CAMP_3a7188eb,Spring Data Boost,2026-02-01,2026-03-15
746,CAMP_71790c70,Flash Bundle Blitz,2026-03-08,2026-04-06
747,CAMP_568269e4,Loyalty Reward Drive,2026-02-15,2026-03-30
748,CAMP_568269e4,Loyalty Reward Drive,2026-02-10,2026-03-07
749,CAMP_5ca4a2f6,Flash Bundle Blitz,2026-01-27,2026-02-12
750,CAMP_5ca4a2f6,Flash Bundle Blitz,2026-03-04,2026-03-11
751,CAMP_3a7188eb,Spring Data Boost,2026-02-18,2026-03-08
752,CAMP_71790c70,Flash Bundle Blitz,2026-02-13,2026-03-12
753,CAMP_5ca4a2f6,Flash Bundle Blitz,2026-01-09,2026-02-12
754,CAMP_6ec8dcc3,Flash Bundle Blitz,2026-03-06,2026-04-09
755,CAMP_6ec8dcc3,Flash Bundle Blitz,2026-02-15,2026-02-27
756,CAMP_5ca4a2f6,Flash Bundle Blitz,2026-03-05,2026-04-17
757,CAMP_71790c70,Flash Bundle Blitz,2026-01-12,2026-02-01
758,CAMP_6ec8dcc3,Flash Bundle Blitz,2026-03-05,2026-04-29
759,CAMP_6ec8dcc3,Flash Bundle Blitz,2026-03-10,2026-03-21
760,CAMP_71790c70,Flash Bundle Blitz,2026-01-29,2026-02-19
761,CAMP_5ca4a2f6,Flash Bundle Blitz,2026-01-20,2026-02-20
762,CAMP_568269e4,Loyalty Reward Drive,2026-02-01,2026-02-24
763,CAMP_6ec8dcc3,Flash Bundle Blitz,2026-02-26,2026-03-24
764,CAMP_71790c70,Flash Bundle Blitz,2026-01-25,2026-03-16
765,CAMP_3a7188eb,Spring Data Boost,2026-01-25,2026-03-20
766,CAMP_3a7188eb,Spring Data Boost,2026-03-06,2026-03-12
767,CAMP_5ca4a2f6,Flash Bundle Blitz,2026-01-13,2026-02-10
768,CAMP_5ca4a2f6,Flash Bundle Blitz,2026-01-09,2026-03-04
769,CAMP_6ec8dcc3,Flash Bundle Blitz,2026-02-21,2026-03-04
770,CAMP_568269e4,Loyalty Reward Drive,2026-03-03,2026-04-29
771,CAMP_6ec8dcc3,Flash Bundle Blitz,2026-02-18,2026-03-16
772,CAMP_3a7188eb,Spring Data Boost,2026-02-19,2026-04-18
773,CAMP_5ca4a2f6,Flash Bundle Blitz,2026-03-10,2026-03-22
774,CAMP_3a7188eb,Spring Data Boost,2026-01-12,2026-02-20
775,CAMP_6ec8dcc3,Flash Bundle Blitz,2026-01-09,2026-01-29
776,CAMP_3a7188eb,Spring Data Boost,2026-01-31,2026-03-03
777,CAMP_5ca4a2f6,Flash Bundle Blitz,2026-01-11,2026-02-17
778,CAMP_568269e4,Loyalty Reward Drive,2026-02-02,2026-02-07
779,CAMP_3a7188eb,Spring Data Boost,2026-02-25,2026-04-13
780,CAMP_3a7188eb,Spring Data Boost,2026-01-31,2026-03-08
781,CAMP_5ca4a2f6,Flash Bundle Blitz,2026-02-25,2026-04-03
782,CAMP_3a7188eb,Spring Data Boost,2026-01-24,2026-03-18
783,CAMP_568269e4,Loyalty Reward Drive,2026-02-09,2026-03-04
784,CAMP_5ca4a2f6,Flash Bundle Blitz,2026-02-15,2026-03-28
785,CAMP_71790c70,Flash Bundle Blitz,2026-01-28,2026-03-07
786,CAMP_3a7188eb,Spring Data Boost,2026-02-11,2026-03-26
787,CAMP_6ec8dcc3,Flash Bundle Blitz,2026-01-26,2026-03-11
788,CAMP_71790c70,Flash Bundle Blitz,2026-01-16,2026-03-16
789,CAMP_3a7188eb,Spring Data Boost,2026-02-25,2026-04-20
790,CAMP_6ec8dcc3,Flash Bundle Blitz,2026-01-15,2026-03-11
791,CAMP_6ec8dcc3,Flash Bundle Blitz,2026-02-13,2026-03-03
792,CAMP_3a7188eb,Spring Data Boost,2026-01-09,2026-02-03
793,CAMP_71790c70,Flash Bundle Blitz,2026-02-13,2026-03-21
794,CAMP_568269e4,Loyalty Reward Drive,2026-01-19,2026-01-23
795,CAMP_568269e4,Loyalty Reward Drive,2026-02-01,2026-03-20
796,CAMP_3a7188eb,Spring Data Boost,2026-01-24,2026-03-20
797,CAMP_71790c70,Flash Bundle Blitz,2026-02-19,2026-03-22
798,CAMP_6ec8dcc3,Flash Bundle Blitz,2026-02-02,2026-02-19
799,CAMP_568269e4,Loyalty Reward Drive,2026-01-09,2026-03-04
800,CAMP_6ec8dcc3,Flash Bundle Blitz,2026-02-16,2026-02-24
801,CAMP_6ec8dcc3,Flash Bundle Blitz,2026-02-21,2026-02-22
802,CAMP_5ca4a2f6,Flash Bundle Blitz,2026-02-27,2026-04-07
803,CAMP_3a7188eb,Spring Data Boost,2026-02-27,2026-04-03
804,CAMP_71790c70,Flash Bundle Blitz,2026-02-07,2026-02-28
805,CAMP_568269e4,Loyalty Reward Drive,2026-02-08,2026-04-09
806,CAMP_6ec8dcc3,Flash Bundle Blitz,2026-02-17,2026-03-17
807,CAMP_568269e4,Loyalty Reward Drive,2026-02-17,2026-03-16
808,CAMP_3a7188eb,Spring Data Boost,2026-02-14,2026-03-20
809,CAMP_5ca4a2f6,Flash Bundle Blitz,2026-01-12,2026-01-15
810,CAMP_3a7188eb,Spring Data Boost,2026-03-06,2026-05-03
811,CAMP_568269e4,Loyalty Reward Drive,2026-02-15,2026-03-27
812,CAMP_568269e4,Loyalty Reward Drive,2026-03-06,2026-05-03
813,CAMP_5ca4a2f6,Flash Bundle Blitz,2026-01-28,2026-03-17
814,CAMP_5ca4a2f6,Flash Bundle Blitz,2026-02-12,2026-02-18
815,CAMP_6ec8dcc3,Flash Bundle Blitz,2026-02-02,2026-03-30
816,CAMP_5ca4a2f6,Flash Bundle Blitz,2026-02-25,2026-04-06
817,CAMP_5ca4a2f6,Flash Bundle Blitz,2026-01-31,2026-03-05
818,CAMP_5ca4a2f6,Flash Bundle Blitz,2026-02-09,2026-04-07
819,CAMP_6ec8dcc3,Flash Bundle Blitz,2026-02-12,2026-03-26
820,CAMP_71790c70,Flash Bundle Blitz,2026-01-14,2026-01-30
821,CAMP_3a7188eb,Spring Data Boost,2026-01-12,2026-01-27
822,CAMP_71790c70,Flash Bundle Blitz,2026-02-10,2026-04-02
823,CAMP_568269e4,Loyalty Reward Drive,2026-01-20,2026-01-27
824,CAMP_71790c70,Flash Bundle Blitz,2026-01-19,2026-02-06
825,CAMP_568269e4,Loyalty Reward Drive,2026-03-08,2026-03-26
826,CAMP_5ca4a2f6,Flash Bundle Blitz,2026-02-20,2026-04-17
827,CAMP_71790c70,Flash Bundle Blitz,2026-01-30,2026-03-20
828,CAMP_568269e4,Loyalty Reward Drive,2026-02-01,2026-03-26
829,CAMP_71790c70,Flash Bundle Blitz,2026-01-21,2026-02-11
830,CAMP_71790c70,Flash Bundle Blitz,2026-02-08,2026-02-13
831,CAMP_71790c70,Flash Bundle Blitz,2026-01-19,2026-01-30
832,CAMP_3a7188eb,Spring Data Boost,2026-02-04,2026-03-22
833,CAMP_6ec8dcc3,Flash Bundle Blitz,2026-02-02,2026-02-22
834,CAMP_71790c70,Flash Bundle Blitz,2026-01-25,2026-02-28
835,CAMP_3a7188eb,Spring Data Boost,2026-02-25,2026-04-01
836,CAMP_5ca4a2f6,Flash Bundle Blitz,2026-01-31,2026-02-20
837,CAMP_5ca4a2f6,Flash Bundle Blitz,2026-01-27,2026-03-14
838,CAMP_5ca4a2f6,Flash Bundle Blitz,2026-02-19,2026-03-14
839,CAMP_3a7188eb,Spring Data Boost,2026-02-10,2026-02-22
840,CAMP_71790c70,Flash Bundle Blitz,2026-01-23,2026-03-04
841,CAMP_568269e4,Loyalty Reward Drive,2026-01-22,2026-02-11
842,CAMP_5ca4a2f6,Flash Bundle Blitz,2026-02-15,2026-03-02
843,CAMP_568269e4,Loyalty Reward Drive,2026-01-16,2026-02-11
844,CAMP_71790c70,Flash Bundle Blitz,2026-02-23,2026-03-03
845,CAMP_568269e4,Loyalty Reward Drive,2026-01-25,2026-03-05
846,CAMP_5ca4a2f6,Flash Bundle Blitz,2026-02-05,2026-02-14
847,CAMP_3a7188eb,Spring Data Boost,2026-02-17,2026-03-07
848,CAMP_5ca4a2f6,Flash Bundle Blitz,2026-02-28,2026-04-25
849,CAMP_5ca4a2f6,Flash Bundle Blitz,2026-02-28,2026-03-15
850,CAMP_568269e4,Loyalty Reward Drive,2026-02-05,2026-02-12
851,CAMP_568269e4,Loyalty Reward Drive,2026-02-26,2026-03-17
852,CAMP_71790c70,Flash Bundle Blitz,2026-03-10,2026-03-12
853,CAMP_71790c70,Flash Bundle Blitz,2026-03-03,2026-03-17
854,CAMP_5ca4a2f6,Flash Bundle Blitz,2026-01-25,2026-03-19
855,CAMP_71790c70,Flash Bundle Blitz,2026-02-22,2026-03-03
856,CAMP_6ec8dcc3,Flash Bundle Blitz,2026-01-16,2026-01-20
857,CAMP_71790c70,Flash Bundle Blitz,2026-02-15,2026-03-15
858,CAMP_71790c70,Flash Bundle Blitz,2026-02-11,2026-04-05
859,CAMP_568269e4,Loyalty Reward Drive,2026-02-15,2026-03-12
860,CAMP_3a7188eb,Spring Data Boost,2026-02-03,2026-03-08
861,CAMP_6ec8dcc3,Flash Bundle Blitz,2026-02-24,2026-03-15
862,CAMP_71790c70,Flash Bundle Blitz,2026-02-12,2026-03-15
863,CAMP_71790c70,Flash Bundle Blitz,2026-01-13,2026-02-03
864,CAMP_3a7188eb,Spring Data Boost,2026-01-27,2026-03-07
865,CAMP_5ca4a2f6,Flash Bundle Blitz,2026-01-11,2026-02-17
866,CAMP_6ec8dcc3,Flash Bundle Blitz,2026-02-25,2026-04-14
867,CAMP_71790c70,Flash Bundle Blitz,2026-02-17,2026-04-04
868,CAMP_3a7188eb,Spring Data Boost,2026-02-16,2026-03-20
869,CAMP_71790c70,Flash Bundle Blitz,2026-01-31,2026-03-08
870,CAMP_71790c70,Flash Bundle Blitz,2026-02-12,2026-03-03
871,CAMP_71790c70,Flash Bundle Blitz,2026-01-23,2026-02-18
872,CAMP_3a7188eb,Spring Data Boost,2026-02-08,2026-04-07
873,CAMP_568269e4,Loyalty Reward Drive,2026-01-20,2026-03-21
874,CAMP_3a7188eb,Spring Data Boost,2026-02-20,2026-04-19
875,CAMP_71790c70,Flash Bundle Blitz,2026-02-11,2026-02-21
876,CAMP_5ca4a2f6,Flash Bundle Blitz,2026-03-03,2026-03-14
877,CAMP_6ec8dcc3,Flash Bundle Blitz,2026-02-27,2026-04-19
878,CAMP_568269e4,Loyalty Reward Drive,2026-03-01,2026-03-25
879,CAMP_71790c70,Flash Bundle Blitz,2026-02-16,2026-04-05
880,CAMP_5ca4a2f6,Flash Bundle Blitz,2026-02-16,2026-03-12
881,CAMP_6ec8dcc3,Flash Bundle Blitz,2026-02-19,2026-03-27
882,CAMP_71790c70,Flash Bundle Blitz,2026-02-03,2026-02-15
883,CAMP_3a7188eb,Spring Data Boost,2026-03-02,2026-04-06
884,CAMP_3a7188eb,Spring Data Boost,2026-01-11,2026-03-06
885,CAMP_6ec8dcc3,Flash Bundle Blitz,2026-02-08,2026-03-12
886,CAMP_3a7188eb,Spring Data Boost,2026-02-27,2026-04-06
887,CAMP_5ca4a2f6,Flash Bundle Blitz,2026-02-07,2026-04-02
888,CAMP_5ca4a2f6,Flash Bundle Blitz,2026-01-11,2026-03-02
889,CAMP_3a7188eb,Spring Data Boost,2026-02-02,2026-02-21
890,CAMP_568269e4,Loyalty Reward Drive,2026-03-05,2026-03-09
891,CAMP_568269e4,Loyalty Reward Drive,2026-02-10,2026-04-07
892,CAMP_71790c70,Flash Bundle Blitz,2026-02-13,2026-03-17
893,CAMP_71790c70,Flash Bundle Blitz,2026-02-08,2026-02-26
894,CAMP_71790c70,Flash Bundle Blitz,2026-02-12,2026-03-18
895,CAMP_71790c70,Flash Bundle Blitz,2026-02-04,2026-02-05
896,CAMP_5ca4a2f6,Flash Bundle Blitz,2026-01-11,2026-01-20
897,CAMP_6ec8dcc3,Flash Bundle Blitz,2026-02-03,2026-03-04
898,CAMP_6ec8dcc3,Flash Bundle Blitz,2026-01-10,2026-01-14
899,CAMP_6ec8dcc3,Flash Bundle Blitz,2026-02-08,2026-02-18
900,CAMP_5ca4a2f6,Flash Bundle Blitz,2026-03-09,2026-05-02
901,CAMP_568269e4,Loyalty Reward Drive,2026-01-15,2026-01-26
902,CAMP_5ca4a2f6,Flash Bundle Blitz,2026-02-17,2026-03-15
903,CAMP_71790c70,Flash Bundle Blitz,2026-02-20,2026-03-08
904,CAMP_568269e4,Loyalty Reward Drive,2026-02-27,2026-03-26
905,CAMP_3a7188eb,Spring Data Boost,2026-01-15,2026-02-08
906,CAMP_6ec8dcc3,Flash Bundle Blitz,2026-02-05,2026-02-24
907,CAMP_6ec8dcc3,Flash Bundle Blitz,2026-01-23,2026-02-10
908,CAMP_568269e4,Loyalty Reward Drive,2026-01-10,2026-02-26
909,CAMP_568269e4,Loyalty Reward Drive,2026-01-19,2026-02-13
910,CAMP_5ca4a2f6,Flash Bundle Blitz,2026-01-11,2026-01-12
911,CAMP_568269e4,Loyalty Reward Drive,2026-02-18,2026-04-11
912,CAMP_6ec8dcc3,Flash Bundle Blitz,2026-02-20,2026-03-17
913,CAMP_5ca4a2f6,Flash Bundle Blitz,2026-02-01,2026-03-26
914,CAMP_6ec8dcc3,Flash Bundle Blitz,2026-03-06,2026-03-23
915,CAMP_5ca4a2f6,Flash Bundle Blitz,2026-03-09,2026-04-06
916,CAMP_71790c70,Flash Bundle Blitz,2026-01-10,2026-02-09
917,CAMP_71790c70,Flash Bundle Blitz,2026-03-09,2026-04-14
918,CAMP_568269e4,Loyalty Reward Drive,2026-01-26,2026-03-01
919,CAMP_568269e4,Loyalty Reward Drive,2026-02-05,2026-02-06
920,CAMP_5ca4a2f6,Flash Bundle Blitz,2026-02-10,2026-03-15
921,CAMP_6ec8dcc3,Flash Bundle Blitz,2026-01-16,2026-01-26
922,CAMP_3a7188eb,Spring Data Boost,2026-01-13,2026-03-10
923,CAMP_568269e4,Loyalty Reward Drive,2026-01-24,2026-01-27
924,CAMP_71790c70,Flash Bundle Blitz,2026-02-27,2026-03-24
925,CAMP_71790c70,Flash Bundle Blitz,2026-02-27,2026-03-07
926,CAMP_6ec8dcc3,Flash Bundle Blitz,2026-02-22,2026-03-07
927,CAMP_71790c70,Flash Bundle Blitz,2026-02-14,2026-04-14
928,CAMP_3a7188eb,Spring Data Boost,2026-01-19,2026-03-07
929,CAMP_6ec8dcc3,Flash Bundle Blitz,2026-01-24,2026-02-04
930,CAMP_568269e4,Loyalty Reward Drive,2026-02-19,2026-03-20
931,CAMP_3a7188eb,Spring Data Boost,2026-01-18,2026-01-20
932,CAMP_6ec8dcc3,Flash Bundle Blitz,2026-01-21,2026-03-15
933,CAMP_3a7188eb,Spring Data Boost,2026-02-02,2026-03-15
934,CAMP_568269e4,Loyalty Reward Drive,2026-03-01,2026-03-18
935,CAMP_71790c70,Flash Bundle Blitz,2026-01-28,2026-02-18
936,CAMP_3a7188eb,Spring Data Boost,2026-02-18,2026-03-09
937,CAMP_71790c70,Flash Bundle Blitz,2026-03-10,2026-05-03
938,CAMP_3a7188eb,Spring Data Boost,2026-02-17,2026-03-11
939,CAMP_568269e4,Loyalty Reward Drive,2026-01-12,2026-03-12
940,CAMP_3a7188eb,Spring Data Boost,2026-01-09,2026-03-09
941,CAMP_71790c70,Flash Bundle Blitz,2026-03-04,2026-05-01
942,CAMP_6ec8dcc3,Flash Bundle Blitz,2026-03-07,2026-04-05
943,CAMP_568269e4,Loyalty Reward Drive,2026-02-26,2026-03-03
944,CAMP_5ca4a2f6,Flash Bundle Blitz,2026-02-26,2026-03-20
945,CAMP_5ca4a2f6,Flash Bundle Blitz,2026-02-17,2026-03-30
946,CAMP_5ca4a2f6,Flash Bundle Blitz,2026-01-22,2026-02-12
947,CAMP_71790c70,Flash Bundle Blitz,2026-02-14,2026-02-15
948,CAMP_5ca4a2f6,Flash Bundle Blitz,2026-01-18,2026-02-05
949,CAMP_6ec8dcc3,Flash Bundle Blitz,2026-02-20,2026-04-12
950,CAMP_5ca4a2f6,Flash Bundle Blitz,2026-02-10,2026-02-27
951,CAMP_71790c70,Flash Bundle Blitz,2026-02-09,2026-03-24
952,CAMP_568269e4,Loyalty Reward Drive,2026-02-03,2026-02-09
953,CAMP_6ec8dcc3,Flash Bundle Blitz,2026-02-11,2026-02-27
954,CAMP_6ec8dcc3,Flash Bundle Blitz,2026-01-22,2026-03-18
955,CAMP_5ca4a2f6,Flash Bundle Blitz,2026-02-08,2026-02-10
956,CAMP_568269e4,Loyalty Reward Drive,2026-02-13,2026-03-07
957,CAMP_71790c70,Flash Bundle Blitz,2026-03-02,2026-04-07
958,CAMP_568269e4,Loyalty Reward Drive,2026-01-15,2026-02-15
959,CAMP_71790c70,Flash Bundle Blitz,2026-02-10,2026-03-03
960,CAMP_3a7188eb,Spring Data Boost,2026-01-25,2026-02-13
961,CAMP_568269e4,Loyalty Reward Drive,2026-01-25,2026-01-28
962,CAMP_3a7188eb,Spring Data Boost,2026-02-21,2026-03-23
963,CAMP_568269e4,Loyalty Reward Drive,2026-02-13,2026-03-07
964,CAMP_5ca4a2f6,Flash Bundle Blitz,2026-01-27,2026-03-06
965,CAMP_5ca4a2f6,Flash Bundle Blitz,2026-01-23,2026-03-02
966,CAMP_3a7188eb,Spring Data Boost,2026-02-04,2026-02-07
967,CAMP_6ec8dcc3,Flash Bundle Blitz,2026-02-21,2026-03-06
968,CAMP_5ca4a2f6,Flash Bundle Blitz,2026-02-11,2026-03-07
969,CAMP_3a7188eb,Spring Data Boost,2026-01-23,2026-02-28
970,CAMP_6ec8dcc3,Flash Bundle Blitz,2026-02-08,2026-02-23
971,CAMP_568269e4,Loyalty Reward Drive,2026-01-13,2026-01-14
972,CAMP_71790c70,Flash Bundle Blitz,2026-02-07,2026-03-03
973,CAMP_5ca4a2f6,Flash Bundle Blitz,2026-02-18,2026-03-30
974,CAMP_6ec8dcc3,Flash Bundle Blitz,2026-03-05,2026-03-06
975,CAMP_71790c70,Flash Bundle Blitz,2026-02-14,2026-03-28
976,CAMP_568269e4,Loyalty Reward Drive,2026-01-16,2026-01-25
977,CAMP_568269e4,Loyalty Reward Drive,2026-01-12,2026-02-01
978,CAMP_5ca4a2f6,Flash Bundle Blitz,2026-02-17,2026-03-21
979,CAMP_6ec8dcc3,Flash Bundle Blitz,2026-03-02,2026-04-13
980,CAMP_3a7188eb,Spring Data Boost,2026-03-03,2026-04-29
981,CAMP_3a7188eb,Spring Data Boost,2026-02-06,2026-02-16
982,CAMP_5ca4a2f6,Flash Bundle Blitz,2026-02-18,2026-03-11
983,CAMP_5ca4a2f6,Flash Bundle Blitz,2026-03-09,2026-04-01
984,CAMP_5ca4a2f6,Flash Bundle Blitz,2026-01-31,2026-03-18
985,CAMP_3a7188eb,Spring Data Boost,2026-02-16,2026-03-08
986,CAMP_568269e4,Loyalty Reward Drive,2026-03-08,2026-04-14
987,CAMP_3a7188eb,Spring Data Boost,2026-01-24,2026-01-27
988,CAMP_5ca4a2f6,Flash Bundle Blitz,2026-02-26,2026-04-04
989,CAMP_5ca4a2f6,Flash Bundle Blitz,2026-02-16,2026-03-23
990,CAMP_568269e4,Loyalty Reward Drive,2026-01-16,2026-01-17
991,CAMP_6ec8dcc3,Flash Bundle Blitz,2026-03-08,2026-03-15
992,CAMP_568269e4,Loyalty Reward Drive,2026-03-10,2026-05-09
993,CAMP_6ec8dcc3,Flash Bundle Blitz,2026-02-04,2026-03-31
994,CAMP_6ec8dcc3,Flash Bundle Blitz,2026-01-28,2026-03-28
995,CAMP_5ca4a2f6,Flash Bundle Blitz,2026-01-25,2026-03-14
996,CAMP_568269e4,Loyalty Reward Drive,2026-01-12,2026-01-15
997,CAMP_5ca4a2f6,Flash Bundle Blitz,2026-01-30,2026-02-10
998,CAMP_5ca4a2f6,Flash Bundle Blitz,2026-02-15,2026-02-19
999,CAMP_568269e4,Loyalty Reward Drive,2026-03-07,2026-05-04
1000,CAMP_71790c70,Flash Bundle Blitz,2026-01-22,2026-03-06
1001,CAMP_6ec8dcc3,Flash Bundle Blitz,2026-02-03,2026-02-06
1002,CAMP_71790c70,Flash Bundle Blitz,2026-01-10,2026-02-15
1003,CAMP_6ec8dcc3,Flash Bundle Blitz,2026-01-12,2026-02-23
1004,CAMP_5ca4a2f6,Flash Bundle Blitz,2026-03-01,2026-04-30
1005,CAMP_3a7188eb,Spring Data Boost,2026-02-12,2026-03-24
1006,CAMP_6ec8dcc3,Flash Bundle Blitz,2026-01-31,2026-02-19
1007,CAMP_6ec8dcc3,Flash Bundle Blitz,2026-03-10,2026-03-19
1008,CAMP_5ca4a2f6,Flash Bundle Blitz,2026-03-03,2026-04-18
1009,CAMP_568269e4,Loyalty Reward Drive,2026-03-03,2026-04-02
1010,CAMP_5ca4a2f6,Flash Bundle Blitz,2026-01-11,2026-02-11
1011,CAMP_71790c70,Flash Bundle Blitz,2026-02-09,2026-03-18
1012,CAMP_6ec8dcc3,Flash Bundle Blitz,2026-03-02,2026-03-06
1013,CAMP_3a7188eb,Spring Data Boost,2026-01-30,2026-03-23
1014,CAMP_3a7188eb,Spring Data Boost,2026-02-19,2026-03-20
1015,CAMP_71790c70,Flash Bundle Blitz,2026-01-17,2026-02-10
1016,CAMP_568269e4,Loyalty Reward Drive,2026-01-16,2026-02-25
1017,CAMP_3a7188eb,Spring Data Boost,2026-01-23,2026-03-10
1018,CAMP_3a7188eb,Spring Data Boost,2026-03-08,2026-04-16
1019,CAMP_568269e4,Loyalty Reward Drive,2026-02-12,2026-04-04
1020,CAMP_3a7188eb,Spring Data Boost,2026-02-17,2026-02-25
1021,CAMP_5ca4a2f6,Flash Bundle Blitz,2026-02-20,2026-03-22
1022,CAMP_568269e4,Loyalty Reward Drive,2026-02-08,2026-04-06
1023,CAMP_3a7188eb,Spring Data Boost,2026-02-01,2026-02-08
1024,CAMP_568269e4,Loyalty Reward Drive,2026-03-09,2026-04-18
1025,CAMP_3a7188eb,Spring Data Boost,2026-03-03,2026-03-07
1026,CAMP_71790c70,Flash Bundle Blitz,2026-02-04,2026-04-05
1027,CAMP_5ca4a2f6,Flash Bundle Blitz,2026-01-19,2026-03-16
1028,CAMP_3a7188eb,Spring Data Boost,2026-01-25,2026-02-04
1029,CAMP_6ec8dcc3,Flash Bundle Blitz,2026-01-23,2026-02-28
1030,CAMP_568269e4,Loyalty Reward Drive,2026-02-15,2026-03-04
1031,CAMP_568269e4,Loyalty Reward Drive,2026-01-16,2026-02-06
1032,CAMP_5ca4a2f6,Flash Bundle Blitz,2026-03-01,2026-03-31
1033,CAMP_3a7188eb,Spring Data Boost,2026-03-03,2026-04-09
1034,CAMP_568269e4,Loyalty Reward Drive,2026-01-13,2026-01-15
1035,CAMP_3a7188eb,Spring Data Boost,2026-02-14,2026-04-10
1036,CAMP_3a7188eb,Spring Data Boost,2026-03-05,2026-04-04
1037,CAMP_5ca4a2f6,Flash Bundle Blitz,2026-02-21,2026-03-13
1038,CAMP_3a7188eb,Spring Data Boost,2026-02-03,2026-02-11
1039,CAMP_5ca4a2f6,Flash Bundle Blitz,2026-03-08,2026-04-26
1040,CAMP_568269e4,Loyalty Reward Drive,2026-02-23,2026-03-24
1041,CAMP_71790c70,Flash Bundle Blitz,2026-01-14,2026-02-12
1042,CAMP_6ec8dcc3,Flash Bundle Blitz,2026-01-25,2026-03-21
1043,CAMP_5ca4a2f6,Flash Bundle Blitz,2026-02-20,2026-04-06
1044,CAMP_5ca4a2f6,Flash Bundle Blitz,2026-01-25,2026-02-10
1045,CAMP_568269e4,Loyalty Reward Drive,2026-01-15,2026-03-06
1046,CAMP_71790c70,Flash Bundle Blitz,2026-03-05,2026-04-21
1047,CAMP_5ca4a2f6,Flash Bundle Blitz,2026-01-26,2026-03-12
1048,CAMP_3a7188eb,Spring Data Boost,2026-02-03,2026-02-10
1049,CAMP_6ec8dcc3,Flash Bundle Blitz,2026-01-24,2026-02-28
1050,CAMP_6ec8dcc3,Flash Bundle Blitz,2026-01-19,2026-02-24
1051,CAMP_6ec8dcc3,Flash Bundle Blitz,2026-01-19,2026-01-29
1052,CAMP_5ca4a2f6,Flash Bundle Blitz,2026-01-23,2026-03-14
1053,CAMP_71790c70,Flash Bundle Blitz,2026-02-20,2026-04-19
1054,CAMP_5ca4a2f6,Flash Bundle Blitz,2026-02-12,2026-03-14
1055,CAMP_5ca4a2f6,Flash Bundle Blitz,2026-03-08,2026-04-25
1056,CAMP_5ca4a2f6,Flash Bundle Blitz,2026-02-06,2026-02-21
1057,CAMP_3a7188eb,Spring Data Boost,2026-01-20,2026-02-21
1058,CAMP_568269e4,Loyalty Reward Drive,2026-01-18,2026-01-25
1059,CAMP_71790c70,Flash Bundle Blitz,2026-02-05,2026-03-22
1060,CAMP_6ec8dcc3,Flash Bundle Blitz,2026-02-28,2026-04-23
1061,CAMP_71790c70,Flash Bundle Blitz,2026-02-11,2026-04-05
1062,CAMP_71790c70,Flash Bundle Blitz,2026-03-01,2026-03-15
1063,CAMP_5ca4a2f6,Flash Bundle Blitz,2026-02-15,2026-02-23
1064,CAMP_3a7188eb,Spring Data Boost,2026-03-08,2026-03-11
1065,CAMP_568269e4,Loyalty Reward Drive,2026-02-21,2026-03-03
1066,CAMP_6ec8dcc3,Flash Bundle Blitz,2026-01-12,2026-01-14
1067,CAMP_3a7188eb,Spring Data Boost,2026-01-22,2026-02-24
1068,CAMP_5ca4a2f6,Flash Bundle Blitz,2026-02-25,2026-03-01
1069,CAMP_3a7188eb,Spring Data Boost,2026-01-21,2026-02-11
1070,CAMP_5ca4a2f6,Flash Bundle Blitz,2026-02-02,2026-03-17
1071,CAMP_6ec8dcc3,Flash Bundle Blitz,2026-03-07,2026-03-20
1072,CAMP_3a7188eb,Spring Data Boost,2026-02-04,2026-02-20
1073,CAMP_568269e4,Loyalty Reward Drive,2026-03-10,2026-04-22
1074,CAMP_568269e4,Loyalty Reward Drive,2026-03-08,2026-05-04
1075,CAMP_3a7188eb,Spring Data Boost,2026-02-08,2026-02-27
1076,CAMP_3a7188eb,Spring Data Boost,2026-02-13,2026-03-06
1077,CAMP_71790c70,Flash Bundle Blitz,2026-02-03,2026-02-08
1078,CAMP_71790c70,Flash Bundle Blitz,2026-01-16,2026-03-07
1079,CAMP_568269e4,Loyalty Reward Drive,2026-02-17,2026-03-19
1080,CAMP_568269e4,Loyalty Reward Drive,2026-01-26,2026-03-15
1081,CAMP_6ec8dcc3,Flash Bundle Blitz,2026-01-27,2026-03-02
1082,CAMP_6ec8dcc3,Flash Bundle Blitz,2026-02-28,2026-03-24
1083,CAMP_3a7188eb,Spring Data Boost,2026-03-03,2026-04-20
1084,CAMP_6ec8dcc3,Flash Bundle Blitz,2026-02-27,2026-04-13
1085,CAMP_3a7188eb,Spring Data Boost,2026-01-19,2026-03-16
1086,CAMP_71790c70,Flash Bundle Blitz,2026-02-23,2026-04-19
1087,CAMP_5ca4a2f6,Flash Bundle Blitz,2026-02-03,2026-02-08
1088,CAMP_568269e4,Loyalty Reward Drive,2026-03-08,2026-04-21
1089,CAMP_568269e4,Loyalty Reward Drive,2026-02-07,2026-03-14
1090,CAMP_71790c70,Flash Bundle Blitz,2026-02-07,2026-02-12
1091,CAMP_568269e4,Loyalty Reward Drive,2026-01-13,2026-02-25
1092,CAMP_71790c70,Flash Bundle Blitz,2026-03-09,2026-04-07
1093,CAMP_5ca4a2f6,Flash Bundle Blitz,2026-01-31,2026-03-16
1094,CAMP_568269e4,Loyalty Reward Drive,2026-01-27,2026-01-29
1095,CAMP_568269e4,Loyalty Reward Drive,2026-02-28,2026-04-24
1096,CAMP_6ec8dcc3,Flash Bundle Blitz,2026-01-10,2026-02-24
1097,CAMP_568269e4,Loyalty Reward Drive,2026-02-16,2026-03-08
1098,CAMP_71790c70,Flash Bundle Blitz,2026-01-30,2026-01-31
1099,CAMP_6ec8dcc3,Flash Bundle Blitz,2026-02-03,2026-03-23
1100,CAMP_3a7188eb,Spring Data Boost,2026-02-07,2026-03-01
1101,CAMP_3a7188eb,Spring Data Boost,2026-03-06,2026-03-22
1102,CAMP_568269e4,Loyalty Reward Drive,2026-01-21,2026-01-26
1103,CAMP_71790c70,Flash Bundle Blitz,2026-01-13,2026-03-07
1104,CAMP_6ec8dcc3,Flash Bundle Blitz,2026-01-25,2026-02-27
1105,CAMP_5ca4a2f6,Flash Bundle Blitz,2026-01-26,2026-03-21
1106,CAMP_5ca4a2f6,Flash Bundle Blitz,2026-01-25,2026-02-02
1107,CAMP_6ec8dcc3,Flash Bundle Blitz,2026-01-22,2026-02-07
1108,CAMP_5ca4a2f6,Flash Bundle Blitz,2026-01-28,2026-03-18
1109,CAMP_3a7188eb,Spring Data Boost,2026-02-11,2026-02-20
1110,CAMP_5ca4a2f6,Flash Bundle Blitz,2026-01-31,2026-02-10
1111,CAMP_5ca4a2f6,Flash Bundle Blitz,2026-03-03,2026-04-24
1112,CAMP_5ca4a2f6,Flash Bundle Blitz,2026-01-29,2026-03-05
1113,CAMP_568269e4,Loyalty Reward Drive,2026-02-22,2026-04-12
1114,CAMP_568269e4,Loyalty Reward Drive,2026-03-03,2026-03-17
1115,CAMP_3a7188eb,Spring Data Boost,2026-03-03,2026-03-25
1116,CAMP_568269e4,Loyalty Reward Drive,2026-02-15,2026-04-02
1117,CAMP_71790c70,Flash Bundle Blitz,2026-01-27,2026-03-02
1118,CAMP_568269e4,Loyalty Reward Drive,2026-02-24,2026-04-02
1119,CAMP_3a7188eb,Spring Data Boost,2026-02-17,2026-04-03
1120,CAMP_6ec8dcc3,Flash Bundle Blitz,2026-03-05,2026-03-14
1121,CAMP_3a7188eb,Spring Data Boost,2026-01-12,2026-02-17
1122,CAMP_71790c70,Flash Bundle Blitz,2026-02-03,2026-03-05
1123,CAMP_71790c70,Flash Bundle Blitz,2026-03-02,2026-03-14
1124,CAMP_3a7188eb,Spring Data Boost,2026-02-04,2026-02-16
1125,CAMP_5ca4a2f6,Flash Bundle Blitz,2026-02-21,2026-04-03
1126,CAMP_71790c70,Flash Bundle Blitz,2026-01-18,2026-02-05
1127,CAMP_71790c70,Flash Bundle Blitz,2026-02-28,2026-03-17
1128,CAMP_71790c70,Flash Bundle Blitz,2026-02-04,2026-02-15
1129,CAMP_6ec8dcc3,Flash Bundle Blitz,2026-01-11,2026-02-21
1130,CAMP_6ec8dcc3,Flash Bundle Blitz,2026-02-26,2026-04-26
1131,CAMP_5ca4a2f6,Flash Bundle Blitz,2026-02-14,2026-03-08
1132,CAMP_3a7188eb,Spring Data Boost,2026-02-12,2026-04-08
1133,CAMP_3a7188eb,Spring Data Boost,2026-01-19,2026-03-05
1134,CAMP_6ec8dcc3,Flash Bundle Blitz,2026-01-22,2026-02-17
1135,CAMP_6ec8dcc3,Flash Bundle Blitz,2026-01-26,2026-02-05
1136,CAMP_3a7188eb,Spring Data Boost,2026-02-12,2026-03-29
1137,CAMP_5ca4a2f6,Flash Bundle Blitz,2026-02-08,2026-04-09
1138,CAMP_3a7188eb,Spring Data Boost,2026-02-19,2026-02-24
1139,CAMP_568269e4,Loyalty Reward Drive,2026-02-27,2026-03-26
1140,CAMP_568269e4,Loyalty Reward Drive,2026-02-07,2026-03-19
1141,CAMP_5ca4a2f6,Flash Bundle Blitz,2026-02-22,2026-03-15
1142,CAMP_568269e4,Loyalty Reward Drive,2026-01-15,2026-02-10
1143,CAMP_6ec8dcc3,Flash Bundle Blitz,2026-01-26,2026-03-05
1144,CAMP_71790c70,Flash Bundle Blitz,2026-02-01,2026-03-31
1145,CAMP_71790c70,Flash Bundle Blitz,2026-03-04,2026-04-22
1146,CAMP_71790c70,Flash Bundle Blitz,2026-01-16,2026-03-12
1147,CAMP_568269e4,Loyalty Reward Drive,2026-02-10,2026-03-16
1148,CAMP_71790c70,Flash Bundle Blitz,2026-02-11,2026-04-10
1149,CAMP_6ec8dcc3,Flash Bundle Blitz,2026-02-20,2026-03-15
1150,CAMP_5ca4a2f6,Flash Bundle Blitz,2026-02-12,2026-02-19
1151,CAMP_3a7188eb,Spring Data Boost,2026-02-13,2026-03-04
1152,CAMP_3a7188eb,Spring Data Boost,2026-02-05,2026-02-11
1153,CAMP_6ec8dcc3,Flash Bundle Blitz,2026-01-15,2026-03-13
1154,CAMP_71790c70,Flash Bundle Blitz,2026-01-22,2026-01-29
1155,CAMP_3a7188eb,Spring Data Boost,2026-02-21,2026-04-16
1156,CAMP_5ca4a2f6,Flash Bundle Blitz,2026-01-31,2026-02-19
1157,CAMP_3a7188eb,Spring Data Boost,2026-02-09,2026-03-19
1158,CAMP_3a7188eb,Spring Data Boost,2026-01-17,2026-02-22
1159,CAMP_71790c70,Flash Bundle Blitz,2026-02-15,2026-04-14
1160,CAMP_568269e4,Loyalty Reward Drive,2026-01-11,2026-02-16
1161,CAMP_568269e4,Loyalty Reward Drive,2026-02-03,2026-03-25
1162,CAMP_6ec8dcc3,Flash Bundle Blitz,2026-02-01,2026-03-19
1163,CAMP_6ec8dcc3,Flash Bundle Blitz,2026-02-09,2026-04-07
1164,CAMP_3a7188eb,Spring Data Boost,2026-03-10,2026-05-09
1165,CAMP_3a7188eb,Spring Data Boost,2026-01-11,2026-01-18
1166,CAMP_3a7188eb,Spring Data Boost,2026-01-09,2026-03-06
1167,CAMP_3a7188eb,Spring Data Boost,2026-02-01,2026-02-20
1168,CAMP_6ec8dcc3,Flash Bundle Blitz,2026-01-11,2026-02-15
1169,CAMP_568269e4,Loyalty Reward Drive,2026-01-14,2026-03-03
1170,CAMP_568269e4,Loyalty Reward Drive,2026-02-20,2026-03-18
1171,CAMP_6ec8dcc3,Flash Bundle Blitz,2026-01-11,2026-01-25
1172,CAMP_568269e4,Loyalty Reward Drive,2026-02-08,2026-02-27
1173,CAMP_3a7188eb,Spring Data Boost,2026-03-07,2026-04-25
1174,CAMP_5ca4a2f6,Flash Bundle Blitz,2026-01-29,2026-02-14
1175,CAMP_5ca4a2f6,Flash Bundle Blitz,2026-03-01,2026-04-06
1176,CAMP_5ca4a2f6,Flash Bundle Blitz,2026-01-26,2026-02-22
1177,CAMP_3a7188eb,Spring Data Boost,2026-01-25,2026-03-14
1178,CAMP_3a7188eb,Spring Data Boost,2026-01-17,2026-01-26
1179,CAMP_6ec8dcc3,Flash Bundle Blitz,2026-02-19,2026-04-09
1180,CAMP_568269e4,Loyalty Reward Drive,2026-02-08,2026-02-09
1181,CAMP_5ca4a2f6,Flash Bundle Blitz,2026-02-16,2026-02-22
1182,CAMP_568269e4,Loyalty Reward Drive,2026-03-09,2026-04-22
1183,CAMP_5ca4a2f6,Flash Bundle Blitz,2026-02-01,2026-02-18
1184,CAMP_3a7188eb,Spring Data Boost,2026-01-16,2026-02-22
1185,CAMP_71790c70,Flash Bundle Blitz,2026-02-22,2026-02-27
1186,CAMP_568269e4,Loyalty Reward Drive,2026-01-22,2026-02-18
1187,CAMP_71790c70,Flash Bundle Blitz,2026-01-18,2026-01-26
1188,CAMP_6ec8dcc3,Flash Bundle Blitz,2026-02-10,2026-04-07
1189,CAMP_3a7188eb,Spring Data Boost,2026-02-19,2026-03-27
1190,CAMP_5ca4a2f6,Flash Bundle Blitz,2026-01-12,2026-02-11
1191,CAMP_71790c70,Flash Bundle Blitz,2026-01-21,2026-01-31
1192,CAMP_6ec8dcc3,Flash Bundle Blitz,2026-02-27,2026-03-12
1193,CAMP_568269e4,Loyalty Reward Drive,2026-01-17,2026-02-07
1194,CAMP_5ca4a2f6,Flash Bundle Blitz,2026-03-10,2026-04-05
1195,CAMP_3a7188eb,Spring Data Boost,2026-01-18,2026-02-21
1196,CAMP_5ca4a2f6,Flash Bundle Blitz,2026-01-20,2026-02-13
1197,CAMP_6ec8dcc3,Flash Bundle Blitz,2026-01-21,2026-03-06
1198,CAMP_5ca4a2f6,Flash Bundle Blitz,2026-01-09,2026-02-19
1199,CAMP_3a7188eb,Spring Data Boost,2026-02-08,2026-03-20
1200,CAMP_3a7188eb,Spring Data Boost,2026-02-08,2026-03-16
1201,CAMP_568269e4,Loyalty Reward Drive,2026-01-14,2026-03-05
1202,CAMP_71790c70,Flash Bundle Blitz,2026-02-06,2026-02-10
1203,CAMP_71790c70,Flash Bundle Blitz,2026-02-27,2026-03-05
1204,CAMP_568269e4,Loyalty Reward Drive,2026-01-11,2026-01-30
1205,CAMP_71790c70,Flash Bundle Blitz,2026-02-17,2026-03-07
1206,CAMP_5ca4a2f6,Flash Bundle Blitz,2026-02-14,2026-03-29
1207,CAMP_5ca4a2f6,Flash Bundle Blitz,2026-01-25,2026-03-26
1208,CAMP_3a7188eb,Spring Data Boost,2026-02-28,2026-03-07
1209,CAMP_568269e4,Loyalty Reward Drive,2026-01-14,2026-03-08
1210,CAMP_6ec8dcc3,Flash Bundle Blitz,2026-01-09,2026-01-14
1211,CAMP_71790c70,Flash Bundle Blitz,2026-02-01,2026-03-17
1212,CAMP_568269e4,Loyalty Reward Drive,2026-02-22,2026-03-19
1213,CAMP_6ec8dcc3,Flash Bundle Blitz,2026-02-25,2026-04-09
1214,CAMP_3a7188eb,Spring Data Boost,2026-01-30,2026-02-23
1215,CAMP_3a7188eb,Spring Data Boost,2026-01-17,2026-02-08
1216,CAMP_6ec8dcc3,Flash Bundle Blitz,2026-03-06,2026-04-14
1217,CAMP_71790c70,Flash Bundle Blitz,2026-02-05,2026-02-10
1218,CAMP_568269e4,Loyalty Reward Drive,2026-01-22,2026-02-06
1219,CAMP_5ca4a2f6,Flash Bundle Blitz,2026-02-22,2026-03-28
1220,CAMP_6ec8dcc3,Flash Bundle Blitz,2026-03-09,2026-04-05
1221,CAMP_3a7188eb,Spring Data Boost,2026-02-05,2026-03-12
1222,CAMP_6ec8dcc3,Flash Bundle Blitz,2026-02-23,2026-03-15
1223,CAMP_3a7188eb,Spring Data Boost,2026-02-22,2026-04-07
1224,CAMP_3a7188eb,Spring Data Boost,2026-01-26,2026-02-12
1225,CAMP_71790c70,Flash Bundle Blitz,2026-02-23,2026-03-31
1226,CAMP_3a7188eb,Spring Data Boost,2026-01-19,2026-02-07
1227,CAMP_6ec8dcc3,Flash Bundle Blitz,2026-01-12,2026-01-27
1228,CAMP_3a7188eb,Spring Data Boost,2026-02-25,2026-04-01
1229,CAMP_6ec8dcc3,Flash Bundle Blitz,2026-01-24,2026-03-16
1230,CAMP_71790c70,Flash Bundle Blitz,2026-02-01,2026-03-24
1231,CAMP_6ec8dcc3,Flash Bundle Blitz,2026-02-19,2026-02-28
1232,CAMP_71790c70,Flash Bundle Blitz,2026-01-19,2026-03-06
1233,CAMP_3a7188eb,Spring Data Boost,2026-02-18,2026-03-01
1234,CAMP_6ec8dcc3,Flash Bundle Blitz,2026-01-20,2026-03-14
1235,CAMP_3a7188eb,Spring Data Boost,2026-01-24,2026-02-05
1236,CAMP_71790c70,Flash Bundle Blitz,2026-03-07,2026-03-23
1237,CAMP_568269e4,Loyalty Reward Drive,2026-03-06,2026-04-15
1238,CAMP_5ca4a2f6,Flash Bundle Blitz,2026-01-30,2026-03-08
1239,CAMP_568269e4,Loyalty Reward Drive,2026-03-08,2026-04-28
1240,CAMP_3a7188eb,Spring Data Boost,2026-02-03,2026-02-23
1241,CAMP_5ca4a2f6,Flash Bundle Blitz,2026-02-22,2026-03-12
1242,CAMP_568269e4,Loyalty Reward Drive,2026-01-20,2026-01-28
1243,CAMP_568269e4,Loyalty Reward Drive,2026-01-15,2026-01-31
1244,CAMP_71790c70,Flash Bundle Blitz,2026-02-26,2026-04-16
1245,CAMP_3a7188eb,Spring Data Boost,2026-01-17,2026-02-09
1246,CAMP_3a7188eb,Spring Data Boost,2026-03-06,2026-04-07
1247,CAMP_3a7188eb,Spring Data Boost,2026-01-13,2026-03-12
1248,CAMP_3a7188eb,Spring Data Boost,2026-01-27,2026-03-02
1249,CAMP_6ec8dcc3,Flash Bundle Blitz,2026-01-23,2026-02-16
1250,CAMP_5ca4a2f6,Flash Bundle Blitz,2026-01-23,2026-01-27
1251,CAMP_3a7188eb,Spring Data Boost,2026-01-19,2026-01-21
1252,CAMP_5ca4a2f6,Flash Bundle Blitz,2026-02-10,2026-02-23
1253,CAMP_5ca4a2f6,Flash Bundle Blitz,2026-03-05,2026-03-06
1254,CAMP_71790c70,Flash Bundle Blitz,2026-01-31,2026-02-22
1255,CAMP_568269e4,Loyalty Reward Drive,2026-03-07,2026-03-17
1256,CAMP_568269e4,Loyalty Reward Drive,2026-01-24,2026-03-19
1257,CAMP_3a7188eb,Spring Data Boost,2026-02-20,2026-04-03
1258,CAMP_6ec8dcc3,Flash Bundle Blitz,2026-01-14,2026-02-22
1259,CAMP_3a7188eb,Spring Data Boost,2026-02-16,2026-04-13
1260,CAMP_568269e4,Loyalty Reward Drive,2026-03-10,2026-05-05
1261,CAMP_5ca4a2f6,Flash Bundle Blitz,2026-02-18,2026-02-28
1262,CAMP_568269e4,Loyalty Reward Drive,2026-02-25,2026-03-24
1263,CAMP_5ca4a2f6,Flash Bundle Blitz,2026-01-24,2026-01-25
1264,CAMP_71790c70,Flash Bundle Blitz,2026-02-01,2026-02-26
1265,CAMP_3a7188eb,Spring Data Boost,2026-03-06,2026-04-20
1266,CAMP_568269e4,Loyalty Reward Drive,2026-02-17,2026-03-18
1267,CAMP_71790c70,Flash Bundle Blitz,2026-01-25,2026-02-26
1268,CAMP_6ec8dcc3,Flash Bundle Blitz,2026-02-24,2026-04-12
1269,CAMP_568269e4,Loyalty Reward Drive,2026-01-15,2026-01-19
1270,CAMP_5ca4a2f6,Flash Bundle Blitz,2026-01-25,2026-02-04
1271,CAMP_6ec8dcc3,Flash Bundle Blitz,2026-02-07,2026-03-21
1272,CAMP_5ca4a2f6,Flash Bundle Blitz,2026-02-01,2026-04-01
1273,CAMP_568269e4,Loyalty Reward Drive,2026-02-25,2026-03-04
1274,CAMP_6ec8dcc3,Flash Bundle Blitz,2026-01-21,2026-03-10
1275,CAMP_568269e4,Loyalty Reward Drive,2026-01-19,2026-03-11
1276,CAMP_71790c70,Flash Bundle Blitz,2026-02-24,2026-04-09
1277,CAMP_568269e4,Loyalty Reward Drive,2026-03-02,2026-03-12
1278,CAMP_5ca4a2f6,Flash Bundle Blitz,2026-02-15,2026-03-13
1279,CAMP_5ca4a2f6,Flash Bundle Blitz,2026-03-04,2026-04-19
1280,CAMP_71790c70,Flash Bundle Blitz,2026-02-16,2026-04-17
1281,CAMP_71790c70,Flash Bundle Blitz,2026-01-31,2026-03-22
1282,CAMP_71790c70,Flash Bundle Blitz,2026-02-23,2026-03-14
1283,CAMP_3a7188eb,Spring Data Boost,2026-01-17,2026-02-01
1284,CAMP_71790c70,Flash Bundle Blitz,2026-01-22,2026-03-13
1285,CAMP_71790c70,Flash Bundle Blitz,2026-03-07,2026-03-24
1286,CAMP_71790c70,Flash Bundle Blitz,2026-02-14,2026-02-22
1287,CAMP_6ec8dcc3,Flash Bundle Blitz,2026-02-18,2026-03-03
1288,CAMP_6ec8dcc3,Flash Bundle Blitz,2026-02-18,2026-03-22
1289,CAMP_71790c70,Flash Bundle Blitz,2026-01-23,2026-03-03
1290,CAMP_71790c70,Flash Bundle Blitz,2026-01-12,2026-02-28
1291,CAMP_3a7188eb,Spring Data Boost,2026-02-03,2026-02-21
1292,CAMP_568269e4,Loyalty Reward Drive,2026-02-26,2026-03-07
1293,CAMP_5ca4a2f6,Flash Bundle Blitz,2026-01-21,2026-01-31
1294,CAMP_568269e4,Loyalty Reward Drive,2026-01-31,2026-03-21
1295,CAMP_3a7188eb,Spring Data Boost,2026-01-11,2026-01-31
1296,CAMP_71790c70,Flash Bundle Blitz,2026-03-07,2026-04-01
1297,CAMP_3a7188eb,Spring Data Boost,2026-01-27,2026-02-22
1298,CAMP_71790c70,Flash Bundle Blitz,2026-01-11,2026-02-16
1299,CAMP_5ca4a2f6,Flash Bundle Blitz,2026-01-11,2026-02-15
1300,CAMP_3a7188eb,Spring Data Boost,2026-02-12,2026-03-22
1301,CAMP_6ec8dcc3,Flash Bundle Blitz,2026-01-19,2026-02-08
1302,CAMP_3a7188eb,Spring Data Boost,2026-02-01,2026-03-08
1303,CAMP_3a7188eb,Spring Data Boost,2026-02-24,2026-04-04
1304,CAMP_71790c70,Flash Bundle Blitz,2026-02-18,2026-04-10
1305,CAMP_71790c70,Flash Bundle Blitz,2026-01-28,2026-02-02
1306,CAMP_5ca4a2f6,Flash Bundle Blitz,2026-02-03,2026-02-21
1307,CAMP_71790c70,Flash Bundle Blitz,2026-02-15,2026-03-11
1308,CAMP_5ca4a2f6,Flash Bundle Blitz,2026-03-07,2026-04-22
1309,CAMP_3a7188eb,Spring Data Boost,2026-01-23,2026-01-26
1310,CAMP_5ca4a2f6,Flash Bundle Blitz,2026-02-03,2026-02-07
1311,CAMP_3a7188eb,Spring Data Boost,2026-02-17,2026-03-06
1312,CAMP_5ca4a2f6,Flash Bundle Blitz,2026-02-06,2026-03-05
1313,CAMP_5ca4a2f6,Flash Bundle Blitz,2026-02-26,2026-03-19
1314,CAMP_6ec8dcc3,Flash Bundle Blitz,2026-01-16,2026-01-22
1315,CAMP_71790c70,Flash Bundle Blitz,2026-01-28,2026-03-29
1316,CAMP_71790c70,Flash Bundle Blitz,2026-02-20,2026-04-19
1317,CAMP_6ec8dcc3,Flash Bundle Blitz,2026-02-02,2026-03-09
1318,CAMP_71790c70,Flash Bundle Blitz,2026-01-22,2026-03-22
1319,CAMP_3a7188eb,Spring Data Boost,2026-02-28,2026-03-04
1320,CAMP_5ca4a2f6,Flash Bundle Blitz,2026-01-24,2026-03-02
1321,CAMP_3a7188eb,Spring Data Boost,2026-02-04,2026-02-13
1322,CAMP_71790c70,Flash Bundle Blitz,2026-02-15,2026-03-27
1323,CAMP_568269e4,Loyalty Reward Drive,2026-02-05,2026-03-10
1324,CAMP_568269e4,Loyalty Reward Drive,2026-03-07,2026-04-16
1325,CAMP_3a7188eb,Spring Data Boost,2026-02-21,2026-04-05
1326,CAMP_5ca4a2f6,Flash Bundle Blitz,2026-01-19,2026-02-06
1327,CAMP_71790c70,Flash Bundle Blitz,2026-01-16,2026-02-10
1328,CAMP_71790c70,Flash Bundle Blitz,2026-02-20,2026-02-28
1329,CAMP_5ca4a2f6,Flash Bundle Blitz,2026-03-10,2026-04-02
1330,CAMP_568269e4,Loyalty Reward Drive,2026-03-05,2026-03-16
1331,CAMP_568269e4,Loyalty Reward Drive,2026-02-22,2026-04-02
1332,CAMP_6ec8dcc3,Flash Bundle Blitz,2026-01-15,2026-02-25
1333,CAMP_71790c70,Flash Bundle Blitz,2026-02-22,2026-02-23
1334,CAMP_5ca4a2f6,Flash Bundle Blitz,2026-02-16,2026-02-27
1335,CAMP_6ec8dcc3,Flash Bundle Blitz,2026-02-24,2026-04-07
1336,CAMP_71790c70,Flash Bundle Blitz,2026-02-24,2026-03-01
1337,CAMP_3a7188eb,Spring Data Boost,2026-02-12,2026-03-14
1338,CAMP_568269e4,Loyalty Reward Drive,2026-02-12,2026-03-06
1339,CAMP_71790c70,Flash Bundle Blitz,2026-01-15,2026-02-04
1340,CAMP_71790c70,Flash Bundle Blitz,2026-01-13,2026-03-04
1341,CAMP_5ca4a2f6,Flash Bundle Blitz,2026-02-25,2026-04-11
1342,CAMP_6ec8dcc3,Flash Bundle Blitz,2026-01-11,2026-02-20
1343,CAMP_5ca4a2f6,Flash Bundle Blitz,2026-01-27,2026-02-17
1344,CAMP_568269e4,Loyalty Reward Drive,2026-02-10,2026-02-13
1345,CAMP_3a7188eb,Spring Data Boost,2026-01-12,2026-02-14
1346,CAMP_6ec8dcc3,Flash Bundle Blitz,2026-02-08,2026-03-30
1347,CAMP_6ec8dcc3,Flash Bundle Blitz,2026-01-26,2026-03-17
1348,CAMP_3a7188eb,Spring Data Boost,2026-02-27,2026-04-19
1349,CAMP_5ca4a2f6,Flash Bundle Blitz,2026-02-06,2026-03-15
1350,CAMP_5ca4a2f6,Flash Bundle Blitz,2026-03-06,2026-03-10
1351,CAMP_568269e4,Loyalty Reward Drive,2026-01-17,2026-02-04
1352,CAMP_3a7188eb,Spring Data Boost,2026-01-25,2026-02-11
1353,CAMP_568269e4,Loyalty Reward Drive,2026-01-29,2026-03-17
1354,CAMP_5ca4a2f6,Flash Bundle Blitz,2026-03-07,2026-04-02
1355,CAMP_568269e4,Loyalty Reward Drive,2026-01-31,2026-03-26
1356,CAMP_568269e4,Loyalty Reward Drive,2026-03-02,2026-03-12
1357,CAMP_6ec8dcc3,Flash Bundle Blitz,2026-03-04,2026-04-14
1358,CAMP_568269e4,Loyalty Reward Drive,2026-02-22,2026-03-10
1359,CAMP_3a7188eb,Spring Data Boost,2026-03-07,2026-03-08
1360,CAMP_5ca4a2f6,Flash Bundle Blitz,2026-01-13,2026-02-04
1361,CAMP_3a7188eb,Spring Data Boost,2026-02-27,2026-04-18
1362,CAMP_6ec8dcc3,Flash Bundle Blitz,2026-01-22,2026-02-13
1363,CAMP_71790c70,Flash Bundle Blitz,2026-01-28,2026-02-20
1364,CAMP_568269e4,Loyalty Reward Drive,2026-01-18,2026-03-10
1365,CAMP_3a7188eb,Spring Data Boost,2026-02-04,2026-02-28
1366,CAMP_71790c70,Flash Bundle Blitz,2026-02-01,2026-02-22
1367,CAMP_6ec8dcc3,Flash Bundle Blitz,2026-02-11,2026-02-13
1368,CAMP_568269e4,Loyalty Reward Drive,2026-02-16,2026-02-28
1369,CAMP_71790c70,Flash Bundle Blitz,2026-02-05,2026-03-10
1370,CAMP_3a7188eb,Spring Data Boost,2026-01-18,2026-02-04
1371,CAMP_568269e4,Loyalty Reward Drive,2026-02-24,2026-04-04
1372,CAMP_6ec8dcc3,Flash Bundle Blitz,2026-02-13,2026-03-26
1373,CAMP_568269e4,Loyalty Reward Drive,2026-02-04,2026-02-21
1374,CAMP_6ec8dcc3,Flash Bundle Blitz,2026-01-16,2026-01-17
1375,CAMP_71790c70,Flash Bundle Blitz,2026-01-16,2026-01-27
1376,CAMP_71790c70,Flash Bundle Blitz,2026-03-05,2026-03-17
1377,CAMP_6ec8dcc3,Flash Bundle Blitz,2026-02-24,2026-03-06
1378,CAMP_71790c70,Flash Bundle Blitz,2026-01-16,2026-02-02
1379,CAMP_3a7188eb,Spring Data Boost,2026-02-12,2026-04-03
1380,CAMP_71790c70,Flash Bundle Blitz,2026-02-08,2026-02-22
1381,CAMP_71790c70,Flash Bundle Blitz,2026-03-04,2026-03-28
1382,CAMP_3a7188eb,Spring Data Boost,2026-03-05,2026-03-16
1383,CAMP_71790c70,Flash Bundle Blitz,2026-01-19,2026-02-27
1384,CAMP_3a7188eb,Spring Data Boost,2026-02-22,2026-03-21
1385,CAMP_568269e4,Loyalty Reward Drive,2026-02-28,2026-04-06
1386,CAMP_71790c70,Flash Bundle Blitz,2026-03-08,2026-04-02
1387,CAMP_568269e4,Loyalty Reward Drive,2026-01-22,2026-02-08
1388,CAMP_568269e4,Loyalty Reward Drive,2026-01-20,2026-01-31
1389,CAMP_3a7188eb,Spring Data Boost,2026-02-19,2026-04-17
1390,CAMP_568269e4,Loyalty Reward Drive,2026-02-03,2026-03-24
1391,CAMP_3a7188eb,Spring Data Boost,2026-01-20,2026-01-31
1392,CAMP_71790c70,Flash Bundle Blitz,2026-02-12,2026-04-11
1393,CAMP_5ca4a2f6,Flash Bundle Blitz,2026-02-16,2026-02-22
1394,CAMP_3a7188eb,Spring Data Boost,2026-01-16,2026-02-25
1395,CAMP_6ec8dcc3,Flash Bundle Blitz,2026-02-01,2026-03-07
1396,CAMP_568269e4,Loyalty Reward Drive,2026-01-25,2026-03-19
1397,CAMP_568269e4,Loyalty Reward Drive,2026-03-05,2026-03-21
1398,CAMP_71790c70,Flash Bundle Blitz,2026-01-09,2026-02-07
1399,CAMP_568269e4,Loyalty Reward Drive,2026-01-20,2026-03-11
1400,CAMP_5ca4a2f6,Flash Bundle Blitz,2026-01-09,2026-02-10
1401,CAMP_6ec8dcc3,Flash Bundle Blitz,2026-01-29,2026-01-31
1402,CAMP_568269e4,Loyalty Reward Drive,2026-02-17,2026-04-01
1403,CAMP_6ec8dcc3,Flash Bundle Blitz,2026-01-26,2026-03-20
1404,CAMP_6ec8dcc3,Flash Bundle Blitz,2026-01-15,2026-01-24
1405,CAMP_6ec8dcc3,Flash Bundle Blitz,2026-01-13,2026-03-07
1406,CAMP_5ca4a2f6,Flash Bundle Blitz,2026-02-10,2026-02-11
1407,CAMP_6ec8dcc3,Flash Bundle Blitz,2026-02-28,2026-03-07
1408,CAMP_568269e4,Loyalty Reward Drive,2026-01-18,2026-02-25
1409,CAMP_568269e4,Loyalty Reward Drive,2026-02-23,2026-04-04
1410,CAMP_5ca4a2f6,Flash Bundle Blitz,2026-02-04,2026-03-30
1411,CAMP_71790c70,Flash Bundle Blitz,2026-03-06,2026-04-22
1412,CAMP_568269e4,Loyalty Reward Drive,2026-03-01,2026-03-27
1413,CAMP_568269e4,Loyalty Reward Drive,2026-02-22,2026-04-11
1414,CAMP_71790c70,Flash Bundle Blitz,2026-02-09,2026-03-06
1415,CAMP_71790c70,Flash Bundle Blitz,2026-01-22,2026-03-19
1416,CAMP_71790c70,Flash Bundle Blitz,2026-02-18,2026-03-18
1417,CAMP_5ca4a2f6,Flash Bundle Blitz,2026-01-22,2026-02-09
1418,CAMP_3a7188eb,Spring Data Boost,2026-02-27,2026-03-02
1419,CAMP_71790c70,Flash Bundle Blitz,2026-02-12,2026-04-06
1420,CAMP_3a7188eb,Spring Data Boost,2026-01-12,2026-03-12
1421,CAMP_568269e4,Loyalty Reward Drive,2026-01-23,2026-03-19
1422,CAMP_3a7188eb,Spring Data Boost,2026-03-07,2026-04-21
1423,CAMP_3a7188eb,Spring Data Boost,2026-02-21,2026-03-07
1424,CAMP_71790c70,Flash Bundle Blitz,2026-01-29,2026-01-31
1425,CAMP_5ca4a2f6,Flash Bundle Blitz,2026-03-01,2026-03-05
1426,CAMP_568269e4,Loyalty Reward Drive,2026-02-23,2026-04-16
1427,CAMP_6ec8dcc3,Flash Bundle Blitz,2026-01-23,2026-03-06
1428,CAMP_71790c70,Flash Bundle Blitz,2026-01-10,2026-02-06
1429,CAMP_3a7188eb,Spring Data Boost,2026-02-04,2026-03-07
1430,CAMP_71790c70,Flash Bundle Blitz,2026-01-11,2026-01-22
1431,CAMP_568269e4,Loyalty Reward Drive,2026-01-29,2026-03-07
1432,CAMP_71790c70,Flash Bundle Blitz,2026-01-26,2026-03-02
1433,CAMP_568269e4,Loyalty Reward Drive,2026-03-04,2026-04-10
1434,CAMP_5ca4a2f6,Flash Bundle Blitz,2026-01-27,2026-03-10
1435,CAMP_71790c70,Flash Bundle Blitz,2026-02-12,2026-03-11
1436,CAMP_6ec8dcc3,Flash Bundle Blitz,2026-02-05,2026-03-29
1437,CAMP_568269e4,Loyalty Reward Drive,2026-02-28,2026-03-29
1438,CAMP_568269e4,Loyalty Reward Drive,2026-03-05,2026-03-15
1439,CAMP_71790c70,Flash Bundle Blitz,2026-01-29,2026-03-28
1440,CAMP_568269e4,Loyalty Reward Drive,2026-02-04,2026-02-28
1441,CAMP_3a7188eb,Spring Data Boost,2026-02-23,2026-03-22
1442,CAMP_71790c70,Flash Bundle Blitz,2026-01-23,2026-02-06
1443,CAMP_568269e4,Loyalty Reward Drive,2026-02-19,2026-03-30
1444,CAMP_6ec8dcc3,Flash Bundle Blitz,2026-02-21,2026-03-06
1445,CAMP_3a7188eb,Spring Data Boost,2026-02-24,2026-03-30
1446,CAMP_3a7188eb,Spring Data Boost,2026-02-05,2026-02-23
1447,CAMP_71790c70,Flash Bundle Blitz,2026-01-18,2026-03-19
1448,CAMP_568269e4,Loyalty Reward Drive,2026-02-13,2026-04-11
1449,CAMP_6ec8dcc3,Flash Bundle Blitz,2026-02-17,2026-02-18
1450,CAMP_5ca4a2f6,Flash Bundle Blitz,2026-02-18,2026-03-04
1451,CAMP_71790c70,Flash Bundle Blitz,2026-01-21,2026-02-16
1452,CAMP_568269e4,Loyalty Reward Drive,2026-02-10,2026-02-11
1453,CAMP_3a7188eb,Spring Data Boost,2026-02-09,2026-02-10
1454,CAMP_71790c70,Flash Bundle Blitz,2026-02-20,2026-04-02
1455,CAMP_71790c70,Flash Bundle Blitz,2026-02-09,2026-04-04
1456,CAMP_71790c70,Flash Bundle Blitz,2026-02-27,2026-03-17
1457,CAMP_3a7188eb,Spring Data Boost,2026-03-05,2026-04-16
1458,CAMP_3a7188eb,Spring Data Boost,2026-02-15,2026-03-21
1459,CAMP_5ca4a2f6,Flash Bundle Blitz,2026-02-07,2026-03-26
1460,CAMP_568269e4,Loyalty Reward Drive,2026-01-12,2026-02-13
1461,CAMP_6ec8dcc3,Flash Bundle Blitz,2026-01-16,2026-03-13
1462,CAMP_71790c70,Flash Bundle Blitz,2026-02-07,2026-04-08
1463,CAMP_5ca4a2f6,Flash Bundle Blitz,2026-02-17,2026-03-05
1464,CAMP_568269e4,Loyalty Reward Drive,2026-02-03,2026-02-19
1465,CAMP_6ec8dcc3,Flash Bundle Blitz,2026-02-04,2026-02-14
1466,CAMP_5ca4a2f6,Flash Bundle Blitz,2026-01-16,2026-03-09
1467,CAMP_568269e4,Loyalty Reward Drive,2026-02-18,2026-02-26
1468,CAMP_568269e4,Loyalty Reward Drive,2026-02-09,2026-04-08
1469,CAMP_3a7188eb,Spring Data Boost,2026-03-02,2026-03-07
1470,CAMP_5ca4a2f6,Flash Bundle Blitz,2026-02-20,2026-03-17
1471,CAMP_6ec8dcc3,Flash Bundle Blitz,2026-02-06,2026-02-13
1472,CAMP_3a7188eb,Spring Data Boost,2026-02-04,2026-03-05
1473,CAMP_3a7188eb,Spring Data Boost,2026-01-24,2026-02-21
1474,CAMP_3a7188eb,Spring Data Boost,2026-01-22,2026-03-02
1475,CAMP_71790c70,Flash Bundle Blitz,2026-01-31,2026-03-31
1476,CAMP_5ca4a2f6,Flash Bundle Blitz,2026-01-09,2026-03-02
1477,CAMP_6ec8dcc3,Flash Bundle Blitz,2026-01-29,2026-03-11
1478,CAMP_5ca4a2f6,Flash Bundle Blitz,2026-02-13,2026-04-13
1479,CAMP_5ca4a2f6,Flash Bundle Blitz,2026-02-27,2026-04-21
1480,CAMP_5ca4a2f6,Flash Bundle Blitz,2026-01-13,2026-01-20
1481,CAMP_5ca4a2f6,Flash Bundle Blitz,2026-01-19,2026-01-30
1482,CAMP_3a7188eb,Spring Data Boost,2026-01-31,2026-03-28
1483,CAMP_3a7188eb,Spring Data Boost,2026-01-31,2026-02-02
1484,CAMP_71790c70,Flash Bundle Blitz,2026-02-27,2026-04-02
1485,CAMP_3a7188eb,Spring Data Boost,2026-01-22,2026-03-22
1486,CAMP_6ec8dcc3,Flash Bundle Blitz,2026-02-05,2026-03-02
1487,CAMP_71790c70,Flash Bundle Blitz,2026-01-16,2026-03-16
1488,CAMP_5ca4a2f6,Flash Bundle Blitz,2026-02-04,2026-03-10
1489,CAMP_6ec8dcc3,Flash Bundle Blitz,2026-02-12,2026-03-09
1490,CAMP_5ca4a2f6,Flash Bundle Blitz,2026-01-13,2026-03-11
1491,CAMP_6ec8dcc3,Flash Bundle Blitz,2026-02-22,2026-03-18
1492,CAMP_71790c70,Flash Bundle Blitz,2026-03-07,2026-03-29
1493,CAMP_568269e4,Loyalty Reward Drive,2026-02-17,2026-03-20
1494,CAMP_6ec8dcc3,Flash Bundle Blitz,2026-02-09,2026-03-15
1495,CAMP_71790c70,Flash Bundle Blitz,2026-01-18,2026-03-03
1496,CAMP_71790c70,Flash Bundle Blitz,2026-02-08,2026-03-07
1497,CAMP_5ca4a2f6,Flash Bundle Blitz,2026-03-02,2026-04-06
1498,CAMP_6ec8dcc3,Flash Bundle Blitz,2026-01-13,2026-01-27
1499,CAMP_6ec8dcc3,Flash Bundle Blitz,2026-02-19,2026-03-26
1500,CAMP_6ec8dcc3,Flash Bundle Blitz,2026-03-04,2026-04-28
1501,CAMP_6ec8dcc3,Flash Bundle Blitz,2026-01-24,2026-03-11
1502,CAMP_3a7188eb,Spring Data Boost,2026-02-10,2026-02-17
1503,CAMP_568269e4,Loyalty Reward Drive,2026-02-25,2026-04-10
1504,CAMP_5ca4a2f6,Flash Bundle Blitz,2026-01-26,2026-02-13
1505,CAMP_3a7188eb,Spring Data Boost,2026-03-04,2026-03-21
1506,CAMP_6ec8dcc3,Flash Bundle Blitz,2026-02-17,2026-02-22
1507,CAMP_568269e4,Loyalty Reward Drive,2026-03-05,2026-04-04
1508,CAMP_6ec8dcc3,Flash Bundle Blitz,2026-02-19,2026-03-10
1509,CAMP_71790c70,Flash Bundle Blitz,2026-02-07,2026-02-19
1510,CAMP_6ec8dcc3,Flash Bundle Blitz,2026-01-19,2026-03-15
1511,CAMP_71790c70,Flash Bundle Blitz,2026-01-22,2026-01-24
1512,CAMP_3a7188eb,Spring Data Boost,2026-01-27,2026-02-07
1513,CAMP_6ec8dcc3,Flash Bundle Blitz,2026-02-16,2026-03-25
1514,CAMP_3a7188eb,Spring Data Boost,2026-01-21,2026-02-06
1515,CAMP_568269e4,Loyalty Reward Drive,2026-02-07,2026-02-19
1516,CAMP_568269e4,Loyalty Reward Drive,2026-01-10,2026-02-05
1517,CAMP_3a7188eb,Spring Data Boost,2026-02-28,2026-04-04
1518,CAMP_71790c70,Flash Bundle Blitz,2026-03-01,2026-03-12
1519,CAMP_3a7188eb,Spring Data Boost,2026-02-25,2026-04-08
1520,CAMP_3a7188eb,Spring Data Boost,2026-02-13,2026-03-07
1521,CAMP_5ca4a2f6,Flash Bundle Blitz,2026-02-12,2026-03-09
1522,CAMP_6ec8dcc3,Flash Bundle Blitz,2026-01-22,2026-03-05
1523,CAMP_6ec8dcc3,Flash Bundle Blitz,2026-03-03,2026-03-04
1524,CAMP_3a7188eb,Spring Data Boost,2026-01-12,2026-02-17
1525,CAMP_5ca4a2f6,Flash Bundle Blitz,2026-01-13,2026-02-21
1526,CAMP_3a7188eb,Spring Data Boost,2026-03-01,2026-04-01
1527,CAMP_568269e4,Loyalty Reward Drive,2026-02-06,2026-03-11
1528,CAMP_5ca4a2f6,Flash Bundle Blitz,2026-01-11,2026-02-20
1529,CAMP_3a7188eb,Spring Data Boost,2026-03-05,2026-04-06
1530,CAMP_6ec8dcc3,Flash Bundle Blitz,2026-01-15,2026-03-07
1531,CAMP_568269e4,Loyalty Reward Drive,2026-01-28,2026-03-22
1532,CAMP_3a7188eb,Spring Data Boost,2026-02-06,2026-02-24
1533,CAMP_3a7188eb,Spring Data Boost,2026-03-06,2026-03-31
1534,CAMP_6ec8dcc3,Flash Bundle Blitz,2026-01-11,2026-01-22
1535,CAMP_5ca4a2f6,Flash Bundle Blitz,2026-02-25,2026-04-20
1536,CAMP_3a7188eb,Spring Data Boost,2026-01-17,2026-02-24
1537,CAMP_568269e4,Loyalty Reward Drive,2026-02-11,2026-02-15
1538,CAMP_5ca4a2f6,Flash Bundle Blitz,2026-01-22,2026-03-17
1539,CAMP_71790c70,Flash Bundle Blitz,2026-02-03,2026-03-20
1540,CAMP_71790c70,Flash Bundle Blitz,2026-02-15,2026-04-05
1541,CAMP_5ca4a2f6,Flash Bundle Blitz,2026-02-14,2026-02-27
1542,CAMP_6ec8dcc3,Flash Bundle Blitz,2026-03-02,2026-03-18
1543,CAMP_71790c70,Flash Bundle Blitz,2026-02-10,2026-02-26
1544,CAMP_5ca4a2f6,Flash Bundle Blitz,2026-03-02,2026-03-17
1545,CAMP_5ca4a2f6,Flash Bundle Blitz,2026-02-28,2026-04-15
1546,CAMP_6ec8dcc3,Flash Bundle Blitz,2026-03-08,2026-05-01
1547,CAMP_5ca4a2f6,Flash Bundle Blitz,2026-02-01,2026-02-02
1548,CAMP_6ec8dcc3,Flash Bundle Blitz,2026-01-27,2026-03-24
1549,CAMP_6ec8dcc3,Flash Bundle Blitz,2026-01-23,2026-03-09
1550,CAMP_5ca4a2f6,Flash Bundle Blitz,2026-01-15,2026-02-12
1551,CAMP_5ca4a2f6,Flash Bundle Blitz,2026-03-02,2026-03-08
1552,CAMP_6ec8dcc3,Flash Bundle Blitz,2026-02-10,2026-03-31
1553,CAMP_3a7188eb,Spring Data Boost,2026-02-25,2026-04-15
1554,CAMP_568269e4,Loyalty Reward Drive,2026-03-01,2026-04-21
1555,CAMP_568269e4,Loyalty Reward Drive,2026-03-03,2026-04-08
1556,CAMP_6ec8dcc3,Flash Bundle Blitz,2026-01-19,2026-03-13
1557,CAMP_3a7188eb,Spring Data Boost,2026-02-06,2026-03-07
1558,CAMP_71790c70,Flash Bundle Blitz,2026-01-19,2026-03-20
1559,CAMP_5ca4a2f6,Flash Bundle Blitz,2026-01-24,2026-03-24
1560,CAMP_71790c70,Flash Bundle Blitz,2026-02-27,2026-03-22
1561,CAMP_568269e4,Loyalty Reward Drive,2026-03-08,2026-03-14
1562,CAMP_6ec8dcc3,Flash Bundle Blitz,2026-02-17,2026-04-06
1563,CAMP_568269e4,Loyalty Reward Drive,2026-02-18,2026-04-04
1564,CAMP_71790c70,Flash Bundle Blitz,2026-02-27,2026-04-02
1565,CAMP_3a7188eb,Spring Data Boost,2026-01-29,2026-02-15
1566,CAMP_3a7188eb,Spring Data Boost,2026-02-11,2026-04-06
1567,CAMP_5ca4a2f6,Flash Bundle Blitz,2026-02-02,2026-02-04
1568,CAMP_3a7188eb,Spring Data Boost,2026-02-04,2026-03-05
1569,CAMP_71790c70,Flash Bundle Blitz,2026-02-08,2026-02-24
1570,CAMP_6ec8dcc3,Flash Bundle Blitz,2026-03-01,2026-03-29
1571,CAMP_568269e4,Loyalty Reward Drive,2026-01-28,2026-03-28
1572,CAMP_6ec8dcc3,Flash Bundle Blitz,2026-02-22,2026-03-18
1573,CAMP_71790c70,Flash Bundle Blitz,2026-01-26,2026-03-03
1574,CAMP_71790c70,Flash Bundle Blitz,2026-01-22,2026-01-26
1575,CAMP_5ca4a2f6,Flash Bundle Blitz,2026-01-22,2026-03-14
1576,CAMP_3a7188eb,Spring Data Boost,2026-02-13,2026-03-17
1577,CAMP_568269e4,Loyalty Reward Drive,2026-02-27,2026-03-21
1578,CAMP_568269e4,Loyalty Reward Drive,2026-03-02,2026-03-21
1579,CAMP_71790c70,Flash Bundle Blitz,2026-03-03,2026-03-29
1580,CAMP_3a7188eb,Spring Data Boost,2026-01-21,2026-03-21
1581,CAMP_568269e4,Loyalty Reward Drive,2026-03-06,2026-03-25
1582,CAMP_71790c70,Flash Bundle Blitz,2026-02-21,2026-03-06
1583,CAMP_3a7188eb,Spring Data Boost,2026-02-20,2026-03-04
1584,CAMP_71790c70,Flash Bundle Blitz,2026-02-23,2026-03-12
1585,CAMP_71790c70,Flash Bundle Blitz,2026-02-09,2026-03-10
1586,CAMP_568269e4,Loyalty Reward Drive,2026-03-08,2026-03-18
1587,CAMP_6ec8dcc3,Flash Bundle Blitz,2026-02-10,2026-02-12
1588,CAMP_5ca4a2f6,Flash Bundle Blitz,2026-01-27,2026-02-24
1589,CAMP_71790c70,Flash Bundle Blitz,2026-01-29,2026-03-07
1590,CAMP_6ec8dcc3,Flash Bundle Blitz,2026-01-10,2026-02-23
1591,CAMP_3a7188eb,Spring Data Boost,2026-01-11,2026-01-15
1592,CAMP_6ec8dcc3,Flash Bundle Blitz,2026-02-13,2026-03-10
1593,CAMP_6ec8dcc3,Flash Bundle Blitz,2026-01-28,2026-03-13
1594,CAMP_568269e4,Loyalty Reward Drive,2026-01-15,2026-02-02
1595,CAMP_71790c70,Flash Bundle Blitz,2026-02-20,2026-04-19
1596,CAMP_568269e4,Loyalty Reward Drive,2026-01-27,2026-01-30
1597,CAMP_568269e4,Loyalty Reward Drive,2026-03-05,2026-03-12
1598,CAMP_71790c70,Flash Bundle Blitz,2026-02-07,2026-03-24
1599,CAMP_568269e4,Loyalty Reward Drive,2026-02-05,2026-03-06
1600,CAMP_6ec8dcc3,Flash Bundle Blitz,2026-02-02,2026-03-31
1601,CAMP_6ec8dcc3,Flash Bundle Blitz,2026-02-07,2026-03-27
1602,CAMP_6ec8dcc3,Flash Bundle Blitz,2026-01-10,2026-01-15
1603,CAMP_71790c70,Flash Bundle Blitz,2026-01-24,2026-02-10
1604,CAMP_6ec8dcc3,Flash Bundle Blitz,2026-01-17,2026-02-20
1605,CAMP_5ca4a2f6,Flash Bundle Blitz,2026-02-12,2026-03-02
1606,CAMP_71790c70,Flash Bundle Blitz,2026-01-11,2026-01-23
1607,CAMP_6ec8dcc3,Flash Bundle Blitz,2026-02-07,2026-03-17
1608,CAMP_3a7188eb,Spring Data Boost,2026-02-25,2026-03-23
1609,CAMP_5ca4a2f6,Flash Bundle Blitz,2026-02-17,2026-03-06
1610,CAMP_3a7188eb,Spring Data Boost,2026-01-31,2026-02-24
1611,CAMP_5ca4a2f6,Flash Bundle Blitz,2026-01-16,2026-01-26
1612,CAMP_568269e4,Loyalty Reward Drive,2026-01-22,2026-01-30
1613,CAMP_3a7188eb,Spring Data Boost,2026-02-01,2026-02-27
1614,CAMP_568269e4,Loyalty Reward Drive,2026-01-25,2026-03-16
1615,CAMP_5ca4a2f6,Flash Bundle Blitz,2026-02-22,2026-04-21
1616,CAMP_6ec8dcc3,Flash Bundle Blitz,2026-02-03,2026-02-23
1617,CAMP_71790c70,Flash Bundle Blitz,2026-01-21,2026-02-27
1618,CAMP_6ec8dcc3,Flash Bundle Blitz,2026-02-17,2026-03-12
1619,CAMP_3a7188eb,Spring Data Boost,2026-01-19,2026-01-29
1620,CAMP_568269e4,Loyalty Reward Drive,2026-01-30,2026-02-10
1621,CAMP_71790c70,Flash Bundle Blitz,2026-02-13,2026-04-12
1622,CAMP_5ca4a2f6,Flash Bundle Blitz,2026-02-11,2026-03-30
1623,CAMP_6ec8dcc3,Flash Bundle Blitz,2026-02-12,2026-03-03
1624,CAMP_3a7188eb,Spring Data Boost,2026-01-28,2026-02-14
1625,CAMP_568269e4,Loyalty Reward Drive,2026-02-15,2026-02-28
1626,CAMP_71790c70,Flash Bundle Blitz,2026-02-04,2026-03-18
1627,CAMP_71790c70,Flash Bundle Blitz,2026-02-26,2026-03-24
1628,CAMP_5ca4a2f6,Flash Bundle Blitz,2026-02-10,2026-03-27
1629,CAMP_71790c70,Flash Bundle Blitz,2026-01-10,2026-01-31
1630,CAMP_3a7188eb,Spring Data Boost,2026-03-10,2026-04-28
1631,CAMP_71790c70,Flash Bundle Blitz,2026-02-05,2026-02-08
1632,CAMP_5ca4a2f6,Flash Bundle Blitz,2026-02-15,2026-02-16
1633,CAMP_568269e4,Loyalty Reward Drive,2026-01-18,2026-03-17
1634,CAMP_3a7188eb,Spring Data Boost,2026-01-22,2026-03-11
1635,CAMP_568269e4,Loyalty Reward Drive,2026-03-06,2026-03-25
1636,CAMP_6ec8dcc3,Flash Bundle Blitz,2026-01-26,2026-03-16
1637,CAMP_6ec8dcc3,Flash Bundle Blitz,2026-01-15,2026-02-10
1638,CAMP_3a7188eb,Spring Data Boost,2026-02-13,2026-02-26
1639,CAMP_71790c70,Flash Bundle Blitz,2026-02-03,2026-03-29
1640,CAMP_71790c70,Flash Bundle Blitz,2026-01-10,2026-01-24
1641,CAMP_3a7188eb,Spring Data Boost,2026-02-05,2026-03-29
1642,CAMP_3a7188eb,Spring Data Boost,2026-01-20,2026-02-28
1643,CAMP_568269e4,Loyalty Reward Drive,2026-02-16,2026-04-16
1644,CAMP_71790c70,Flash Bundle Blitz,2026-03-03,2026-03-16
1645,CAMP_568269e4,Loyalty Reward Drive,2026-02-19,2026-04-15
1646,CAMP_71790c70,Flash Bundle Blitz,2026-02-05,2026-03-16
1647,CAMP_6ec8dcc3,Flash Bundle Blitz,2026-01-19,2026-01-25
1648,CAMP_71790c70,Flash Bundle Blitz,2026-01-19,2026-02-15
1649,CAMP_3a7188eb,Spring Data Boost,2026-01-18,2026-02-24
1650,CAMP_3a7188eb,Spring Data Boost,2026-02-04,2026-03-06
1651,CAMP_71790c70,Flash Bundle Blitz,2026-02-28,2026-03-02
1652,CAMP_71790c70,Flash Bundle Blitz,2026-03-10,2026-04-06
1653,CAMP_568269e4,Loyalty Reward Drive,2026-01-25,2026-02-10
1654,CAMP_3a7188eb,Spring Data Boost,2026-02-12,2026-03-19
1655,CAMP_3a7188eb,Spring Data Boost,2026-01-21,2026-02-24
1656,CAMP_71790c70,Flash Bundle Blitz,2026-01-12,2026-02-07
1657,CAMP_6ec8dcc3,Flash Bundle Blitz,2026-02-08,2026-02-13
1658,CAMP_6ec8dcc3,Flash Bundle Blitz,2026-02-18,2026-03-19
1659,CAMP_5ca4a2f6,Flash Bundle Blitz,2026-01-28,2026-02-14
1660,CAMP_5ca4a2f6,Flash Bundle Blitz,2026-01-19,2026-01-30
1661,CAMP_6ec8dcc3,Flash Bundle Blitz,2026-02-04,2026-03-07
1662,CAMP_3a7188eb,Spring Data Boost,2026-02-04,2026-03-04
1663,CAMP_568269e4,Loyalty Reward Drive,2026-01-18,2026-02-05
1664,CAMP_3a7188eb,Spring Data Boost,2026-03-01,2026-03-11
1665,CAMP_568269e4,Loyalty Reward Drive,2026-03-08,2026-05-04
1666,CAMP_5ca4a2f6,Flash Bundle Blitz,2026-03-04,2026-03-18
1667,CAMP_71790c70,Flash Bundle Blitz,2026-02-02,2026-02-16
1668,CAMP_3a7188eb,Spring Data Boost,2026-01-29,2026-03-08
1669,CAMP_5ca4a2f6,Flash Bundle Blitz,2026-01-11,2026-01-15
1670,CAMP_3a7188eb,Spring Data Boost,2026-02-04,2026-03-31
1671,CAMP_5ca4a2f6,Flash Bundle Blitz,2026-03-09,2026-03-31
1672,CAMP_5ca4a2f6,Flash Bundle Blitz,2026-02-22,2026-03-11
1673,CAMP_5ca4a2f6,Flash Bundle Blitz,2026-01-27,2026-02-12
1674,CAMP_3a7188eb,Spring Data Boost,2026-01-26,2026-02-20
1675,CAMP_568269e4,Loyalty Reward Drive,2026-02-03,2026-02-22
1676,CAMP_568269e4,Loyalty Reward Drive,2026-02-05,2026-02-09
1677,CAMP_6ec8dcc3,Flash Bundle Blitz,2026-01-15,2026-02-28
1678,CAMP_71790c70,Flash Bundle Blitz,2026-01-25,2026-03-26
1679,CAMP_6ec8dcc3,Flash Bundle Blitz,2026-01-27,2026-02-12
1680,CAMP_3a7188eb,Spring Data Boost,2026-01-16,2026-02-02
1681,CAMP_3a7188eb,Spring Data Boost,2026-01-22,2026-01-23
1682,CAMP_3a7188eb,Spring Data Boost,2026-02-11,2026-03-24
1683,CAMP_3a7188eb,Spring Data Boost,2026-01-29,2026-02-22
1684,CAMP_568269e4,Loyalty Reward Drive,2026-02-05,2026-02-22
1685,CAMP_71790c70,Flash Bundle Blitz,2026-01-15,2026-03-11
1686,CAMP_71790c70,Flash Bundle Blitz,2026-01-22,2026-02-10
1687,CAMP_71790c70,Flash Bundle Blitz,2026-02-07,2026-02-20
1688,CAMP_71790c70,Flash Bundle Blitz,2026-01-11,2026-02-04
1689,CAMP_6ec8dcc3,Flash Bundle Blitz,2026-02-04,2026-02-18
1690,CAMP_71790c70,Flash Bundle Blitz,2026-02-20,2026-03-01
1691,CAMP_3a7188eb,Spring Data Boost,2026-01-12,2026-02-25
1692,CAMP_71790c70,Flash Bundle Blitz,2026-01-12,2026-02-08
1693,CAMP_3a7188eb,Spring Data Boost,2026-02-02,2026-02-18
1694,CAMP_3a7188eb,Spring Data Boost,2026-01-28,2026-03-27
1695,CAMP_71790c70,Flash Bundle Blitz,2026-02-25,2026-03-11
1696,CAMP_6ec8dcc3,Flash Bundle Blitz,2026-02-02,2026-03-16
1697,CAMP_71790c70,Flash Bundle Blitz,2026-01-25,2026-03-18
1698,CAMP_71790c70,Flash Bundle Blitz,2026-02-13,2026-03-26
1699,CAMP_568269e4,Loyalty Reward Drive,2026-03-06,2026-05-02
1700,CAMP_71790c70,Flash Bundle Blitz,2026-02-10,2026-03-30
1701,CAMP_71790c70,Flash Bundle Blitz,2026-02-14,2026-03-28
1702,CAMP_568269e4,Loyalty Reward Drive,2026-01-22,2026-02-28
1703,CAMP_5ca4a2f6,Flash Bundle Blitz,2026-03-09,2026-04-05
1704,CAMP_5ca4a2f6,Flash Bundle Blitz,2026-01-22,2026-02-20
1705,CAMP_568269e4,Loyalty Reward Drive,2026-02-12,2026-03-18
1706,CAMP_3a7188eb,Spring Data Boost,2026-02-24,2026-04-01
1707,CAMP_71790c70,Flash Bundle Blitz,2026-01-30,2026-02-21
1708,CAMP_3a7188eb,Spring Data Boost,2026-03-06,2026-05-03
1709,CAMP_568269e4,Loyalty Reward Drive,2026-01-18,2026-02-06
1710,CAMP_568269e4,Loyalty Reward Drive,2026-01-14,2026-01-16
1711,CAMP_5ca4a2f6,Flash Bundle Blitz,2026-02-14,2026-03-26
1712,CAMP_6ec8dcc3,Flash Bundle Blitz,2026-03-02,2026-04-14
1713,CAMP_568269e4,Loyalty Reward Drive,2026-02-15,2026-04-06
1714,CAMP_3a7188eb,Spring Data Boost,2026-01-14,2026-02-15
1715,CAMP_5ca4a2f6,Flash Bundle Blitz,2026-01-19,2026-03-13
1716,CAMP_6ec8dcc3,Flash Bundle Blitz,2026-01-13,2026-02-22
1717,CAMP_5ca4a2f6,Flash Bundle Blitz,2026-02-03,2026-02-18
1718,CAMP_568269e4,Loyalty Reward Drive,2026-01-17,2026-03-18
1719,CAMP_3a7188eb,Spring Data Boost,2026-01-25,2026-03-01
1720,CAMP_568269e4,Loyalty Reward Drive,2026-01-16,2026-01-30
1721,CAMP_6ec8dcc3,Flash Bundle Blitz,2026-02-14,2026-04-02
1722,CAMP_5ca4a2f6,Flash Bundle Blitz,2026-03-09,2026-04-29
1723,CAMP_5ca4a2f6,Flash Bundle Blitz,2026-02-18,2026-03-23
1724,CAMP_6ec8dcc3,Flash Bundle Blitz,2026-02-18,2026-03-24
1725,CAMP_3a7188eb,Spring Data Boost,2026-03-02,2026-04-26
1726,CAMP_5ca4a2f6,Flash Bundle Blitz,2026-02-13,2026-03-31
1727,CAMP_568269e4,Loyalty Reward Drive,2026-02-09,2026-03-20
1728,CAMP_6ec8dcc3,Flash Bundle Blitz,2026-03-06,2026-03-08
1729,CAMP_568269e4,Loyalty Reward Drive,2026-01-28,2026-03-26
1730,CAMP_6ec8dcc3,Flash Bundle Blitz,2026-01-16,2026-03-03
1731,CAMP_6ec8dcc3,Flash Bundle Blitz,2026-02-01,2026-03-30
1732,CAMP_71790c70,Flash Bundle Blitz,2026-01-18,2026-01-27
1733,CAMP_568269e4,Loyalty Reward Drive,2026-02-10,2026-03-01
1734,CAMP_6ec8dcc3,Flash Bundle Blitz,2026-01-29,2026-03-11
1735,CAMP_6ec8dcc3,Flash Bundle Blitz,2026-03-03,2026-04-19
1736,CAMP_71790c70,Flash Bundle Blitz,2026-02-02,2026-03-06
1737,CAMP_3a7188eb,Spring Data Boost,2026-02-17,2026-03-29
1738,CAMP_71790c70,Flash Bundle Blitz,2026-02-27,2026-04-15
1739,CAMP_568269e4,Loyalty Reward Drive,2026-03-09,2026-03-12
1740,CAMP_568269e4,Loyalty Reward Drive,2026-02-14,2026-03-17
1741,CAMP_568269e4,Loyalty Reward Drive,2026-02-16,2026-03-28
1742,CAMP_568269e4,Loyalty Reward Drive,2026-01-20,2026-03-02
1743,CAMP_3a7188eb,Spring Data Boost,2026-03-05,2026-03-14
1744,CAMP_568269e4,Loyalty Reward Drive,2026-02-26,2026-03-17
1745,CAMP_6ec8dcc3,Flash Bundle Blitz,2026-02-11,2026-02-28
1746,CAMP_568269e4,Loyalty Reward Drive,2026-01-20,2026-01-30
1747,CAMP_3a7188eb,Spring Data Boost,2026-03-05,2026-05-04
1748,CAMP_5ca4a2f6,Flash Bundle Blitz,2026-03-07,2026-03-26
1749,CAMP_71790c70,Flash Bundle Blitz,2026-01-28,2026-02-19
1750,CAMP_3a7188eb,Spring Data Boost,2026-02-14,2026-03-17
1751,CAMP_568269e4,Loyalty Reward Drive,2026-01-14,2026-03-11
1752,CAMP_6ec8dcc3,Flash Bundle Blitz,2026-03-09,2026-03-15
1753,CAMP_71790c70,Flash Bundle Blitz,2026-02-18,2026-03-03
1754,CAMP_71790c70,Flash Bundle Blitz,2026-02-22,2026-02-24
1755,CAMP_71790c70,Flash Bundle Blitz,2026-02-16,2026-03-18
1756,CAMP_568269e4,Loyalty Reward Drive,2026-03-04,2026-03-28
1757,CAMP_568269e4,Loyalty Reward Drive,2026-02-11,2026-02-19
1758,CAMP_6ec8dcc3,Flash Bundle Blitz,2026-02-28,2026-03-29
1759,CAMP_6ec8dcc3,Flash Bundle Blitz,2026-01-31,2026-03-25
1760,CAMP_568269e4,Loyalty Reward Drive,2026-02-23,2026-03-09
1761,CAMP_71790c70,Flash Bundle Blitz,2026-01-13,2026-02-16
1762,CAMP_71790c70,Flash Bundle Blitz,2026-03-01,2026-04-24
1763,CAMP_6ec8dcc3,Flash Bundle Blitz,2026-01-30,2026-02-04
1764,CAMP_6ec8dcc3,Flash Bundle Blitz,2026-02-23,2026-04-22
1765,CAMP_568269e4,Loyalty Reward Drive,2026-01-25,2026-03-15
1766,CAMP_3a7188eb,Spring Data Boost,2026-03-07,2026-03-20
1767,CAMP_6ec8dcc3,Flash Bundle Blitz,2026-01-28,2026-02-20
1768,CAMP_5ca4a2f6,Flash Bundle Blitz,2026-02-01,2026-03-29
1769,CAMP_3a7188eb,Spring Data Boost,2026-01-15,2026-03-11
1770,CAMP_3a7188eb,Spring Data Boost,2026-01-20,2026-03-18
1771,CAMP_6ec8dcc3,Flash Bundle Blitz,2026-02-14,2026-03-30
1772,CAMP_6ec8dcc3,Flash Bundle Blitz,2026-02-01,2026-03-01
1773,CAMP_71790c70,Flash Bundle Blitz,2026-03-01,2026-04-04
1774,CAMP_5ca4a2f6,Flash Bundle Blitz,2026-02-20,2026-04-13
1775,CAMP_71790c70,Flash Bundle Blitz,2026-01-31,2026-03-08
1776,CAMP_6ec8dcc3,Flash Bundle Blitz,2026-02-06,2026-03-08
1777,CAMP_568269e4,Loyalty Reward Drive,2026-02-18,2026-03-27
1778,CAMP_568269e4,Loyalty Reward Drive,2026-02-09,2026-03-31
1779,CAMP_6ec8dcc3,Flash Bundle Blitz,2026-02-06,2026-04-02
1780,CAMP_5ca4a2f6,Flash Bundle Blitz,2026-03-10,2026-04-11
1781,CAMP_568269e4,Loyalty Reward Drive,2026-01-26,2026-01-31
1782,CAMP_568269e4,Loyalty Reward Drive,2026-02-12,2026-03-24
1783,CAMP_3a7188eb,Spring Data Boost,2026-02-26,2026-03-25
1784,CAMP_71790c70,Flash Bundle Blitz,2026-03-04,2026-04-12
1785,CAMP_5ca4a2f6,Flash Bundle Blitz,2026-01-18,2026-02-07
1786,CAMP_568269e4,Loyalty Reward Drive,2026-01-11,2026-03-05
1787,CAMP_3a7188eb,Spring Data Boost,2026-02-23,2026-03-03
1788,CAMP_5ca4a2f6,Flash Bundle Blitz,2026-02-11,2026-04-10
1789,CAMP_568269e4,Loyalty Reward Drive,2026-02-22,2026-03-05
1790,CAMP_3a7188eb,Spring Data Boost,2026-01-15,2026-01-27
1791,CAMP_3a7188eb,Spring Data Boost,2026-03-05,2026-05-04
1792,CAMP_568269e4,Loyalty Reward Drive,2026-01-25,2026-03-20
1793,CAMP_568269e4,Loyalty Reward Drive,2026-02-06,2026-03-15
1794,CAMP_3a7188eb,Spring Data Boost,2026-02-26,2026-04-12
1795,CAMP_6ec8dcc3,Flash Bundle Blitz,2026-02-18,2026-02-27
1796,CAMP_71790c70,Flash Bundle Blitz,2026-02-10,2026-02-25
1797,CAMP_568269e4,Loyalty Reward Drive,2026-02-10,2026-03-12
1798,CAMP_3a7188eb,Spring Data Boost,2026-02-06,2026-03-29
1799,CAMP_5ca4a2f6,Flash Bundle Blitz,2026-02-02,2026-03-19
1800,CAMP_3a7188eb,Spring Data Boost,2026-02-07,2026-04-02
1801,CAMP_3a7188eb,Spring Data Boost,2026-03-01,2026-03-17
1802,CAMP_5ca4a2f6,Flash Bundle Blitz,2026-01-23,2026-02-09
1803,CAMP_6ec8dcc3,Flash Bundle Blitz,2026-02-17,2026-03-24
1804,CAMP_568269e4,Loyalty Reward Drive,2026-01-18,2026-03-12
1805,CAMP_5ca4a2f6,Flash Bundle Blitz,2026-01-29,2026-02-03
1806,CAMP_5ca4a2f6,Flash Bundle Blitz,2026-01-30,2026-02-25
1807,CAMP_5ca4a2f6,Flash Bundle Blitz,2026-02-17,2026-03-02
1808,CAMP_3a7188eb,Spring Data Boost,2026-03-07,2026-04-30
1809,CAMP_3a7188eb,Spring Data Boost,2026-01-25,2026-03-22
1810,CAMP_5ca4a2f6,Flash Bundle Blitz,2026-01-09,2026-02-27
1811,CAMP_71790c70,Flash Bundle Blitz,2026-01-26,2026-03-06
1812,CAMP_71790c70,Flash Bundle Blitz,2026-03-04,2026-04-08
1813,CAMP_568269e4,Loyalty Reward Drive,2026-03-01,2026-04-14
1814,CAMP_3a7188eb,Spring Data Boost,2026-03-08,2026-04-17
1815,CAMP_5ca4a2f6,Flash Bundle Blitz,2026-01-31,2026-02-28
1816,CAMP_5ca4a2f6,Flash Bundle Blitz,2026-02-16,2026-03-03
1817,CAMP_3a7188eb,Spring Data Boost,2026-02-15,2026-04-08
1818,CAMP_568269e4,Loyalty Reward Drive,2026-01-09,2026-02-01
1819,CAMP_5ca4a2f6,Flash Bundle Blitz,2026-03-02,2026-03-28
1820,CAMP_3a7188eb,Spring Data Boost,2026-02-18,2026-04-04
1821,CAMP_568269e4,Loyalty Reward Drive,2026-02-13,2026-02-24
1822,CAMP_568269e4,Loyalty Reward Drive,2026-03-04,2026-04-19
1823,CAMP_3a7188eb,Spring Data Boost,2026-02-22,2026-04-01
1824,CAMP_71790c70,Flash Bundle Blitz,2026-02-13,2026-02-28
1825,CAMP_5ca4a2f6,Flash Bundle Blitz,2026-02-28,2026-04-17
1826,CAMP_5ca4a2f6,Flash Bundle Blitz,2026-03-10,2026-04-08
1827,CAMP_71790c70,Flash Bundle Blitz,2026-01-09,2026-01-12
1828,CAMP_6ec8dcc3,Flash Bundle Blitz,2026-03-10,2026-03-23
1829,CAMP_71790c70,Flash Bundle Blitz,2026-01-29,2026-03-09
1830,CAMP_568269e4,Loyalty Reward Drive,2026-02-14,2026-03-14
1831,CAMP_71790c70,Flash Bundle Blitz,2026-01-22,2026-02-12
1832,CAMP_71790c70,Flash Bundle Blitz,2026-01-12,2026-03-04
1833,CAMP_6ec8dcc3,Flash Bundle Blitz,2026-02-21,2026-04-17
1834,CAMP_71790c70,Flash Bundle Blitz,2026-02-26,2026-03-09
1835,CAMP_3a7188eb,Spring Data Boost,2026-02-24,2026-04-12
1836,CAMP_5ca4a2f6,Flash Bundle Blitz,2026-01-31,2026-02-21
1837,CAMP_3a7188eb,Spring Data Boost,2026-02-26,2026-03-09
1838,CAMP_6ec8dcc3,Flash Bundle Blitz,2026-03-06,2026-04-01
1839,CAMP_71790c70,Flash Bundle Blitz,2026-02-24,2026-04-01
1840,CAMP_5ca4a2f6,Flash Bundle Blitz,2026-03-04,2026-04-09
1841,CAMP_6ec8dcc3,Flash Bundle Blitz,2026-01-12,2026-03-04
1842,CAMP_5ca4a2f6,Flash Bundle Blitz,2026-02-19,2026-04-06
1843,CAMP_71790c70,Flash Bundle Blitz,2026-02-17,2026-03-01
1844,CAMP_5ca4a2f6,Flash Bundle Blitz,2026-03-03,2026-04-08
1845,CAMP_568269e4,Loyalty Reward Drive,2026-01-22,2026-03-19
1846,CAMP_5ca4a2f6,Flash Bundle Blitz,2026-02-22,2026-03-12
1847,CAMP_71790c70,Flash Bundle Blitz,2026-02-04,2026-02-25
1848,CAMP_71790c70,Flash Bundle Blitz,2026-03-02,2026-03-08
1849,CAMP_3a7188eb,Spring Data Boost,2026-02-20,2026-04-13
1850,CAMP_5ca4a2f6,Flash Bundle Blitz,2026-03-09,2026-04-14
1851,CAMP_3a7188eb,Spring Data Boost,2026-02-10,2026-02-18
1852,CAMP_5ca4a2f6,Flash Bundle Blitz,2026-01-16,2026-02-03
1853,CAMP_568269e4,Loyalty Reward Drive,2026-01-10,2026-01-29
1854,CAMP_568269e4,Loyalty Reward Drive,2026-01-18,2026-02-16
1855,CAMP_71790c70,Flash Bundle Blitz,2026-01-31,2026-02-28
1856,CAMP_6ec8dcc3,Flash Bundle Blitz,2026-02-17,2026-03-28
1857,CAMP_3a7188eb,Spring Data Boost,2026-03-04,2026-04-06
1858,CAMP_568269e4,Loyalty Reward Drive,2026-02-01,2026-02-12
1859,CAMP_568269e4,Loyalty Reward Drive,2026-03-03,2026-03-12
1860,CAMP_6ec8dcc3,Flash Bundle Blitz,2026-01-12,2026-01-18
1861,CAMP_568269e4,Loyalty Reward Drive,2026-02-05,2026-02-25
1862,CAMP_568269e4,Loyalty Reward Drive,2026-02-01,2026-02-24
1863,CAMP_3a7188eb,Spring Data Boost,2026-01-26,2026-02-18
1864,CAMP_6ec8dcc3,Flash Bundle Blitz,2026-02-14,2026-03-03
1865,CAMP_71790c70,Flash Bundle Blitz,2026-02-07,2026-03-03
1866,CAMP_71790c70,Flash Bundle Blitz,2026-03-07,2026-03-25
1867,CAMP_3a7188eb,Spring Data Boost,2026-01-15,2026-02-08
1868,CAMP_568269e4,Loyalty Reward Drive,2026-02-11,2026-02-19
1869,CAMP_3a7188eb,Spring Data Boost,2026-02-25,2026-04-05
1870,CAMP_6ec8dcc3,Flash Bundle Blitz,2026-02-27,2026-03-16
1871,CAMP_568269e4,Loyalty Reward Drive,2026-02-12,2026-03-15
1872,CAMP_71790c70,Flash Bundle Blitz,2026-01-14,2026-02-16
1873,CAMP_71790c70,Flash Bundle Blitz,2026-02-08,2026-03-09
1874,CAMP_6ec8dcc3,Flash Bundle Blitz,2026-03-09,2026-03-15
1875,CAMP_3a7188eb,Spring Data Boost,2026-01-24,2026-03-10
1876,CAMP_5ca4a2f6,Flash Bundle Blitz,2026-01-13,2026-03-09
1877,CAMP_71790c70,Flash Bundle Blitz,2026-01-28,2026-02-10
1878,CAMP_3a7188eb,Spring Data Boost,2026-01-20,2026-02-17
1879,CAMP_71790c70,Flash Bundle Blitz,2026-02-14,2026-03-15
1880,CAMP_71790c70,Flash Bundle Blitz,2026-02-02,2026-03-07
1881,CAMP_3a7188eb,Spring Data Boost,2026-02-14,2026-02-25
1882,CAMP_5ca4a2f6,Flash Bundle Blitz,2026-01-28,2026-02-20
1883,CAMP_71790c70,Flash Bundle Blitz,2026-01-30,2026-03-02
1884,CAMP_71790c70,Flash Bundle Blitz,2026-02-12,2026-03-23
1885,CAMP_71790c70,Flash Bundle Blitz,2026-01-16,2026-03-10
1886,CAMP_568269e4,Loyalty Reward Drive,2026-02-05,2026-02-26
1887,CAMP_3a7188eb,Spring Data Boost,2026-02-26,2026-04-16
1888,CAMP_3a7188eb,Spring Data Boost,2026-01-12,2026-02-16
1889,CAMP_5ca4a2f6,Flash Bundle Blitz,2026-01-12,2026-02-05
1890,CAMP_71790c70,Flash Bundle Blitz,2026-01-23,2026-02-22
1891,CAMP_71790c70,Flash Bundle Blitz,2026-01-24,2026-02-14
1892,CAMP_71790c70,Flash Bundle Blitz,2026-02-12,2026-02-23
1893,CAMP_568269e4,Loyalty Reward Drive,2026-02-12,2026-03-02
1894,CAMP_5ca4a2f6,Flash Bundle Blitz,2026-01-19,2026-02-19
1895,CAMP_568269e4,Loyalty Reward Drive,2026-02-21,2026-03-16
1896,CAMP_71790c70,Flash Bundle Blitz,2026-03-05,2026-04-21
1897,CAMP_3a7188eb,Spring Data Boost,2026-01-28,2026-03-14
1898,CAMP_3a7188eb,Spring Data Boost,2026-03-02,2026-03-07
1899,CAMP_6ec8dcc3,Flash Bundle Blitz,2026-02-07,2026-03-25
1900,CAMP_568269e4,Loyalty Reward Drive,2026-01-22,2026-02-12
1901,CAMP_5ca4a2f6,Flash Bundle Blitz,2026-03-09,2026-03-13
1902,CAMP_71790c70,Flash Bundle Blitz,2026-02-16,2026-03-27
1903,CAMP_5ca4a2f6,Flash Bundle Blitz,2026-02-18,2026-04-13
1904,CAMP_3a7188eb,Spring Data Boost,2026-03-10,2026-04-02
1905,CAMP_5ca4a2f6,Flash Bundle Blitz,2026-02-03,2026-02-04
1906,CAMP_71790c70,Flash Bundle Blitz,2026-02-28,2026-04-08
1907,CAMP_71790c70,Flash Bundle Blitz,2026-02-20,2026-03-15
1908,CAMP_3a7188eb,Spring Data Boost,2026-01-15,2026-03-13
1909,CAMP_568269e4,Loyalty Reward Drive,2026-02-06,2026-03-24
1910,CAMP_71790c70,Flash Bundle Blitz,2026-01-17,2026-02-20
1911,CAMP_5ca4a2f6,Flash Bundle Blitz,2026-02-11,2026-02-20
1912,CAMP_5ca4a2f6,Flash Bundle Blitz,2026-03-10,2026-03-24
1913,CAMP_5ca4a2f6,Flash Bundle Blitz,2026-02-08,2026-02-12
1914,CAMP_3a7188eb,Spring Data Boost,2026-03-03,2026-04-18
1915,CAMP_71790c70,Flash Bundle Blitz,2026-02-28,2026-03-14
1916,CAMP_3a7188eb,Spring Data Boost,2026-01-12,2026-01-27
1917,CAMP_5ca4a2f6,Flash Bundle Blitz,2026-02-03,2026-02-06
1918,CAMP_6ec8dcc3,Flash Bundle Blitz,2026-02-05,2026-04-05
1919,CAMP_568269e4,Loyalty Reward Drive,2026-02-10,2026-04-10
1920,CAMP_5ca4a2f6,Flash Bundle Blitz,2026-02-15,2026-02-21
1921,CAMP_71790c70,Flash Bundle Blitz,2026-01-14,2026-02-09
1922,CAMP_568269e4,Loyalty Reward Drive,2026-03-04,2026-04-06
1923,CAMP_5ca4a2f6,Flash Bundle Blitz,2026-03-05,2026-03-12
1924,CAMP_71790c70,Flash Bundle Blitz,2026-03-06,2026-04-26
1925,CAMP_568269e4,Loyalty Reward Drive,2026-03-08,2026-03-19
1926,CAMP_568269e4,Loyalty Reward Drive,2026-01-27,2026-03-07
1927,CAMP_5ca4a2f6,Flash Bundle Blitz,2026-01-11,2026-02-08
1928,CAMP_568269e4,Loyalty Reward Drive,2026-02-09,2026-03-19
1929,CAMP_3a7188eb,Spring Data Boost,2026-02-08,2026-04-03
1930,CAMP_3a7188eb,Spring Data Boost,2026-02-20,2026-04-11
1931,CAMP_3a7188eb,Spring Data Boost,2026-01-15,2026-02-07
1932,CAMP_568269e4,Loyalty Reward Drive,2026-01-25,2026-02-04
1933,CAMP_71790c70,Flash Bundle Blitz,2026-02-12,2026-03-12
1934,CAMP_568269e4,Loyalty Reward Drive,2026-01-15,2026-01-20
1935,CAMP_5ca4a2f6,Flash Bundle Blitz,2026-02-24,2026-03-08
1936,CAMP_568269e4,Loyalty Reward Drive,2026-01-15,2026-02-11
1937,CAMP_3a7188eb,Spring Data Boost,2026-03-04,2026-03-19
1938,CAMP_568269e4,Loyalty Reward Drive,2026-01-28,2026-01-31
1939,CAMP_3a7188eb,Spring Data Boost,2026-02-18,2026-04-02
1940,CAMP_568269e4,Loyalty Reward Drive,2026-01-13,2026-01-18
1941,CAMP_568269e4,Loyalty Reward Drive,2026-03-02,2026-04-05
1942,CAMP_6ec8dcc3,Flash Bundle Blitz,2026-01-30,2026-03-03
1943,CAMP_71790c70,Flash Bundle Blitz,2026-02-27,2026-03-18
1944,CAMP_3a7188eb,Spring Data Boost,2026-02-28,2026-03-19
1945,CAMP_3a7188eb,Spring Data Boost,2026-02-18,2026-04-05
1946,CAMP_5ca4a2f6,Flash Bundle Blitz,2026-03-06,2026-03-19
1947,CAMP_3a7188eb,Spring Data Boost,2026-02-04,2026-03-20
1948,CAMP_3a7188eb,Spring Data Boost,2026-02-06,2026-03-22
1949,CAMP_71790c70,Flash Bundle Blitz,2026-02-15,2026-03-08
1950,CAMP_568269e4,Loyalty Reward Drive,2026-02-10,2026-03-29
1951,CAMP_3a7188eb,Spring Data Boost,2026-02-11,2026-04-11
1952,CAMP_6ec8dcc3,Flash Bundle Blitz,2026-02-14,2026-02-17
1953,CAMP_5ca4a2f6,Flash Bundle Blitz,2026-02-03,2026-03-18
1954,CAMP_5ca4a2f6,Flash Bundle Blitz,2026-01-28,2026-02-25
1955,CAMP_5ca4a2f6,Flash Bundle Blitz,2026-02-02,2026-02-25
1956,CAMP_5ca4a2f6,Flash Bundle Blitz,2026-01-29,2026-02-11
1957,CAMP_6ec8dcc3,Flash Bundle Blitz,2026-01-27,2026-02-23
1958,CAMP_6ec8dcc3,Flash Bundle Blitz,2026-02-17,2026-04-01
1959,CAMP_71790c70,Flash Bundle Blitz,2026-01-27,2026-02-01
1960,CAMP_71790c70,Flash Bundle Blitz,2026-02-10,2026-03-24
1961,CAMP_6ec8dcc3,Flash Bundle Blitz,2026-03-05,2026-03-30
1962,CAMP_71790c70,Flash Bundle Blitz,2026-02-12,2026-02-14
1963,CAMP_5ca4a2f6,Flash Bundle Blitz,2026-02-04,2026-02-06
1964,CAMP_3a7188eb,Spring Data Boost,2026-02-13,2026-03-16
1965,CAMP_5ca4a2f6,Flash Bundle Blitz,2026-03-02,2026-03-08
1966,CAMP_5ca4a2f6,Flash Bundle Blitz,2026-02-03,2026-03-30
1967,CAMP_71790c70,Flash Bundle Blitz,2026-02-19,2026-03-01
1968,CAMP_568269e4,Loyalty Reward Drive,2026-02-16,2026-03-26
1969,CAMP_71790c70,Flash Bundle Blitz,2026-01-18,2026-02-20
1970,CAMP_5ca4a2f6,Flash Bundle Blitz,2026-03-05,2026-03-11
1971,CAMP_3a7188eb,Spring Data Boost,2026-02-23,2026-04-13
1972,CAMP_71790c70,Flash Bundle Blitz,2026-02-07,2026-03-29
1973,CAMP_5ca4a2f6,Flash Bundle Blitz,2026-01-26,2026-01-27
1974,CAMP_568269e4,Loyalty Reward Drive,2026-03-05,2026-04-13
1975,CAMP_568269e4,Loyalty Reward Drive,2026-03-07,2026-03-25
1976,CAMP_71790c70,Flash Bundle Blitz,2026-03-01,2026-03-29
1977,CAMP_71790c70,Flash Bundle Blitz,2026-02-06,2026-03-07
1978,CAMP_6ec8dcc3,Flash Bundle Blitz,2026-02-28,2026-03-18
1979,CAMP_568269e4,Loyalty Reward Drive,2026-02-23,2026-02-26
1980,CAMP_3a7188eb,Spring Data Boost,2026-02-17,2026-03-10
1981,CAMP_3a7188eb,Spring Data Boost,2026-02-18,2026-04-07
1982,CAMP_71790c70,Flash Bundle Blitz,2026-02-15,2026-04-13
1983,CAMP_3a7188eb,Spring Data Boost,2026-01-11,2026-01-25
1984,CAMP_5ca4a2f6,Flash Bundle Blitz,2026-01-26,2026-02-26
1985,CAMP_568269e4,Loyalty Reward Drive,2026-01-30,2026-02-24
1986,CAMP_6ec8dcc3,Flash Bundle Blitz,2026-02-06,2026-03-14
1987,CAMP_568269e4,Loyalty Reward Drive,2026-01-29,2026-03-03
1988,CAMP_71790c70,Flash Bundle Blitz,2026-01-13,2026-01-23
1989,CAMP_71790c70,Flash Bundle Blitz,2026-01-28,2026-02-11
1990,CAMP_5ca4a2f6,Flash Bundle Blitz,2026-03-05,2026-05-03
1991,CAMP_6ec8dcc3,Flash Bundle Blitz,2026-02-18,2026-04-09
1992,CAMP_6ec8dcc3,Flash Bundle Blitz,2026-02-13,2026-02-28
1993,CAMP_5ca4a2f6,Flash Bundle Blitz,2026-01-25,2026-03-01
1994,CAMP_568269e4,Loyalty Reward Drive,2026-02-12,2026-02-22
1995,CAMP_6ec8dcc3,Flash Bundle Blitz,2026-03-03,2026-04-07
1996,CAMP_3a7188eb,Spring Data Boost,2026-01-29,2026-03-12
1997,CAMP_3a7188eb,Spring Data Boost,2026-02-27,2026-04-20
1998,CAMP_568269e4,Loyalty Reward Drive,2026-02-26,2026-03-28
1999,CAMP_5ca4a2f6,Flash Bundle Blitz,2026-03-05,2026-04-05
2000,CAMP_3a7188eb,Spring Data Boost,2026-01-28,2026-03-10
2001,CAMP_6ec8dcc3,Flash Bundle Blitz,2026-02-26,2026-04-12
2002,CAMP_71790c70,Flash Bundle Blitz,2026-01-12,2026-02-01
2003,CAMP_71790c70,Flash Bundle Blitz,2026-02-16,2026-04-03
2004,CAMP_6ec8dcc3,Flash Bundle Blitz,2026-01-25,2026-01-30
2005,CAMP_6ec8dcc3,Flash Bundle Blitz,2026-01-28,2026-03-10
2006,CAMP_568269e4,Loyalty Reward Drive,2026-02-12,2026-02-14
2007,CAMP_5ca4a2f6,Flash Bundle Blitz,2026-01-16,2026-03-10
2008,CAMP_5ca4a2f6,Flash Bundle Blitz,2026-02-13,2026-03-11
2009,CAMP_5ca4a2f6,Flash Bundle Blitz,2026-01-14,2026-03-12
2010,CAMP_71790c70,Flash Bundle Blitz,2026-02-03,2026-03-23
2011,CAMP_6ec8dcc3,Flash Bundle Blitz,2026-01-12,2026-03-11
2012,CAMP_568269e4,Loyalty Reward Drive,2026-02-11,2026-03-26
2013,CAMP_6ec8dcc3,Flash Bundle Blitz,2026-03-01,2026-03-09
2014,CAMP_568269e4,Loyalty Reward Drive,2026-03-03,2026-03-22
2015,CAMP_3a7188eb,Spring Data Boost,2026-01-28,2026-03-17
2016,CAMP_5ca4a2f6,Flash Bundle Blitz,2026-02-01,2026-02-15
2017,CAMP_5ca4a2f6,Flash Bundle Blitz,2026-02-27,2026-03-20
2018,CAMP_3a7188eb,Spring Data Boost,2026-01-19,2026-01-26
2019,CAMP_5ca4a2f6,Flash Bundle Blitz,2026-02-19,2026-04-18
2020,CAMP_568269e4,Loyalty Reward Drive,2026-01-14,2026-02-15
2021,CAMP_3a7188eb,Spring Data Boost,2026-02-03,2026-03-17
2022,CAMP_6ec8dcc3,Flash Bundle Blitz,2026-02-14,2026-02-19
2023,CAMP_5ca4a2f6,Flash Bundle Blitz,2026-02-12,2026-02-24
2024,CAMP_568269e4,Loyalty Reward Drive,2026-01-20,2026-03-12
2025,CAMP_71790c70,Flash Bundle Blitz,2026-02-18,2026-02-20
2026,CAMP_71790c70,Flash Bundle Blitz,2026-02-12,2026-03-29
2027,CAMP_6ec8dcc3,Flash Bundle Blitz,2026-03-03,2026-03-15
2028,CAMP_568269e4,Loyalty Reward Drive,2026-02-11,2026-02-15
2029,CAMP_568269e4,Loyalty Reward Drive,2026-02-23,2026-04-20
2030,CAMP_6ec8dcc3,Flash Bundle Blitz,2026-03-02,2026-04-11
2031,CAMP_568269e4,Loyalty Reward Drive,2026-02-14,2026-03-20
2032,CAMP_71790c70,Flash Bundle Blitz,2026-01-23,2026-02-22
2033,CAMP_5ca4a2f6,Flash Bundle Blitz,2026-03-09,2026-03-17
2034,CAMP_568269e4,Loyalty Reward Drive,2026-02-21,2026-04-08
2035,CAMP_3a7188eb,Spring Data Boost,2026-03-01,2026-03-12
2036,CAMP_6ec8dcc3,Flash Bundle Blitz,2026-02-01,2026-02-16
2037,CAMP_3a7188eb,Spring Data Boost,2026-01-22,2026-03-02
2038,CAMP_568269e4,Loyalty Reward Drive,2026-02-19,2026-02-20
2039,CAMP_5ca4a2f6,Flash Bundle Blitz,2026-03-09,2026-03-12
2040,CAMP_5ca4a2f6,Flash Bundle Blitz,2026-02-26,2026-02-28
2041,CAMP_3a7188eb,Spring Data Boost,2026-03-04,2026-04-23
2042,CAMP_3a7188eb,Spring Data Boost,2026-01-09,2026-03-04
2043,CAMP_5ca4a2f6,Flash Bundle Blitz,2026-01-17,2026-02-12
2044,CAMP_71790c70,Flash Bundle Blitz,2026-03-05,2026-03-26
2045,CAMP_6ec8dcc3,Flash Bundle Blitz,2026-01-10,2026-02-27
2046,CAMP_5ca4a2f6,Flash Bundle Blitz,2026-01-10,2026-02-19
2047,CAMP_568269e4,Loyalty Reward Drive,2026-03-10,2026-05-08
2048,CAMP_568269e4,Loyalty Reward Drive,2026-01-25,2026-02-05
2049,CAMP_6ec8dcc3,Flash Bundle Blitz,2026-01-30,2026-03-11
2050,CAMP_3a7188eb,Spring Data Boost,2026-02-12,2026-02-25
2051,CAMP_568269e4,Loyalty Reward Drive,2026-03-08,2026-03-30
2052,CAMP_3a7188eb,Spring Data Boost,2026-03-10,2026-04-16
2053,CAMP_6ec8dcc3,Flash Bundle Blitz,2026-02-11,2026-04-09
2054,CAMP_71790c70,Flash Bundle Blitz,2026-02-15,2026-04-14
2055,CAMP_5ca4a2f6,Flash Bundle Blitz,2026-02-02,2026-02-25
2056,CAMP_5ca4a2f6,Flash Bundle Blitz,2026-02-08,2026-03-23
2057,CAMP_71790c70,Flash Bundle Blitz,2026-01-26,2026-02-07
2058,CAMP_5ca4a2f6,Flash Bundle Blitz,2026-02-08,2026-02-21
2059,CAMP_5ca4a2f6,Flash Bundle Blitz,2026-01-11,2026-03-09
2060,CAMP_568269e4,Loyalty Reward Drive,2026-02-11,2026-03-16
2061,CAMP_5ca4a2f6,Flash Bundle Blitz,2026-02-08,2026-03-11
2062,CAMP_5ca4a2f6,Flash Bundle Blitz,2026-02-05,2026-03-22
2063,CAMP_3a7188eb,Spring Data Boost,2026-01-20,2026-02-18
2064,CAMP_568269e4,Loyalty Reward Drive,2026-01-25,2026-03-03
2065,CAMP_6ec8dcc3,Flash Bundle Blitz,2026-01-18,2026-02-17
2066,CAMP_3a7188eb,Spring Data Boost,2026-02-05,2026-03-05
2067,CAMP_568269e4,Loyalty Reward Drive,2026-02-15,2026-04-04
2068,CAMP_6ec8dcc3,Flash Bundle Blitz,2026-01-15,2026-01-17
2069,CAMP_568269e4,Loyalty Reward Drive,2026-02-20,2026-03-28
2070,CAMP_568269e4,Loyalty Reward Drive,2026-01-29,2026-03-15
2071,CAMP_568269e4,Loyalty Reward Drive,2026-03-10,2026-04-07
2072,CAMP_568269e4,Loyalty Reward Drive,2026-03-06,2026-03-30
2073,CAMP_568269e4,Loyalty Reward Drive,2026-02-09,2026-03-01
2074,CAMP_5ca4a2f6,Flash Bundle Blitz,2026-03-09,2026-05-03
2075,CAMP_71790c70,Flash Bundle Blitz,2026-01-22,2026-01-29
2076,CAMP_3a7188eb,Spring Data Boost,2026-01-09,2026-03-05
2077,CAMP_5ca4a2f6,Flash Bundle Blitz,2026-03-06,2026-03-19
2078,CAMP_3a7188eb,Spring Data Boost,2026-01-23,2026-03-19
2079,CAMP_568269e4,Loyalty Reward Drive,2026-02-03,2026-03-22
2080,CAMP_71790c70,Flash Bundle Blitz,2026-01-30,2026-01-31
2081,CAMP_5ca4a2f6,Flash Bundle Blitz,2026-01-19,2026-02-17
2082,CAMP_6ec8dcc3,Flash Bundle Blitz,2026-03-08,2026-04-10
2083,CAMP_568269e4,Loyalty Reward Drive,2026-01-25,2026-03-23
2084,CAMP_6ec8dcc3,Flash Bundle Blitz,2026-01-22,2026-03-13
2085,CAMP_5ca4a2f6,Flash Bundle Blitz,2026-02-17,2026-03-05
2086,CAMP_3a7188eb,Spring Data Boost,2026-01-09,2026-01-28
2087,CAMP_568269e4,Loyalty Reward Drive,2026-02-11,2026-02-26
2088,CAMP_5ca4a2f6,Flash Bundle Blitz,2026-02-12,2026-04-08
2089,CAMP_3a7188eb,Spring Data Boost,2026-02-11,2026-03-05
2090,CAMP_71790c70,Flash Bundle Blitz,2026-01-13,2026-02-27
2091,CAMP_6ec8dcc3,Flash Bundle Blitz,2026-03-06,2026-03-22
2092,CAMP_5ca4a2f6,Flash Bundle Blitz,2026-01-24,2026-01-29
2093,CAMP_5ca4a2f6,Flash Bundle Blitz,2026-02-04,2026-03-01
2094,CAMP_6ec8dcc3,Flash Bundle Blitz,2026-02-20,2026-03-22
2095,CAMP_5ca4a2f6,Flash Bundle Blitz,2026-02-03,2026-03-31
2096,CAMP_6ec8dcc3,Flash Bundle Blitz,2026-02-02,2026-03-01
2097,CAMP_3a7188eb,Spring Data Boost,2026-03-04,2026-04-13
2098,CAMP_3a7188eb,Spring Data Boost,2026-01-12,2026-01-19
2099,CAMP_71790c70,Flash Bundle Blitz,2026-01-10,2026-01-17
2100,CAMP_6ec8dcc3,Flash Bundle Blitz,2026-01-13,2026-01-18
2101,CAMP_6ec8dcc3,Flash Bundle Blitz,2026-01-28,2026-03-29
2102,CAMP_568269e4,Loyalty Reward Drive,2026-02-21,2026-04-05
2103,CAMP_71790c70,Flash Bundle Blitz,2026-02-14,2026-03-22
2104,CAMP_3a7188eb,Spring Data Boost,2026-03-06,2026-03-18
2105,CAMP_568269e4,Loyalty Reward Drive,2026-01-31,2026-03-12
2106,CAMP_71790c70,Flash Bundle Blitz,2026-02-19,2026-03-13
2107,CAMP_568269e4,Loyalty Reward Drive,2026-02-18,2026-02-24
2108,CAMP_71790c70,Flash Bundle Blitz,2026-03-04,2026-04-23
2109,CAMP_6ec8dcc3,Flash Bundle Blitz,2026-01-15,2026-01-17
2110,CAMP_5ca4a2f6,Flash Bundle Blitz,2026-02-07,2026-04-04
2111,CAMP_5ca4a2f6,Flash Bundle Blitz,2026-01-17,2026-02-28
2112,CAMP_3a7188eb,Spring Data Boost,2026-03-01,2026-04-08
2113,CAMP_3a7188eb,Spring Data Boost,2026-01-13,2026-01-26
2114,CAMP_5ca4a2f6,Flash Bundle Blitz,2026-02-17,2026-03-29
2115,CAMP_3a7188eb,Spring Data Boost,2026-01-25,2026-02-21
2116,CAMP_6ec8dcc3,Flash Bundle Blitz,2026-02-19,2026-03-27
2117,CAMP_5ca4a2f6,Flash Bundle Blitz,2026-03-04,2026-04-17
2118,CAMP_71790c70,Flash Bundle Blitz,2026-01-30,2026-02-23
2119,CAMP_3a7188eb,Spring Data Boost,2026-01-26,2026-02-24
2120,CAMP_568269e4,Loyalty Reward Drive,2026-03-01,2026-04-23
2121,CAMP_568269e4,Loyalty Reward Drive,2026-02-11,2026-03-18
2122,CAMP_5ca4a2f6,Flash Bundle Blitz,2026-02-25,2026-03-11
2123,CAMP_568269e4,Loyalty Reward Drive,2026-01-13,2026-02-02
2124,CAMP_5ca4a2f6,Flash Bundle Blitz,2026-02-21,2026-04-08
2125,CAMP_71790c70,Flash Bundle Blitz,2026-01-17,2026-02-03
2126,CAMP_71790c70,Flash Bundle Blitz,2026-03-07,2026-03-17
2127,CAMP_6ec8dcc3,Flash Bundle Blitz,2026-02-25,2026-03-13
2128,CAMP_3a7188eb,Spring Data Boost,2026-02-19,2026-03-16
2129,CAMP_71790c70,Flash Bundle Blitz,2026-01-25,2026-02-21
2130,CAMP_5ca4a2f6,Flash Bundle Blitz,2026-01-22,2026-02-23
2131,CAMP_6ec8dcc3,Flash Bundle Blitz,2026-03-02,2026-04-28
2132,CAMP_568269e4,Loyalty Reward Drive,2026-02-16,2026-03-13
2133,CAMP_6ec8dcc3,Flash Bundle Blitz,2026-03-01,2026-03-11
2134,CAMP_71790c70,Flash Bundle Blitz,2026-02-18,2026-02-23
2135,CAMP_5ca4a2f6,Flash Bundle Blitz,2026-03-06,2026-03-08
2136,CAMP_6ec8dcc3,Flash Bundle Blitz,2026-03-05,2026-04-20
2137,CAMP_6ec8dcc3,Flash Bundle Blitz,2026-03-09,2026-05-06
2138,CAMP_6ec8dcc3,Flash Bundle Blitz,2026-01-12,2026-02-02
2139,CAMP_3a7188eb,Spring Data Boost,2026-01-31,2026-02-06
2140,CAMP_6ec8dcc3,Flash Bundle Blitz,2026-02-03,2026-02-16
2141,CAMP_568269e4,Loyalty Reward Drive,2026-02-28,2026-03-16
2142,CAMP_568269e4,Loyalty Reward Drive,2026-01-13,2026-02-27
2143,CAMP_6ec8dcc3,Flash Bundle Blitz,2026-02-03,2026-03-18
2144,CAMP_568269e4,Loyalty Reward Drive,2026-03-06,2026-04-23
2145,CAMP_6ec8dcc3,Flash Bundle Blitz,2026-02-11,2026-02-18
2146,CAMP_71790c70,Flash Bundle Blitz,2026-02-24,2026-03-22
2147,CAMP_71790c70,Flash Bundle Blitz,2026-02-14,2026-03-05
2148,CAMP_3a7188eb,Spring Data Boost,2026-02-06,2026-04-07
2149,CAMP_6ec8dcc3,Flash Bundle Blitz,2026-01-22,2026-03-20
2150,CAMP_71790c70,Flash Bundle Blitz,2026-03-09,2026-03-11
2151,CAMP_6ec8dcc3,Flash Bundle Blitz,2026-01-19,2026-03-05
2152,CAMP_3a7188eb,Spring Data Boost,2026-02-15,2026-03-01
2153,CAMP_6ec8dcc3,Flash Bundle Blitz,2026-01-16,2026-01-25
2154,CAMP_3a7188eb,Spring Data Boost,2026-01-12,2026-02-04
2155,CAMP_568269e4,Loyalty Reward Drive,2026-01-14,2026-02-03
2156,CAMP_71790c70,Flash Bundle Blitz,2026-03-02,2026-04-23
2157,CAMP_568269e4,Loyalty Reward Drive,2026-02-08,2026-03-18
2158,CAMP_71790c70,Flash Bundle Blitz,2026-02-04,2026-02-12
2159,CAMP_6ec8dcc3,Flash Bundle Blitz,2026-01-28,2026-03-20
2160,CAMP_6ec8dcc3,Flash Bundle Blitz,2026-02-28,2026-04-07
2161,CAMP_71790c70,Flash Bundle Blitz,2026-02-18,2026-03-21
2162,CAMP_3a7188eb,Spring Data Boost,2026-01-23,2026-02-03
2163,CAMP_6ec8dcc3,Flash Bundle Blitz,2026-02-07,2026-02-23
2164,CAMP_71790c70,Flash Bundle Blitz,2026-01-15,2026-01-23
2165,CAMP_3a7188eb,Spring Data Boost,2026-03-10,2026-03-11
2166,CAMP_5ca4a2f6,Flash Bundle Blitz,2026-02-04,2026-04-02
2167,CAMP_5ca4a2f6,Flash Bundle Blitz,2026-01-10,2026-01-18
2168,CAMP_3a7188eb,Spring Data Boost,2026-02-26,2026-04-20
2169,CAMP_5ca4a2f6,Flash Bundle Blitz,2026-01-23,2026-02-13
2170,CAMP_6ec8dcc3,Flash Bundle Blitz,2026-02-13,2026-03-14
2171,CAMP_5ca4a2f6,Flash Bundle Blitz,2026-02-18,2026-04-04
2172,CAMP_71790c70,Flash Bundle Blitz,2026-02-11,2026-03-31
2173,CAMP_6ec8dcc3,Flash Bundle Blitz,2026-02-25,2026-03-23
2174,CAMP_6ec8dcc3,Flash Bundle Blitz,2026-01-29,2026-02-24
2175,CAMP_568269e4,Loyalty Reward Drive,2026-02-07,2026-04-01
2176,CAMP_6ec8dcc3,Flash Bundle Blitz,2026-01-21,2026-02-10
2177,CAMP_6ec8dcc3,Flash Bundle Blitz,2026-02-17,2026-04-09
2178,CAMP_5ca4a2f6,Flash Bundle Blitz,2026-02-09,2026-02-25
2179,CAMP_5ca4a2f6,Flash Bundle Blitz,2026-02-24,2026-04-11
2180,CAMP_568269e4,Loyalty Reward Drive,2026-03-08,2026-03-10
2181,CAMP_6ec8dcc3,Flash Bundle Blitz,2026-03-04,2026-04-09
2182,CAMP_6ec8dcc3,Flash Bundle Blitz,2026-03-10,2026-04-25
2183,CAMP_6ec8dcc3,Flash Bundle Blitz,2026-01-28,2026-03-18
2184,CAMP_6ec8dcc3,Flash Bundle Blitz,2026-01-11,2026-02-19
2185,CAMP_6ec8dcc3,Flash Bundle Blitz,2026-02-09,2026-03-13
2186,CAMP_3a7188eb,Spring Data Boost,2026-02-23,2026-02-26
2187,CAMP_568269e4,Loyalty Reward Drive,2026-02-28,2026-03-23
2188,CAMP_5ca4a2f6,Flash Bundle Blitz,2026-02-10,2026-02-28
2189,CAMP_568269e4,Loyalty Reward Drive,2026-01-12,2026-02-09
2190,CAMP_71790c70,Flash Bundle Blitz,2026-02-17,2026-03-22
2191,CAMP_5ca4a2f6,Flash Bundle Blitz,2026-02-09,2026-04-02
2192,CAMP_71790c70,Flash Bundle Blitz,2026-01-17,2026-02-28
2193,CAMP_5ca4a2f6,Flash Bundle Blitz,2026-02-15,2026-03-22
2194,CAMP_3a7188eb,Spring Data Boost,2026-01-13,2026-01-18
2195,CAMP_5ca4a2f6,Flash Bundle Blitz,2026-03-06,2026-04-17
2196,CAMP_3a7188eb,Spring Data Boost,2026-02-02,2026-03-05
2197,CAMP_71790c70,Flash Bundle Blitz,2026-03-03,2026-03-08
2198,CAMP_568269e4,Loyalty Reward Drive,2026-01-09,2026-02-28
2199,CAMP_5ca4a2f6,Flash Bundle Blitz,2026-02-19,2026-04-14
2200,CAMP_6ec8dcc3,Flash Bundle Blitz,2026-01-15,2026-01-21
2201,CAMP_5ca4a2f6,Flash Bundle Blitz,2026-01-13,2026-02-09
2202,CAMP_568269e4,Loyalty Reward Drive,2026-01-11,2026-01-20
2203,CAMP_6ec8dcc3,Flash Bundle Blitz,2026-03-10,2026-03-11
2204,CAMP_5ca4a2f6,Flash Bundle Blitz,2026-02-25,2026-03-08
2205,CAMP_3a7188eb,Spring Data Boost,2026-02-25,2026-04-06
2206,CAMP_6ec8dcc3,Flash Bundle Blitz,2026-02-05,2026-02-12
2207,CAMP_568269e4,Loyalty Reward Drive,2026-01-12,2026-01-13
2208,CAMP_3a7188eb,Spring Data Boost,2026-03-09,2026-05-07
2209,CAMP_568269e4,Loyalty Reward Drive,2026-01-18,2026-02-15
2210,CAMP_5ca4a2f6,Flash Bundle Blitz,2026-02-03,2026-02-07
2211,CAMP_568269e4,Loyalty Reward Drive,2026-02-27,2026-04-07
2212,CAMP_5ca4a2f6,Flash Bundle Blitz,2026-01-24,2026-01-30
2213,CAMP_6ec8dcc3,Flash Bundle Blitz,2026-01-11,2026-01-26
2214,CAMP_71790c70,Flash Bundle Blitz,2026-02-15,2026-02-27
2215,CAMP_6ec8dcc3,Flash Bundle Blitz,2026-02-27,2026-03-08
2216,CAMP_568269e4,Loyalty Reward Drive,2026-01-29,2026-03-16
2217,CAMP_3a7188eb,Spring Data Boost,2026-02-22,2026-03-17
2218,CAMP_3a7188eb,Spring Data Boost,2026-02-13,2026-03-04
2219,CAMP_71790c70,Flash Bundle Blitz,2026-02-21,2026-03-12
2220,CAMP_6ec8dcc3,Flash Bundle Blitz,2026-03-04,2026-04-23
2221,CAMP_3a7188eb,Spring Data Boost,2026-01-15,2026-02-22
2222,CAMP_5ca4a2f6,Flash Bundle Blitz,2026-02-27,2026-03-10
2223,CAMP_6ec8dcc3,Flash Bundle Blitz,2026-01-19,2026-01-24
2224,CAMP_71790c70,Flash Bundle Blitz,2026-02-15,2026-03-07
2225,CAMP_71790c70,Flash Bundle Blitz,2026-01-14,2026-02-22
2226,CAMP_568269e4,Loyalty Reward Drive,2026-02-03,2026-03-05
2227,CAMP_3a7188eb,Spring Data Boost,2026-02-02,2026-03-01
2228,CAMP_71790c70,Flash Bundle Blitz,2026-01-23,2026-02-14
2229,CAMP_6ec8dcc3,Flash Bundle Blitz,2026-03-07,2026-03-19
2230,CAMP_3a7188eb,Spring Data Boost,2026-01-09,2026-02-24
2231,CAMP_6ec8dcc3,Flash Bundle Blitz,2026-01-15,2026-01-28
2232,CAMP_568269e4,Loyalty Reward Drive,2026-02-17,2026-04-15
2233,CAMP_71790c70,Flash Bundle Blitz,2026-02-19,2026-04-20
2234,CAMP_6ec8dcc3,Flash Bundle Blitz,2026-03-08,2026-04-24
2235,CAMP_568269e4,Loyalty Reward Drive,2026-02-01,2026-03-10
2236,CAMP_5ca4a2f6,Flash Bundle Blitz,2026-03-02,2026-04-06
2237,CAMP_5ca4a2f6,Flash Bundle Blitz,2026-01-27,2026-02-09
2238,CAMP_6ec8dcc3,Flash Bundle Blitz,2026-02-14,2026-03-14
2239,CAMP_568269e4,Loyalty Reward Drive,2026-01-15,2026-03-07
2240,CAMP_3a7188eb,Spring Data Boost,2026-02-08,2026-02-12
2241,CAMP_5ca4a2f6,Flash Bundle Blitz,2026-03-07,2026-03-16
2242,CAMP_5ca4a2f6,Flash Bundle Blitz,2026-01-13,2026-03-05
2243,CAMP_568269e4,Loyalty Reward Drive,2026-01-29,2026-03-22
2244,CAMP_5ca4a2f6,Flash Bundle Blitz,2026-02-23,2026-03-26
2245,CAMP_568269e4,Loyalty Reward Drive,2026-01-31,2026-02-21
2246,CAMP_6ec8dcc3,Flash Bundle Blitz,2026-02-01,2026-03-29
2247,CAMP_71790c70,Flash Bundle Blitz,2026-01-22,2026-03-12
2248,CAMP_6ec8dcc3,Flash Bundle Blitz,2026-01-11,2026-03-07
2249,CAMP_5ca4a2f6,Flash Bundle Blitz,2026-01-30,2026-02-15
2250,CAMP_568269e4,Loyalty Reward Drive,2026-02-23,2026-02-28
2251,CAMP_3a7188eb,Spring Data Boost,2026-02-26,2026-03-09
2252,CAMP_5ca4a2f6,Flash Bundle Blitz,2026-03-05,2026-04-01
2253,CAMP_5ca4a2f6,Flash Bundle Blitz,2026-02-14,2026-04-02
2254,CAMP_71790c70,Flash Bundle Blitz,2026-03-10,2026-03-21
2255,CAMP_71790c70,Flash Bundle Blitz,2026-02-10,2026-03-24
2256,CAMP_5ca4a2f6,Flash Bundle Blitz,2026-01-15,2026-03-07
2257,CAMP_568269e4,Loyalty Reward Drive,2026-01-10,2026-03-01
2258,CAMP_568269e4,Loyalty Reward Drive,2026-01-26,2026-02-12
2259,CAMP_568269e4,Loyalty Reward Drive,2026-03-05,2026-03-23
2260,CAMP_71790c70,Flash Bundle Blitz,2026-02-23,2026-03-19
2261,CAMP_568269e4,Loyalty Reward Drive,2026-01-10,2026-02-08
2262,CAMP_6ec8dcc3,Flash Bundle Blitz,2026-01-10,2026-02-13
2263,CAMP_71790c70,Flash Bundle Blitz,2026-01-19,2026-02-22
2264,CAMP_5ca4a2f6,Flash Bundle Blitz,2026-02-07,2026-02-09
2265,CAMP_568269e4,Loyalty Reward Drive,2026-02-25,2026-04-09
2266,CAMP_71790c70,Flash Bundle Blitz,2026-01-26,2026-03-08
2267,CAMP_5ca4a2f6,Flash Bundle Blitz,2026-03-03,2026-04-15
2268,CAMP_6ec8dcc3,Flash Bundle Blitz,2026-02-01,2026-03-11
2269,CAMP_71790c70,Flash Bundle Blitz,2026-02-18,2026-03-24
2270,CAMP_3a7188eb,Spring Data Boost,2026-02-11,2026-03-20
2271,CAMP_3a7188eb,Spring Data Boost,2026-01-09,2026-01-20
2272,CAMP_71790c70,Flash Bundle Blitz,2026-02-04,2026-03-15
2273,CAMP_6ec8dcc3,Flash Bundle Blitz,2026-01-14,2026-03-08
2274,CAMP_3a7188eb,Spring Data Boost,2026-01-11,2026-01-28
2275,CAMP_568269e4,Loyalty Reward Drive,2026-01-26,2026-02-10
2276,CAMP_6ec8dcc3,Flash Bundle Blitz,2026-01-28,2026-02-18
2277,CAMP_568269e4,Loyalty Reward Drive,2026-02-10,2026-03-14
2278,CAMP_5ca4a2f6,Flash Bundle Blitz,2026-02-07,2026-03-28
2279,CAMP_5ca4a2f6,Flash Bundle Blitz,2026-02-24,2026-04-07
2280,CAMP_568269e4,Loyalty Reward Drive,2026-02-16,2026-04-09
2281,CAMP_6ec8dcc3,Flash Bundle Blitz,2026-01-15,2026-01-19
2282,CAMP_71790c70,Flash Bundle Blitz,2026-02-09,2026-03-12
2283,CAMP_71790c70,Flash Bundle Blitz,2026-03-01,2026-04-06
2284,CAMP_568269e4,Loyalty Reward Drive,2026-02-26,2026-03-31
2285,CAMP_568269e4,Loyalty Reward Drive,2026-03-07,2026-03-11
2286,CAMP_568269e4,Loyalty Reward Drive,2026-02-26,2026-04-12
2287,CAMP_6ec8dcc3,Flash Bundle Blitz,2026-02-02,2026-03-18
2288,CAMP_568269e4,Loyalty Reward Drive,2026-01-10,2026-02-19
2289,CAMP_71790c70,Flash Bundle Blitz,2026-01-21,2026-02-06
2290,CAMP_3a7188eb,Spring Data Boost,2026-02-02,2026-03-22
2291,CAMP_71790c70,Flash Bundle Blitz,2026-02-07,2026-03-20
2292,CAMP_568269e4,Loyalty Reward Drive,2026-03-10,2026-04-25
2293,CAMP_6ec8dcc3,Flash Bundle Blitz,2026-02-21,2026-02-27
2294,CAMP_6ec8dcc3,Flash Bundle Blitz,2026-02-11,2026-04-11
2295,CAMP_568269e4,Loyalty Reward Drive,2026-03-01,2026-03-14
2296,CAMP_5ca4a2f6,Flash Bundle Blitz,2026-01-27,2026-02-28
2297,CAMP_5ca4a2f6,Flash Bundle Blitz,2026-01-20,2026-02-10
2298,CAMP_6ec8dcc3,Flash Bundle Blitz,2026-02-09,2026-02-15
2299,CAMP_5ca4a2f6,Flash Bundle Blitz,2026-02-07,2026-02-19
2300,CAMP_71790c70,Flash Bundle Blitz,2026-03-02,2026-04-25
2301,CAMP_568269e4,Loyalty Reward Drive,2026-01-30,2026-03-01
2302,CAMP_5ca4a2f6,Flash Bundle Blitz,2026-02-19,2026-04-10
2303,CAMP_5ca4a2f6,Flash Bundle Blitz,2026-02-16,2026-04-08
2304,CAMP_3a7188eb,Spring Data Boost,2026-02-16,2026-04-10
2305,CAMP_3a7188eb,Spring Data Boost,2026-02-27,2026-04-22
2306,CAMP_568269e4,Loyalty Reward Drive,2026-03-08,2026-04-07
2307,CAMP_5ca4a2f6,Flash Bundle Blitz,2026-01-29,2026-02-09
2308,CAMP_6ec8dcc3,Flash Bundle Blitz,2026-02-11,2026-03-08
2309,CAMP_71790c70,Flash Bundle Blitz,2026-03-09,2026-03-18
2310,CAMP_568269e4,Loyalty Reward Drive,2026-02-02,2026-03-20
2311,CAMP_3a7188eb,Spring Data Boost,2026-02-21,2026-04-16
2312,CAMP_568269e4,Loyalty Reward Drive,2026-01-11,2026-01-31
2313,CAMP_6ec8dcc3,Flash Bundle Blitz,2026-02-14,2026-04-09
2314,CAMP_5ca4a2f6,Flash Bundle Blitz,2026-01-18,2026-02-24
2315,CAMP_3a7188eb,Spring Data Boost,2026-01-13,2026-01-15
2316,CAMP_3a7188eb,Spring Data Boost,2026-01-31,2026-03-10
2317,CAMP_3a7188eb,Spring Data Boost,2026-01-18,2026-02-23
2318,CAMP_5ca4a2f6,Flash Bundle Blitz,2026-02-15,2026-03-28
2319,CAMP_5ca4a2f6,Flash Bundle Blitz,2026-02-03,2026-02-15
2320,CAMP_71790c70,Flash Bundle Blitz,2026-01-11,2026-02-02
2321,CAMP_6ec8dcc3,Flash Bundle Blitz,2026-03-09,2026-04-13
2322,CAMP_3a7188eb,Spring Data Boost,2026-01-13,2026-02-19
2323,CAMP_3a7188eb,Spring Data Boost,2026-01-30,2026-02-06
2324,CAMP_568269e4,Loyalty Reward Drive,2026-02-15,2026-03-20
2325,CAMP_3a7188eb,Spring Data Boost,2026-01-12,2026-02-03
2326,CAMP_6ec8dcc3,Flash Bundle Blitz,2026-02-05,2026-03-26
2327,CAMP_5ca4a2f6,Flash Bundle Blitz,2026-02-12,2026-03-25
2328,CAMP_3a7188eb,Spring Data Boost,2026-02-04,2026-03-19
2329,CAMP_5ca4a2f6,Flash Bundle Blitz,2026-02-01,2026-02-19
2330,CAMP_71790c70,Flash Bundle Blitz,2026-02-09,2026-04-07
2331,CAMP_6ec8dcc3,Flash Bundle Blitz,2026-02-04,2026-03-10
2332,CAMP_6ec8dcc3,Flash Bundle Blitz,2026-01-27,2026-03-01
2333,CAMP_6ec8dcc3,Flash Bundle Blitz,2026-01-14,2026-01-22
2334,CAMP_71790c70,Flash Bundle Blitz,2026-01-16,2026-02-17
2335,CAMP_71790c70,Flash Bundle Blitz,2026-02-25,2026-03-06
2336,CAMP_3a7188eb,Spring Data Boost,2026-02-26,2026-03-14
2337,CAMP_6ec8dcc3,Flash Bundle Blitz,2026-01-10,2026-02-12
2338,CAMP_5ca4a2f6,Flash Bundle Blitz,2026-01-11,2026-02-12
2339,CAMP_568269e4,Loyalty Reward Drive,2026-02-26,2026-03-23
2340,CAMP_3a7188eb,Spring Data Boost,2026-02-16,2026-03-23
2341,CAMP_568269e4,Loyalty Reward Drive,2026-03-08,2026-04-13
2342,CAMP_3a7188eb,Spring Data Boost,2026-02-06,2026-02-15
2343,CAMP_6ec8dcc3,Flash Bundle Blitz,2026-01-18,2026-03-19
2344,CAMP_3a7188eb,Spring Data Boost,2026-02-20,2026-02-23
2345,CAMP_3a7188eb,Spring Data Boost,2026-02-06,2026-03-28
2346,CAMP_3a7188eb,Spring Data Boost,2026-02-11,2026-03-14
2347,CAMP_3a7188eb,Spring Data Boost,2026-01-19,2026-02-26
2348,CAMP_6ec8dcc3,Flash Bundle Blitz,2026-03-07,2026-03-29
2349,CAMP_568269e4,Loyalty Reward Drive,2026-03-05,2026-05-03
2350,CAMP_3a7188eb,Spring Data Boost,2026-01-23,2026-02-13
2351,CAMP_5ca4a2f6,Flash Bundle Blitz,2026-03-05,2026-03-07
2352,CAMP_6ec8dcc3,Flash Bundle Blitz,2026-02-14,2026-03-15
2353,CAMP_568269e4,Loyalty Reward Drive,2026-01-11,2026-01-24
2354,CAMP_3a7188eb,Spring Data Boost,2026-01-30,2026-02-24
2355,CAMP_6ec8dcc3,Flash Bundle Blitz,2026-01-18,2026-02-19
2356,CAMP_5ca4a2f6,Flash Bundle Blitz,2026-01-09,2026-02-04
2357,CAMP_3a7188eb,Spring Data Boost,2026-02-15,2026-02-20
2358,CAMP_6ec8dcc3,Flash Bundle Blitz,2026-01-28,2026-02-28
2359,CAMP_568269e4,Loyalty Reward Drive,2026-01-12,2026-02-09
2360,CAMP_568269e4,Loyalty Reward Drive,2026-01-27,2026-02-12
2361,CAMP_3a7188eb,Spring Data Boost,2026-02-17,2026-03-20
2362,CAMP_5ca4a2f6,Flash Bundle Blitz,2026-03-04,2026-04-27
2363,CAMP_568269e4,Loyalty Reward Drive,2026-03-08,2026-03-30
2364,CAMP_5ca4a2f6,Flash Bundle Blitz,2026-02-14,2026-02-26
2365,CAMP_3a7188eb,Spring Data Boost,2026-02-18,2026-03-02
2366,CAMP_6ec8dcc3,Flash Bundle Blitz,2026-03-04,2026-04-16
2367,CAMP_5ca4a2f6,Flash Bundle Blitz,2026-01-27,2026-03-20
2368,CAMP_6ec8dcc3,Flash Bundle Blitz,2026-03-05,2026-03-07
2369,CAMP_5ca4a2f6,Flash Bundle Blitz,2026-01-14,2026-01-29
2370,CAMP_568269e4,Loyalty Reward Drive,2026-01-12,2026-02-03
2371,CAMP_71790c70,Flash Bundle Blitz,2026-01-29,2026-03-21
2372,CAMP_568269e4,Loyalty Reward Drive,2026-03-02,2026-03-08
2373,CAMP_5ca4a2f6,Flash Bundle Blitz,2026-02-05,2026-02-08
2374,CAMP_5ca4a2f6,Flash Bundle Blitz,2026-01-14,2026-02-22
2375,CAMP_71790c70,Flash Bundle Blitz,2026-02-25,2026-03-02
2376,CAMP_6ec8dcc3,Flash Bundle Blitz,2026-01-28,2026-02-02
2377,CAMP_6ec8dcc3,Flash Bundle Blitz,2026-02-22,2026-03-06
2378,CAMP_6ec8dcc3,Flash Bundle Blitz,2026-02-04,2026-03-02
2379,CAMP_3a7188eb,Spring Data Boost,2026-01-19,2026-02-07
2380,CAMP_5ca4a2f6,Flash Bundle Blitz,2026-02-10,2026-02-11
2381,CAMP_568269e4,Loyalty Reward Drive,2026-02-02,2026-03-24
2382,CAMP_3a7188eb,Spring Data Boost,2026-02-20,2026-03-21
2383,CAMP_6ec8dcc3,Flash Bundle Blitz,2026-01-22,2026-02-06
2384,CAMP_5ca4a2f6,Flash Bundle Blitz,2026-01-27,2026-02-03
2385,CAMP_5ca4a2f6,Flash Bundle Blitz,2026-03-01,2026-03-04
2386,CAMP_71790c70,Flash Bundle Blitz,2026-03-01,2026-03-08
2387,CAMP_568269e4,Loyalty Reward Drive,2026-01-24,2026-01-27
2388,CAMP_3a7188eb,Spring Data Boost,2026-01-31,2026-02-16
2389,CAMP_71790c70,Flash Bundle Blitz,2026-03-09,2026-04-08
2390,CAMP_6ec8dcc3,Flash Bundle Blitz,2026-02-24,2026-03-23
2391,CAMP_3a7188eb,Spring Data Boost,2026-02-07,2026-02-18
2392,CAMP_568269e4,Loyalty Reward Drive,2026-02-15,2026-03-08
2393,CAMP_3a7188eb,Spring Data Boost,2026-03-03,2026-04-27
2394,CAMP_568269e4,Loyalty Reward Drive,2026-01-27,2026-03-23
2395,CAMP_5ca4a2f6,Flash Bundle Blitz,2026-01-22,2026-02-12
2396,CAMP_3a7188eb,Spring Data Boost,2026-01-12,2026-02-18
2397,CAMP_568269e4,Loyalty Reward Drive,2026-02-20,2026-03-26
2398,CAMP_6ec8dcc3,Flash Bundle Blitz,2026-02-18,2026-02-19
2399,CAMP_568269e4,Loyalty Reward Drive,2026-02-10,2026-03-29
2400,CAMP_6ec8dcc3,Flash Bundle Blitz,2026-03-05,2026-05-03
2401,CAMP_71790c70,Flash Bundle Blitz,2026-02-12,2026-03-08
2402,CAMP_3a7188eb,Spring Data Boost,2026-02-01,2026-03-06
2403,CAMP_5ca4a2f6,Flash Bundle Blitz,2026-02-04,2026-03-28
2404,CAMP_6ec8dcc3,Flash Bundle Blitz,2026-01-13,2026-03-04
2405,CAMP_6ec8dcc3,Flash Bundle Blitz,2026-01-16,2026-02-01
2406,CAMP_568269e4,Loyalty Reward Drive,2026-01-20,2026-02-19
2407,CAMP_568269e4,Loyalty Reward Drive,2026-03-10,2026-03-12
2408,CAMP_3a7188eb,Spring Data Boost,2026-02-03,2026-03-10
2409,CAMP_3a7188eb,Spring Data Boost,2026-02-17,2026-03-08
2410,CAMP_568269e4,Loyalty Reward Drive,2026-02-13,2026-02-15
2411,CAMP_568269e4,Loyalty Reward Drive,2026-02-14,2026-03-25
2412,CAMP_5ca4a2f6,Flash Bundle Blitz,2026-01-13,2026-02-12
2413,CAMP_71790c70,Flash Bundle Blitz,2026-01-19,2026-03-18
2414,CAMP_71790c70,Flash Bundle Blitz,2026-01-09,2026-01-17
2415,CAMP_5ca4a2f6,Flash Bundle Blitz,2026-02-27,2026-04-11
2416,CAMP_6ec8dcc3,Flash Bundle Blitz,2026-02-15,2026-03-11
2417,CAMP_568269e4,Loyalty Reward Drive,2026-01-22,2026-02-15
2418,CAMP_6ec8dcc3,Flash Bundle Blitz,2026-01-17,2026-01-25
2419,CAMP_568269e4,Loyalty Reward Drive,2026-02-07,2026-03-22
2420,CAMP_71790c70,Flash Bundle Blitz,2026-01-10,2026-02-18
2421,CAMP_6ec8dcc3,Flash Bundle Blitz,2026-01-22,2026-02-15
2422,CAMP_6ec8dcc3,Flash Bundle Blitz,2026-03-09,2026-04-10
2423,CAMP_6ec8dcc3,Flash Bundle Blitz,2026-01-29,2026-02-09
2424,CAMP_71790c70,Flash Bundle Blitz,2026-03-07,2026-03-28
2425,CAMP_6ec8dcc3,Flash Bundle Blitz,2026-03-10,2026-03-18
2426,CAMP_71790c70,Flash Bundle Blitz,2026-01-12,2026-02-08
2427,CAMP_3a7188eb,Spring Data Boost,2026-02-11,2026-02-20
2428,CAMP_6ec8dcc3,Flash Bundle Blitz,2026-02-21,2026-04-03
2429,CAMP_5ca4a2f6,Flash Bundle Blitz,2026-03-08,2026-05-02
2430,CAMP_5ca4a2f6,Flash Bundle Blitz,2026-02-01,2026-02-27
2431,CAMP_71790c70,Flash Bundle Blitz,2026-02-23,2026-03-14
2432,CAMP_3a7188eb,Spring Data Boost,2026-02-01,2026-02-02
2433,CAMP_6ec8dcc3,Flash Bundle Blitz,2026-01-31,2026-02-14
2434,CAMP_5ca4a2f6,Flash Bundle Blitz,2026-02-28,2026-03-29
2435,CAMP_6ec8dcc3,Flash Bundle Blitz,2026-02-27,2026-04-27
2436,CAMP_5ca4a2f6,Flash Bundle Blitz,2026-02-18,2026-03-13
2437,CAMP_5ca4a2f6,Flash Bundle Blitz,2026-03-03,2026-04-28
2438,CAMP_5ca4a2f6,Flash Bundle Blitz,2026-01-30,2026-03-28
2439,CAMP_568269e4,Loyalty Reward Drive,2026-03-10,2026-05-04
2440,CAMP_6ec8dcc3,Flash Bundle Blitz,2026-03-04,2026-04-27
2441,CAMP_568269e4,Loyalty Reward Drive,2026-01-22,2026-02-17
2442,CAMP_568269e4,Loyalty Reward Drive,2026-02-05,2026-03-14
2443,CAMP_568269e4,Loyalty Reward Drive,2026-01-31,2026-02-09
2444,CAMP_71790c70,Flash Bundle Blitz,2026-02-07,2026-03-29
2445,CAMP_568269e4,Loyalty Reward Drive,2026-02-22,2026-03-06
2446,CAMP_3a7188eb,Spring Data Boost,2026-03-08,2026-04-08
2447,CAMP_5ca4a2f6,Flash Bundle Blitz,2026-01-28,2026-03-14
2448,CAMP_5ca4a2f6,Flash Bundle Blitz,2026-03-04,2026-04-16
2449,CAMP_568269e4,Loyalty Reward Drive,2026-03-02,2026-03-24
2450,CAMP_71790c70,Flash Bundle Blitz,2026-01-09,2026-02-10
2451,CAMP_6ec8dcc3,Flash Bundle Blitz,2026-03-01,2026-03-25
2452,CAMP_5ca4a2f6,Flash Bundle Blitz,2026-01-26,2026-03-02
2453,CAMP_5ca4a2f6,Flash Bundle Blitz,2026-01-31,2026-03-21
2454,CAMP_6ec8dcc3,Flash Bundle Blitz,2026-03-02,2026-04-03
2455,CAMP_6ec8dcc3,Flash Bundle Blitz,2026-02-02,2026-03-26
2456,CAMP_6ec8dcc3,Flash Bundle Blitz,2026-02-25,2026-03-28
2457,CAMP_3a7188eb,Spring Data Boost,2026-02-01,2026-02-28
2458,CAMP_568269e4,Loyalty Reward Drive,2026-02-06,2026-02-26
2459,CAMP_5ca4a2f6,Flash Bundle Blitz,2026-02-28,2026-04-20
2460,CAMP_71790c70,Flash Bundle Blitz,2026-02-25,2026-03-15
2461,CAMP_6ec8dcc3,Flash Bundle Blitz,2026-02-18,2026-02-24
2462,CAMP_6ec8dcc3,Flash Bundle Blitz,2026-02-18,2026-04-03
2463,CAMP_5ca4a2f6,Flash Bundle Blitz,2026-01-16,2026-02-10
2464,CAMP_71790c70,Flash Bundle Blitz,2026-02-02,2026-02-07
2465,CAMP_3a7188eb,Spring Data Boost,2026-01-22,2026-03-03
2466,CAMP_5ca4a2f6,Flash Bundle Blitz,2026-02-04,2026-03-25
2467,CAMP_3a7188eb,Spring Data Boost,2026-01-11,2026-03-03
2468,CAMP_3a7188eb,Spring Data Boost,2026-02-10,2026-03-28
2469,CAMP_3a7188eb,Spring Data Boost,2026-03-07,2026-05-03
2470,CAMP_5ca4a2f6,Flash Bundle Blitz,2026-02-11,2026-03-21
2471,CAMP_71790c70,Flash Bundle Blitz,2026-02-18,2026-03-26
2472,CAMP_6ec8dcc3,Flash Bundle Blitz,2026-02-25,2026-02-27
2473,CAMP_71790c70,Flash Bundle Blitz,2026-03-10,2026-04-07
2474,CAMP_568269e4,Loyalty Reward Drive,2026-02-19,2026-02-28
2475,CAMP_3a7188eb,Spring Data Boost,2026-02-10,2026-04-06
2476,CAMP_6ec8dcc3,Flash Bundle Blitz,2026-01-13,2026-02-09
2477,CAMP_3a7188eb,Spring Data Boost,2026-02-10,2026-02-15
2478,CAMP_5ca4a2f6,Flash Bundle Blitz,2026-03-07,2026-04-27
2479,CAMP_71790c70,Flash Bundle Blitz,2026-02-10,2026-04-03
2480,CAMP_6ec8dcc3,Flash Bundle Blitz,2026-02-18,2026-04-11
2481,CAMP_5ca4a2f6,Flash Bundle Blitz,2026-02-08,2026-02-14
2482,CAMP_568269e4,Loyalty Reward Drive,2026-03-09,2026-03-28
2483,CAMP_5ca4a2f6,Flash Bundle Blitz,2026-03-09,2026-03-22
2484,CAMP_568269e4,Loyalty Reward Drive,2026-03-01,2026-04-14
2485,CAMP_5ca4a2f6,Flash Bundle Blitz,2026-01-09,2026-02-08
2486,CAMP_5ca4a2f6,Flash Bundle Blitz,2026-02-10,2026-03-03
2487,CAMP_5ca4a2f6,Flash Bundle Blitz,2026-02-02,2026-03-06
2488,CAMP_5ca4a2f6,Flash Bundle Blitz,2026-01-27,2026-02-06
2489,CAMP_71790c70,Flash Bundle Blitz,2026-02-24,2026-04-24
2490,CAMP_3a7188eb,Spring Data Boost,2026-01-19,2026-02-21
2491,CAMP_71790c70,Flash Bundle Blitz,2026-01-18,2026-03-17
2492,CAMP_5ca4a2f6,Flash Bundle Blitz,2026-02-18,2026-04-19
2493,CAMP_71790c70,Flash Bundle Blitz,2026-03-06,2026-04-12
2494,CAMP_6ec8dcc3,Flash Bundle Blitz,2026-03-05,2026-03-31
2495,CAMP_568269e4,Loyalty Reward Drive,2026-02-12,2026-02-26
2496,CAMP_5ca4a2f6,Flash Bundle Blitz,2026-01-19,2026-02-13
2497,CAMP_71790c70,Flash Bundle Blitz,2026-02-12,2026-02-26
2498,CAMP_568269e4,Loyalty Reward Drive,2026-01-29,2026-03-25
2499,CAMP_6ec8dcc3,Flash Bundle Blitz,2026-02-02,2026-02-11
2500,CAMP_3a7188eb,Spring Data Boost,2026-01-31,2026-02-21
2501,CAMP_5ca4a2f6,Flash Bundle Blitz,2026-02-08,2026-04-09
2502,CAMP_568269e4,Loyalty Reward Drive,2026-03-07,2026-04-28
2503,CAMP_3a7188eb,Spring Data Boost,2026-01-31,2026-03-04
2504,CAMP_71790c70,Flash Bundle Blitz,2026-02-27,2026-04-14
2505,CAMP_6ec8dcc3,Flash Bundle Blitz,2026-01-28,2026-03-18
2506,CAMP_3a7188eb,Spring Data Boost,2026-03-08,2026-04-16
2507,CAMP_71790c70,Flash Bundle Blitz,2026-02-17,2026-04-02
2508,CAMP_3a7188eb,Spring Data Boost,2026-02-16,2026-03-11
2509,CAMP_6ec8dcc3,Flash Bundle Blitz,2026-03-03,2026-03-26
2510,CAMP_568269e4,Loyalty Reward Drive,2026-02-02,2026-02-28
2511,CAMP_568269e4,Loyalty Reward Drive,2026-01-16,2026-02-26
2512,CAMP_6ec8dcc3,Flash Bundle Blitz,2026-02-25,2026-04-04
2513,CAMP_5ca4a2f6,Flash Bundle Blitz,2026-03-03,2026-04-06
2514,CAMP_6ec8dcc3,Flash Bundle Blitz,2026-01-26,2026-02-05
2515,CAMP_5ca4a2f6,Flash Bundle Blitz,2026-03-03,2026-04-04
2516,CAMP_6ec8dcc3,Flash Bundle Blitz,2026-03-08,2026-04-26
2517,CAMP_71790c70,Flash Bundle Blitz,2026-02-21,2026-04-22
2518,CAMP_3a7188eb,Spring Data Boost,2026-01-19,2026-01-27
2519,CAMP_6ec8dcc3,Flash Bundle Blitz,2026-03-05,2026-03-06
2520,CAMP_5ca4a2f6,Flash Bundle Blitz,2026-02-20,2026-03-30
2521,CAMP_3a7188eb,Spring Data Boost,2026-03-03,2026-04-28
2522,CAMP_568269e4,Loyalty Reward Drive,2026-02-01,2026-02-28
2523,CAMP_3a7188eb,Spring Data Boost,2026-02-07,2026-02-22
2524,CAMP_71790c70,Flash Bundle Blitz,2026-01-15,2026-03-01
2525,CAMP_71790c70,Flash Bundle Blitz,2026-02-19,2026-03-16
2526,CAMP_6ec8dcc3,Flash Bundle Blitz,2026-02-04,2026-02-27
2527,CAMP_5ca4a2f6,Flash Bundle Blitz,2026-01-24,2026-03-06
2528,CAMP_5ca4a2f6,Flash Bundle Blitz,2026-03-10,2026-05-06
2529,CAMP_6ec8dcc3,Flash Bundle Blitz,2026-02-06,2026-03-29
2530,CAMP_6ec8dcc3,Flash Bundle Blitz,2026-01-31,2026-03-23
2531,CAMP_3a7188eb,Spring Data Boost,2026-02-27,2026-04-17
2532,CAMP_3a7188eb,Spring Data Boost,2026-01-25,2026-03-10
2533,CAMP_5ca4a2f6,Flash Bundle Blitz,2026-02-02,2026-02-28
2534,CAMP_3a7188eb,Spring Data Boost,2026-01-29,2026-02-26
2535,CAMP_71790c70,Flash Bundle Blitz,2026-02-18,2026-03-12
2536,CAMP_71790c70,Flash Bundle Blitz,2026-01-31,2026-02-11
2537,CAMP_568269e4,Loyalty Reward Drive,2026-01-21,2026-02-12
2538,CAMP_6ec8dcc3,Flash Bundle Blitz,2026-01-30,2026-02-06
2539,CAMP_71790c70,Flash Bundle Blitz,2026-01-26,2026-02-03
2540,CAMP_6ec8dcc3,Flash Bundle Blitz,2026-01-18,2026-03-17
2541,CAMP_6ec8dcc3,Flash Bundle Blitz,2026-01-24,2026-03-24
2542,CAMP_568269e4,Loyalty Reward Drive,2026-03-06,2026-03-11
2543,CAMP_568269e4,Loyalty Reward Drive,2026-02-28,2026-03-06
2544,CAMP_568269e4,Loyalty Reward Drive,2026-02-07,2026-02-17
2545,CAMP_5ca4a2f6,Flash Bundle Blitz,2026-03-09,2026-04-27
2546,CAMP_5ca4a2f6,Flash Bundle Blitz,2026-01-11,2026-02-11
2547,CAMP_568269e4,Loyalty Reward Drive,2026-02-03,2026-02-05
2548,CAMP_3a7188eb,Spring Data Boost,2026-01-27,2026-02-27
2549,CAMP_6ec8dcc3,Flash Bundle Blitz,2026-01-12,2026-01-17
2550,CAMP_71790c70,Flash Bundle Blitz,2026-03-07,2026-04-18
2551,CAMP_568269e4,Loyalty Reward Drive,2026-03-06,2026-03-14
2552,CAMP_3a7188eb,Spring Data Boost,2026-02-25,2026-04-22
2553,CAMP_71790c70,Flash Bundle Blitz,2026-01-13,2026-02-15
2554,CAMP_5ca4a2f6,Flash Bundle Blitz,2026-02-10,2026-02-24
2555,CAMP_6ec8dcc3,Flash Bundle Blitz,2026-02-21,2026-02-22
2556,CAMP_71790c70,Flash Bundle Blitz,2026-01-19,2026-02-24
2557,CAMP_71790c70,Flash Bundle Blitz,2026-02-16,2026-04-12
2558,CAMP_5ca4a2f6,Flash Bundle Blitz,2026-03-10,2026-04-29
2559,CAMP_71790c70,Flash Bundle Blitz,2026-02-02,2026-03-04
2560,CAMP_568269e4,Loyalty Reward Drive,2026-02-17,2026-03-13
2561,CAMP_568269e4,Loyalty Reward Drive,2026-01-13,2026-03-02
2562,CAMP_71790c70,Flash Bundle Blitz,2026-02-11,2026-04-07
2563,CAMP_71790c70,Flash Bundle Blitz,2026-02-21,2026-03-30
2564,CAMP_6ec8dcc3,Flash Bundle Blitz,2026-02-24,2026-03-28
2565,CAMP_71790c70,Flash Bundle Blitz,2026-02-20,2026-03-18
2566,CAMP_6ec8dcc3,Flash Bundle Blitz,2026-01-16,2026-03-16
2567,CAMP_568269e4,Loyalty Reward Drive,2026-01-21,2026-02-06
2568,CAMP_5ca4a2f6,Flash Bundle Blitz,2026-02-22,2026-02-28
2569,CAMP_71790c70,Flash Bundle Blitz,2026-01-16,2026-01-21
2570,CAMP_3a7188eb,Spring Data Boost,2026-01-19,2026-03-07
2571,CAMP_568269e4,Loyalty Reward Drive,2026-02-09,2026-04-07
2572,CAMP_568269e4,Loyalty Reward Drive,2026-02-21,2026-04-20
2573,CAMP_71790c70,Flash Bundle Blitz,2026-03-06,2026-03-19
2574,CAMP_568269e4,Loyalty Reward Drive,2026-02-28,2026-04-13
2575,CAMP_71790c70,Flash Bundle Blitz,2026-01-29,2026-02-03
2576,CAMP_5ca4a2f6,Flash Bundle Blitz,2026-02-02,2026-02-12
2577,CAMP_71790c70,Flash Bundle Blitz,2026-03-05,2026-04-10
2578,CAMP_568269e4,Loyalty Reward Drive,2026-02-13,2026-03-06
2579,CAMP_568269e4,Loyalty Reward Drive,2026-02-13,2026-02-16
2580,CAMP_3a7188eb,Spring Data Boost,2026-01-10,2026-03-06
2581,CAMP_5ca4a2f6,Flash Bundle Blitz,2026-02-05,2026-03-02
2582,CAMP_3a7188eb,Spring Data Boost,2026-01-29,2026-02-07
2583,CAMP_71790c70,Flash Bundle Blitz,2026-03-09,2026-03-13
2584,CAMP_71790c70,Flash Bundle Blitz,2026-02-09,2026-02-22
2585,CAMP_5ca4a2f6,Flash Bundle Blitz,2026-02-12,2026-02-18
2586,CAMP_5ca4a2f6,Flash Bundle Blitz,2026-01-22,2026-03-15
2587,CAMP_3a7188eb,Spring Data Boost,2026-02-04,2026-03-14
2588,CAMP_3a7188eb,Spring Data Boost,2026-02-09,2026-03-21
2589,CAMP_568269e4,Loyalty Reward Drive,2026-01-09,2026-01-22
2590,CAMP_5ca4a2f6,Flash Bundle Blitz,2026-01-12,2026-02-09
2591,CAMP_6ec8dcc3,Flash Bundle Blitz,2026-01-19,2026-01-23
2592,CAMP_3a7188eb,Spring Data Boost,2026-02-16,2026-03-27
2593,CAMP_71790c70,Flash Bundle Blitz,2026-02-07,2026-03-04
2594,CAMP_3a7188eb,Spring Data Boost,2026-02-12,2026-03-14
2595,CAMP_71790c70,Flash Bundle Blitz,2026-03-03,2026-04-07
2596,CAMP_6ec8dcc3,Flash Bundle Blitz,2026-03-01,2026-03-12
2597,CAMP_6ec8dcc3,Flash Bundle Blitz,2026-02-03,2026-02-05
2598,CAMP_3a7188eb,Spring Data Boost,2026-01-18,2026-02-06
2599,CAMP_6ec8dcc3,Flash Bundle Blitz,2026-02-24,2026-03-23
2600,CAMP_3a7188eb,Spring Data Boost,2026-03-09,2026-03-31
2601,CAMP_3a7188eb,Spring Data Boost,2026-03-10,2026-03-30
2602,CAMP_6ec8dcc3,Flash Bundle Blitz,2026-02-20,2026-04-17
2603,CAMP_568269e4,Loyalty Reward Drive,2026-01-18,2026-02-20
2604,CAMP_3a7188eb,Spring Data Boost,2026-01-31,2026-03-23
2605,CAMP_3a7188eb,Spring Data Boost,2026-01-10,2026-01-23
2606,CAMP_5ca4a2f6,Flash Bundle Blitz,2026-02-01,2026-03-31
2607,CAMP_6ec8dcc3,Flash Bundle Blitz,2026-02-08,2026-02-17
2608,CAMP_3a7188eb,Spring Data Boost,2026-01-22,2026-02-05
2609,CAMP_6ec8dcc3,Flash Bundle Blitz,2026-01-18,2026-02-19
2610,CAMP_5ca4a2f6,Flash Bundle Blitz,2026-02-23,2026-03-28
2611,CAMP_5ca4a2f6,Flash Bundle Blitz,2026-02-11,2026-03-27
2612,CAMP_568269e4,Loyalty Reward Drive,2026-01-29,2026-02-08
2613,CAMP_3a7188eb,Spring Data Boost,2026-01-29,2026-02-13
2614,CAMP_568269e4,Loyalty Reward Drive,2026-02-04,2026-03-30
2615,CAMP_5ca4a2f6,Flash Bundle Blitz,2026-02-21,2026-04-19
2616,CAMP_6ec8dcc3,Flash Bundle Blitz,2026-02-17,2026-03-04
2617,CAMP_71790c70,Flash Bundle Blitz,2026-01-09,2026-02-27
2618,CAMP_3a7188eb,Spring Data Boost,2026-02-10,2026-04-09
2619,CAMP_5ca4a2f6,Flash Bundle Blitz,2026-03-09,2026-04-04
2620,CAMP_3a7188eb,Spring Data Boost,2026-03-02,2026-04-16
2621,CAMP_3a7188eb,Spring Data Boost,2026-03-07,2026-04-16
2622,CAMP_6ec8dcc3,Flash Bundle Blitz,2026-03-07,2026-05-01
2623,CAMP_71790c70,Flash Bundle Blitz,2026-03-08,2026-03-29
2624,CAMP_5ca4a2f6,Flash Bundle Blitz,2026-01-24,2026-03-08
2625,CAMP_71790c70,Flash Bundle Blitz,2026-01-30,2026-03-02
2626,CAMP_568269e4,Loyalty Reward Drive,2026-02-23,2026-04-20
2627,CAMP_3a7188eb,Spring Data Boost,2026-02-19,2026-04-16
2628,CAMP_71790c70,Flash Bundle Blitz,2026-01-31,2026-02-14
2629,CAMP_568269e4,Loyalty Reward Drive,2026-01-18,2026-03-11
2630,CAMP_71790c70,Flash Bundle Blitz,2026-02-09,2026-02-22
2631,CAMP_5ca4a2f6,Flash Bundle Blitz,2026-03-07,2026-03-23
2632,CAMP_71790c70,Flash Bundle Blitz,2026-01-16,2026-03-16
2633,CAMP_3a7188eb,Spring Data Boost,2026-02-04,2026-03-23
2634,CAMP_6ec8dcc3,Flash Bundle Blitz,2026-01-17,2026-02-03
2635,CAMP_568269e4,Loyalty Reward Drive,2026-02-21,2026-03-04
2636,CAMP_568269e4,Loyalty Reward Drive,2026-01-20,2026-03-04
2637,CAMP_6ec8dcc3,Flash Bundle Blitz,2026-01-28,2026-02-21
2638,CAMP_3a7188eb,Spring Data Boost,2026-01-17,2026-02-26
2639,CAMP_5ca4a2f6,Flash Bundle Blitz,2026-01-26,2026-02-09
2640,CAMP_6ec8dcc3,Flash Bundle Blitz,2026-02-02,2026-02-16
2641,CAMP_6ec8dcc3,Flash Bundle Blitz,2026-03-08,2026-03-27
2642,CAMP_71790c70,Flash Bundle Blitz,2026-01-19,2026-02-04
2643,CAMP_3a7188eb,Spring Data Boost,2026-01-24,2026-01-29
2644,CAMP_71790c70,Flash Bundle Blitz,2026-03-06,2026-03-16
2645,CAMP_568269e4,Loyalty Reward Drive,2026-01-20,2026-01-31
2646,CAMP_71790c70,Flash Bundle Blitz,2026-02-04,2026-02-18
2647,CAMP_5ca4a2f6,Flash Bundle Blitz,2026-01-12,2026-03-03
2648,CAMP_568269e4,Loyalty Reward Drive,2026-01-27,2026-03-10
2649,CAMP_71790c70,Flash Bundle Blitz,2026-02-13,2026-03-11
2650,CAMP_5ca4a2f6,Flash Bundle Blitz,2026-02-14,2026-03-15
2651,CAMP_6ec8dcc3,Flash Bundle Blitz,2026-02-25,2026-03-02
2652,CAMP_71790c70,Flash Bundle Blitz,2026-03-10,2026-04-22
2653,CAMP_3a7188eb,Spring Data Boost,2026-02-08,2026-03-08
2654,CAMP_6ec8dcc3,Flash Bundle Blitz,2026-02-21,2026-02-22
2655,CAMP_6ec8dcc3,Flash Bundle Blitz,2026-01-24,2026-01-29
2656,CAMP_568269e4,Loyalty Reward Drive,2026-01-25,2026-02-04
2657,CAMP_6ec8dcc3,Flash Bundle Blitz,2026-02-01,2026-03-04
2658,CAMP_3a7188eb,Spring Data Boost,2026-01-09,2026-02-28
2659,CAMP_71790c70,Flash Bundle Blitz,2026-01-18,2026-02-09
2660,CAMP_71790c70,Flash Bundle Blitz,2026-01-21,2026-03-18
2661,CAMP_6ec8dcc3,Flash Bundle Blitz,2026-01-24,2026-03-19
2662,CAMP_5ca4a2f6,Flash Bundle Blitz,2026-02-01,2026-02-10
2663,CAMP_5ca4a2f6,Flash Bundle Blitz,2026-01-14,2026-02-13
2664,CAMP_5ca4a2f6,Flash Bundle Blitz,2026-02-27,2026-03-31
2665,CAMP_568269e4,Loyalty Reward Drive,2026-01-20,2026-03-13
2666,CAMP_6ec8dcc3,Flash Bundle Blitz,2026-03-04,2026-04-09
2667,CAMP_568269e4,Loyalty Reward Drive,2026-02-06,2026-03-24
2668,CAMP_5ca4a2f6,Flash Bundle Blitz,2026-03-05,2026-05-04
2669,CAMP_71790c70,Flash Bundle Blitz,2026-02-17,2026-02-27
2670,CAMP_6ec8dcc3,Flash Bundle Blitz,2026-02-27,2026-03-13
2671,CAMP_71790c70,Flash Bundle Blitz,2026-01-09,2026-03-09
2672,CAMP_3a7188eb,Spring Data Boost,2026-02-15,2026-04-06
2673,CAMP_3a7188eb,Spring Data Boost,2026-02-01,2026-03-31
2674,CAMP_6ec8dcc3,Flash Bundle Blitz,2026-02-03,2026-02-04
2675,CAMP_71790c70,Flash Bundle Blitz,2026-03-05,2026-04-13
2676,CAMP_568269e4,Loyalty Reward Drive,2026-02-18,2026-02-25
2677,CAMP_5ca4a2f6,Flash Bundle Blitz,2026-01-13,2026-02-11
2678,CAMP_6ec8dcc3,Flash Bundle Blitz,2026-01-23,2026-02-17
2679,CAMP_568269e4,Loyalty Reward Drive,2026-03-02,2026-04-06
2680,CAMP_3a7188eb,Spring Data Boost,2026-03-01,2026-04-19
2681,CAMP_6ec8dcc3,Flash Bundle Blitz,2026-02-20,2026-03-12
2682,CAMP_6ec8dcc3,Flash Bundle Blitz,2026-02-16,2026-02-27
2683,CAMP_568269e4,Loyalty Reward Drive,2026-01-25,2026-03-25
2684,CAMP_3a7188eb,Spring Data Boost,2026-03-06,2026-03-29
2685,CAMP_6ec8dcc3,Flash Bundle Blitz,2026-01-16,2026-02-07
2686,CAMP_71790c70,Flash Bundle Blitz,2026-01-11,2026-02-05
2687,CAMP_71790c70,Flash Bundle Blitz,2026-02-27,2026-03-21
2688,CAMP_5ca4a2f6,Flash Bundle Blitz,2026-02-16,2026-04-16
2689,CAMP_3a7188eb,Spring Data Boost,2026-02-04,2026-03-04
2690,CAMP_568269e4,Loyalty Reward Drive,2026-03-10,2026-04-11
2691,CAMP_3a7188eb,Spring Data Boost,2026-01-17,2026-02-16
2692,CAMP_6ec8dcc3,Flash Bundle Blitz,2026-01-22,2026-01-25
2693,CAMP_3a7188eb,Spring Data Boost,2026-02-01,2026-02-06
2694,CAMP_5ca4a2f6,Flash Bundle Blitz,2026-03-08,2026-03-21
2695,CAMP_5ca4a2f6,Flash Bundle Blitz,2026-01-09,2026-02-07
2696,CAMP_6ec8dcc3,Flash Bundle Blitz,2026-03-10,2026-04-05
2697,CAMP_5ca4a2f6,Flash Bundle Blitz,2026-01-10,2026-01-22
2698,CAMP_71790c70,Flash Bundle Blitz,2026-01-30,2026-02-27
2699,CAMP_5ca4a2f6,Flash Bundle Blitz,2026-02-12,2026-03-27
2700,CAMP_5ca4a2f6,Flash Bundle Blitz,2026-03-09,2026-03-23
2701,CAMP_3a7188eb,Spring Data Boost,2026-02-10,2026-03-10
2702,CAMP_5ca4a2f6,Flash Bundle Blitz,2026-02-20,2026-02-27
2703,CAMP_568269e4,Loyalty Reward Drive,2026-01-23,2026-02-09
2704,CAMP_5ca4a2f6,Flash Bundle Blitz,2026-01-24,2026-02-01
2705,CAMP_71790c70,Flash Bundle Blitz,2026-01-14,2026-03-09
2706,CAMP_6ec8dcc3,Flash Bundle Blitz,2026-02-26,2026-04-05
2707,CAMP_568269e4,Loyalty Reward Drive,2026-03-10,2026-03-16
2708,CAMP_5ca4a2f6,Flash Bundle Blitz,2026-01-28,2026-02-16
2709,CAMP_5ca4a2f6,Flash Bundle Blitz,2026-03-05,2026-03-28
2710,CAMP_568269e4,Loyalty Reward Drive,2026-01-30,2026-03-08
2711,CAMP_71790c70,Flash Bundle Blitz,2026-02-07,2026-03-27
2712,CAMP_71790c70,Flash Bundle Blitz,2026-01-29,2026-03-04
2713,CAMP_568269e4,Loyalty Reward Drive,2026-03-08,2026-04-06
2714,CAMP_3a7188eb,Spring Data Boost,2026-01-29,2026-03-22
2715,CAMP_71790c70,Flash Bundle Blitz,2026-01-13,2026-01-28
2716,CAMP_568269e4,Loyalty Reward Drive,2026-01-25,2026-03-26
2717,CAMP_6ec8dcc3,Flash Bundle Blitz,2026-01-31,2026-03-28
2718,CAMP_71790c70,Flash Bundle Blitz,2026-03-07,2026-04-30
2719,CAMP_71790c70,Flash Bundle Blitz,2026-02-01,2026-02-02
2720,CAMP_5ca4a2f6,Flash Bundle Blitz,2026-01-17,2026-02-28
2721,CAMP_568269e4,Loyalty Reward Drive,2026-01-15,2026-02-05
2722,CAMP_3a7188eb,Spring Data Boost,2026-02-27,2026-04-05
2723,CAMP_6ec8dcc3,Flash Bundle Blitz,2026-02-16,2026-02-26
2724,CAMP_5ca4a2f6,Flash Bundle Blitz,2026-01-09,2026-03-09
2725,CAMP_71790c70,Flash Bundle Blitz,2026-02-01,2026-02-20
2726,CAMP_568269e4,Loyalty Reward Drive,2026-01-16,2026-03-10
2727,CAMP_3a7188eb,Spring Data Boost,2026-01-13,2026-02-28
2728,CAMP_3a7188eb,Spring Data Boost,2026-01-14,2026-01-27
2729,CAMP_6ec8dcc3,Flash Bundle Blitz,2026-03-06,2026-05-05
2730,CAMP_568269e4,Loyalty Reward Drive,2026-01-12,2026-01-31
2731,CAMP_568269e4,Loyalty Reward Drive,2026-02-27,2026-04-22
2732,CAMP_568269e4,Loyalty Reward Drive,2026-02-22,2026-03-17
2733,CAMP_71790c70,Flash Bundle Blitz,2026-03-06,2026-05-01
2734,CAMP_568269e4,Loyalty Reward Drive,2026-03-02,2026-04-26
2735,CAMP_568269e4,Loyalty Reward Drive,2026-03-02,2026-04-16
2736,CAMP_568269e4,Loyalty Reward Drive,2026-01-29,2026-02-07
2737,CAMP_568269e4,Loyalty Reward Drive,2026-02-18,2026-04-18
2738,CAMP_71790c70,Flash Bundle Blitz,2026-02-26,2026-04-16
2739,CAMP_568269e4,Loyalty Reward Drive,2026-01-15,2026-02-14
2740,CAMP_568269e4,Loyalty Reward Drive,2026-02-14,2026-03-30
2741,CAMP_71790c70,Flash Bundle Blitz,2026-01-16,2026-02-23
2742,CAMP_5ca4a2f6,Flash Bundle Blitz,2026-01-31,2026-03-27
2743,CAMP_3a7188eb,Spring Data Boost,2026-01-15,2026-01-21
2744,CAMP_5ca4a2f6,Flash Bundle Blitz,2026-02-25,2026-04-20
2745,CAMP_3a7188eb,Spring Data Boost,2026-02-19,2026-04-04
2746,CAMP_568269e4,Loyalty Reward Drive,2026-01-30,2026-03-22
2747,CAMP_5ca4a2f6,Flash Bundle Blitz,2026-02-19,2026-04-06
2748,CAMP_3a7188eb,Spring Data Boost,2026-01-22,2026-01-29
2749,CAMP_6ec8dcc3,Flash Bundle Blitz,2026-03-02,2026-03-29
2750,CAMP_6ec8dcc3,Flash Bundle Blitz,2026-01-15,2026-01-23
2751,CAMP_71790c70,Flash Bundle Blitz,2026-03-04,2026-03-09
2752,CAMP_3a7188eb,Spring Data Boost,2026-02-04,2026-02-06
2753,CAMP_568269e4,Loyalty Reward Drive,2026-02-09,2026-03-18
2754,CAMP_568269e4,Loyalty Reward Drive,2026-02-11,2026-04-02
2755,CAMP_6ec8dcc3,Flash Bundle Blitz,2026-02-19,2026-04-17
2756,CAMP_71790c70,Flash Bundle Blitz,2026-03-10,2026-04-20
2757,CAMP_3a7188eb,Spring Data Boost,2026-02-24,2026-04-18
2758,CAMP_568269e4,Loyalty Reward Drive,2026-03-02,2026-03-23
2759,CAMP_568269e4,Loyalty Reward Drive,2026-02-03,2026-03-27
2760,CAMP_71790c70,Flash Bundle Blitz,2026-02-13,2026-03-27
2761,CAMP_71790c70,Flash Bundle Blitz,2026-02-01,2026-03-20
2762,CAMP_3a7188eb,Spring Data Boost,2026-02-14,2026-02-22
2763,CAMP_5ca4a2f6,Flash Bundle Blitz,2026-01-22,2026-02-21
2764,CAMP_5ca4a2f6,Flash Bundle Blitz,2026-02-20,2026-03-07
2765,CAMP_71790c70,Flash Bundle Blitz,2026-02-19,2026-02-21
2766,CAMP_6ec8dcc3,Flash Bundle Blitz,2026-02-02,2026-03-09
2767,CAMP_568269e4,Loyalty Reward Drive,2026-03-06,2026-03-18
2768,CAMP_5ca4a2f6,Flash Bundle Blitz,2026-03-10,2026-04-14
2769,CAMP_6ec8dcc3,Flash Bundle Blitz,2026-03-07,2026-03-10
2770,CAMP_6ec8dcc3,Flash Bundle Blitz,2026-01-16,2026-02-10
2771,CAMP_568269e4,Loyalty Reward Drive,2026-01-31,2026-02-22
2772,CAMP_3a7188eb,Spring Data Boost,2026-01-31,2026-03-12
2773,CAMP_3a7188eb,Spring Data Boost,2026-01-10,2026-03-07
2774,CAMP_3a7188eb,Spring Data Boost,2026-02-03,2026-03-26
2775,CAMP_568269e4,Loyalty Reward Drive,2026-02-02,2026-02-27
2776,CAMP_71790c70,Flash Bundle Blitz,2026-02-27,2026-04-13
2777,CAMP_6ec8dcc3,Flash Bundle Blitz,2026-03-09,2026-03-21
2778,CAMP_5ca4a2f6,Flash Bundle Blitz,2026-01-25,2026-01-28
2779,CAMP_6ec8dcc3,Flash Bundle Blitz,2026-02-17,2026-04-16
2780,CAMP_5ca4a2f6,Flash Bundle Blitz,2026-01-22,2026-01-24
2781,CAMP_71790c70,Flash Bundle Blitz,2026-01-28,2026-02-19
2782,CAMP_6ec8dcc3,Flash Bundle Blitz,2026-02-05,2026-03-10
2783,CAMP_71790c70,Flash Bundle Blitz,2026-02-09,2026-03-08
2784,CAMP_6ec8dcc3,Flash Bundle Blitz,2026-02-27,2026-03-17
2785,CAMP_3a7188eb,Spring Data Boost,2026-01-18,2026-02-13
2786,CAMP_71790c70,Flash Bundle Blitz,2026-03-04,2026-03-08
2787,CAMP_3a7188eb,Spring Data Boost,2026-03-07,2026-04-15
2788,CAMP_71790c70,Flash Bundle Blitz,2026-02-07,2026-03-19
2789,CAMP_6ec8dcc3,Flash Bundle Blitz,2026-02-12,2026-03-13
2790,CAMP_568269e4,Loyalty Reward Drive,2026-01-21,2026-02-11
2791,CAMP_568269e4,Loyalty Reward Drive,2026-03-07,2026-04-26
2792,CAMP_568269e4,Loyalty Reward Drive,2026-01-29,2026-02-22
2793,CAMP_568269e4,Loyalty Reward Drive,2026-01-19,2026-02-22
2794,CAMP_5ca4a2f6,Flash Bundle Blitz,2026-02-12,2026-03-13
2795,CAMP_3a7188eb,Spring Data Boost,2026-01-26,2026-03-27
2796,CAMP_3a7188eb,Spring Data Boost,2026-01-23,2026-02-04
2797,CAMP_5ca4a2f6,Flash Bundle Blitz,2026-02-16,2026-03-13
2798,CAMP_6ec8dcc3,Flash Bundle Blitz,2026-03-07,2026-04-09
2799,CAMP_71790c70,Flash Bundle Blitz,2026-01-25,2026-02-09
2800,CAMP_71790c70,Flash Bundle Blitz,2026-01-29,2026-03-04
2801,CAMP_6ec8dcc3,Flash Bundle Blitz,2026-03-10,2026-03-17
2802,CAMP_3a7188eb,Spring Data Boost,2026-01-17,2026-01-25
2803,CAMP_3a7188eb,Spring Data Boost,2026-02-07,2026-02-10
2804,CAMP_71790c70,Flash Bundle Blitz,2026-03-06,2026-04-13
2805,CAMP_3a7188eb,Spring Data Boost,2026-01-25,2026-02-09
2806,CAMP_568269e4,Loyalty Reward Drive,2026-03-08,2026-03-22
2807,CAMP_5ca4a2f6,Flash Bundle Blitz,2026-03-05,2026-04-14
2808,CAMP_6ec8dcc3,Flash Bundle Blitz,2026-02-17,2026-03-03
2809,CAMP_71790c70,Flash Bundle Blitz,2026-02-20,2026-03-05
2810,CAMP_3a7188eb,Spring Data Boost,2026-01-10,2026-02-20
2811,CAMP_6ec8dcc3,Flash Bundle Blitz,2026-01-17,2026-03-06
2812,CAMP_71790c70,Flash Bundle Blitz,2026-03-09,2026-03-19
2813,CAMP_6ec8dcc3,Flash Bundle Blitz,2026-03-08,2026-03-30
2814,CAMP_5ca4a2f6,Flash Bundle Blitz,2026-01-16,2026-03-10
2815,CAMP_71790c70,Flash Bundle Blitz,2026-01-17,2026-01-25
2816,CAMP_568269e4,Loyalty Reward Drive,2026-02-28,2026-03-31
2817,CAMP_71790c70,Flash Bundle Blitz,2026-02-06,2026-03-28
2818,CAMP_3a7188eb,Spring Data Boost,2026-02-06,2026-03-11
2819,CAMP_71790c70,Flash Bundle Blitz,2026-02-20,2026-04-08
2820,CAMP_568269e4,Loyalty Reward Drive,2026-01-26,2026-02-01
2821,CAMP_3a7188eb,Spring Data Boost,2026-02-06,2026-03-06
2822,CAMP_3a7188eb,Spring Data Boost,2026-01-19,2026-03-11
2823,CAMP_71790c70,Flash Bundle Blitz,2026-01-12,2026-02-01
2824,CAMP_6ec8dcc3,Flash Bundle Blitz,2026-02-27,2026-03-27
2825,CAMP_5ca4a2f6,Flash Bundle Blitz,2026-02-20,2026-03-25
2826,CAMP_568269e4,Loyalty Reward Drive,2026-02-17,2026-04-14
2827,CAMP_6ec8dcc3,Flash Bundle Blitz,2026-02-04,2026-03-22
2828,CAMP_568269e4,Loyalty Reward Drive,2026-01-29,2026-02-15
2829,CAMP_568269e4,Loyalty Reward Drive,2026-02-25,2026-04-01
2830,CAMP_6ec8dcc3,Flash Bundle Blitz,2026-02-11,2026-04-08
2831,CAMP_6ec8dcc3,Flash Bundle Blitz,2026-03-04,2026-04-10
2832,CAMP_568269e4,Loyalty Reward Drive,2026-01-15,2026-03-09
2833,CAMP_568269e4,Loyalty Reward Drive,2026-01-11,2026-02-23
2834,CAMP_568269e4,Loyalty Reward Drive,2026-02-03,2026-02-15
2835,CAMP_5ca4a2f6,Flash Bundle Blitz,2026-03-09,2026-03-12
2836,CAMP_5ca4a2f6,Flash Bundle Blitz,2026-03-07,2026-03-16
2837,CAMP_6ec8dcc3,Flash Bundle Blitz,2026-01-25,2026-03-06
2838,CAMP_568269e4,Loyalty Reward Drive,2026-02-12,2026-04-10
2839,CAMP_3a7188eb,Spring Data Boost,2026-01-21,2026-01-26
2840,CAMP_3a7188eb,Spring Data Boost,2026-02-18,2026-03-12
2841,CAMP_6ec8dcc3,Flash Bundle Blitz,2026-02-09,2026-02-20
2842,CAMP_5ca4a2f6,Flash Bundle Blitz,2026-03-01,2026-04-26
2843,CAMP_5ca4a2f6,Flash Bundle Blitz,2026-02-06,2026-03-17
2844,CAMP_3a7188eb,Spring Data Boost,2026-01-10,2026-01-11
2845,CAMP_71790c70,Flash Bundle Blitz,2026-01-22,2026-01-26
2846,CAMP_3a7188eb,Spring Data Boost,2026-02-15,2026-02-20
2847,CAMP_5ca4a2f6,Flash Bundle Blitz,2026-02-18,2026-02-28
2848,CAMP_568269e4,Loyalty Reward Drive,2026-02-05,2026-03-07
2849,CAMP_568269e4,Loyalty Reward Drive,2026-01-09,2026-02-27
2850,CAMP_71790c70,Flash Bundle Blitz,2026-02-26,2026-04-19
2851,CAMP_3a7188eb,Spring Data Boost,2026-01-28,2026-02-14
2852,CAMP_568269e4,Loyalty Reward Drive,2026-03-09,2026-05-02
2853,CAMP_5ca4a2f6,Flash Bundle Blitz,2026-02-14,2026-03-14
2854,CAMP_568269e4,Loyalty Reward Drive,2026-02-21,2026-02-25
2855,CAMP_3a7188eb,Spring Data Boost,2026-02-03,2026-03-14
2856,CAMP_6ec8dcc3,Flash Bundle Blitz,2026-02-11,2026-03-23
2857,CAMP_3a7188eb,Spring Data Boost,2026-01-30,2026-03-26
2858,CAMP_71790c70,Flash Bundle Blitz,2026-01-30,2026-02-18
2859,CAMP_3a7188eb,Spring Data Boost,2026-02-08,2026-04-04
2860,CAMP_3a7188eb,Spring Data Boost,2026-01-10,2026-02-12
2861,CAMP_6ec8dcc3,Flash Bundle Blitz,2026-01-17,2026-03-08
2862,CAMP_568269e4,Loyalty Reward Drive,2026-01-22,2026-02-08
2863,CAMP_71790c70,Flash Bundle Blitz,2026-02-16,2026-02-21
2864,CAMP_6ec8dcc3,Flash Bundle Blitz,2026-02-04,2026-02-24
2865,CAMP_71790c70,Flash Bundle Blitz,2026-02-05,2026-03-13
2866,CAMP_5ca4a2f6,Flash Bundle Blitz,2026-02-06,2026-02-21
2867,CAMP_5ca4a2f6,Flash Bundle Blitz,2026-03-03,2026-04-24
2868,CAMP_568269e4,Loyalty Reward Drive,2026-02-27,2026-04-13
2869,CAMP_568269e4,Loyalty Reward Drive,2026-02-24,2026-02-26
2870,CAMP_568269e4,Loyalty Reward Drive,2026-03-07,2026-04-25
2871,CAMP_5ca4a2f6,Flash Bundle Blitz,2026-03-06,2026-03-11
2872,CAMP_5ca4a2f6,Flash Bundle Blitz,2026-02-11,2026-02-15
2873,CAMP_3a7188eb,Spring Data Boost,2026-01-16,2026-01-20
2874,CAMP_568269e4,Loyalty Reward Drive,2026-01-17,2026-01-26
2875,CAMP_5ca4a2f6,Flash Bundle Blitz,2026-02-09,2026-03-13
2876,CAMP_3a7188eb,Spring Data Boost,2026-01-24,2026-02-20
2877,CAMP_5ca4a2f6,Flash Bundle Blitz,2026-02-15,2026-03-12
2878,CAMP_5ca4a2f6,Flash Bundle Blitz,2026-01-27,2026-03-13
2879,CAMP_5ca4a2f6,Flash Bundle Blitz,2026-01-24,2026-03-04
2880,CAMP_5ca4a2f6,Flash Bundle Blitz,2026-01-28,2026-02-07
2881,CAMP_568269e4,Loyalty Reward Drive,2026-01-25,2026-03-10
2882,CAMP_71790c70,Flash Bundle Blitz,2026-02-05,2026-03-26
2883,CAMP_3a7188eb,Spring Data Boost,2026-01-28,2026-02-23
2884,CAMP_71790c70,Flash Bundle Blitz,2026-02-05,2026-02-14
2885,CAMP_5ca4a2f6,Flash Bundle Blitz,2026-03-06,2026-03-18
2886,CAMP_568269e4,Loyalty Reward Drive,2026-03-02,2026-04-25
2887,CAMP_5ca4a2f6,Flash Bundle Blitz,2026-02-16,2026-04-01
2888,CAMP_3a7188eb,Spring Data Boost,2026-02-18,2026-03-09
2889,CAMP_3a7188eb,Spring Data Boost,2026-01-29,2026-03-20
2890,CAMP_568269e4,Loyalty Reward Drive,2026-01-09,2026-02-13
2891,CAMP_5ca4a2f6,Flash Bundle Blitz,2026-01-23,2026-03-06
2892,CAMP_568269e4,Loyalty Reward Drive,2026-01-31,2026-02-14
2893,CAMP_71790c70,Flash Bundle Blitz,2026-02-09,2026-03-08
2894,CAMP_6ec8dcc3,Flash Bundle Blitz,2026-02-18,2026-03-30
2895,CAMP_3a7188eb,Spring Data Boost,2026-01-25,2026-03-01
2896,CAMP_6ec8dcc3,Flash Bundle Blitz,2026-02-27,2026-03-02
2897,CAMP_568269e4,Loyalty Reward Drive,2026-01-15,2026-01-16
2898,CAMP_568269e4,Loyalty Reward Drive,2026-01-20,2026-02-02
2899,CAMP_71790c70,Flash Bundle Blitz,2026-01-30,2026-03-18
2900,CAMP_6ec8dcc3,Flash Bundle Blitz,2026-03-08,2026-04-12
2901,CAMP_71790c70,Flash Bundle Blitz,2026-01-17,2026-02-05
2902,CAMP_568269e4,Loyalty Reward Drive,2026-03-10,2026-03-22
2903,CAMP_568269e4,Loyalty Reward Drive,2026-02-05,2026-02-07
2904,CAMP_568269e4,Loyalty Reward Drive,2026-02-06,2026-03-05
2905,CAMP_3a7188eb,Spring Data Boost,2026-02-07,2026-03-29
2906,CAMP_5ca4a2f6,Flash Bundle Blitz,2026-03-09,2026-04-23
2907,CAMP_3a7188eb,Spring Data Boost,2026-01-20,2026-02-26
2908,CAMP_71790c70,Flash Bundle Blitz,2026-01-24,2026-03-01
2909,CAMP_6ec8dcc3,Flash Bundle Blitz,2026-03-04,2026-04-16
2910,CAMP_568269e4,Loyalty Reward Drive,2026-02-14,2026-03-13
2911,CAMP_568269e4,Loyalty Reward Drive,2026-02-03,2026-02-16
2912,CAMP_568269e4,Loyalty Reward Drive,2026-01-11,2026-02-02
2913,CAMP_6ec8dcc3,Flash Bundle Blitz,2026-01-22,2026-03-08
2914,CAMP_3a7188eb,Spring Data Boost,2026-01-29,2026-02-08
2915,CAMP_568269e4,Loyalty Reward Drive,2026-01-14,2026-01-29
2916,CAMP_6ec8dcc3,Flash Bundle Blitz,2026-02-02,2026-02-03
2917,CAMP_6ec8dcc3,Flash Bundle Blitz,2026-01-28,2026-02-21
2918,CAMP_71790c70,Flash Bundle Blitz,2026-01-15,2026-01-29
2919,CAMP_5ca4a2f6,Flash Bundle Blitz,2026-02-02,2026-02-13
2920,CAMP_6ec8dcc3,Flash Bundle Blitz,2026-01-16,2026-02-12
2921,CAMP_3a7188eb,Spring Data Boost,2026-01-12,2026-03-02
2922,CAMP_568269e4,Loyalty Reward Drive,2026-03-06,2026-04-03
2923,CAMP_568269e4,Loyalty Reward Drive,2026-02-13,2026-02-22
2924,CAMP_6ec8dcc3,Flash Bundle Blitz,2026-02-08,2026-02-28
2925,CAMP_3a7188eb,Spring Data Boost,2026-01-16,2026-01-27
2926,CAMP_5ca4a2f6,Flash Bundle Blitz,2026-02-23,2026-03-15
2927,CAMP_6ec8dcc3,Flash Bundle Blitz,2026-01-21,2026-02-21
2928,CAMP_3a7188eb,Spring Data Boost,2026-03-03,2026-05-01
2929,CAMP_5ca4a2f6,Flash Bundle Blitz,2026-02-02,2026-03-26
2930,CAMP_5ca4a2f6,Flash Bundle Blitz,2026-01-19,2026-03-18
2931,CAMP_5ca4a2f6,Flash Bundle Blitz,2026-03-07,2026-03-10
2932,CAMP_568269e4,Loyalty Reward Drive,2026-02-03,2026-03-11
2933,CAMP_6ec8dcc3,Flash Bundle Blitz,2026-02-07,2026-03-18
2934,CAMP_3a7188eb,Spring Data Boost,2026-03-09,2026-04-13
2935,CAMP_6ec8dcc3,Flash Bundle Blitz,2026-02-13,2026-03-09
2936,CAMP_71790c70,Flash Bundle Blitz,2026-02-26,2026-04-21
2937,CAMP_71790c70,Flash Bundle Blitz,2026-02-16,2026-04-14
2938,CAMP_6ec8dcc3,Flash Bundle Blitz,2026-01-15,2026-03-09
2939,CAMP_3a7188eb,Spring Data Boost,2026-01-31,2026-03-21
2940,CAMP_3a7188eb,Spring Data Boost,2026-01-14,2026-03-02
2941,CAMP_3a7188eb,Spring Data Boost,2026-02-23,2026-04-18
2942,CAMP_3a7188eb,Spring Data Boost,2026-01-18,2026-02-20
2943,CAMP_568269e4,Loyalty Reward Drive,2026-03-02,2026-04-10
2944,CAMP_6ec8dcc3,Flash Bundle Blitz,2026-03-09,2026-04-26
2945,CAMP_71790c70,Flash Bundle Blitz,2026-01-26,2026-02-13
2946,CAMP_71790c70,Flash Bundle Blitz,2026-01-14,2026-03-15
2947,CAMP_71790c70,Flash Bundle Blitz,2026-01-28,2026-02-20
2948,CAMP_71790c70,Flash Bundle Blitz,2026-03-09,2026-04-29
2949,CAMP_5ca4a2f6,Flash Bundle Blitz,2026-01-31,2026-02-19
2950,CAMP_568269e4,Loyalty Reward Drive,2026-01-21,2026-01-27
2951,CAMP_6ec8dcc3,Flash Bundle Blitz,2026-02-07,2026-04-03
2952,CAMP_71790c70,Flash Bundle Blitz,2026-02-13,2026-02-21
2953,CAMP_6ec8dcc3,Flash Bundle Blitz,2026-01-09,2026-01-22
2954,CAMP_5ca4a2f6,Flash Bundle Blitz,2026-02-07,2026-02-21
2955,CAMP_5ca4a2f6,Flash Bundle Blitz,2026-02-14,2026-03-10
2956,CAMP_71790c70,Flash Bundle Blitz,2026-02-14,2026-03-16
2957,CAMP_3a7188eb,Spring Data Boost,2026-03-06,2026-04-26
2958,CAMP_5ca4a2f6,Flash Bundle Blitz,2026-01-12,2026-01-24
2959,CAMP_5ca4a2f6,Flash Bundle Blitz,2026-02-04,2026-02-19
2960,CAMP_6ec8dcc3,Flash Bundle Blitz,2026-01-17,2026-02-08
2961,CAMP_568269e4,Loyalty Reward Drive,2026-02-02,2026-03-15
2962,CAMP_6ec8dcc3,Flash Bundle Blitz,2026-02-06,2026-03-17
2963,CAMP_568269e4,Loyalty Reward Drive,2026-03-01,2026-04-09
2964,CAMP_6ec8dcc3,Flash Bundle Blitz,2026-02-25,2026-04-25
2965,CAMP_5ca4a2f6,Flash Bundle Blitz,2026-01-19,2026-03-19
2966,CAMP_71790c70,Flash Bundle Blitz,2026-03-04,2026-03-21
2967,CAMP_6ec8dcc3,Flash Bundle Blitz,2026-02-28,2026-03-16
2968,CAMP_3a7188eb,Spring Data Boost,2026-01-16,2026-03-17
2969,CAMP_71790c70,Flash Bundle Blitz,2026-02-23,2026-04-20
2970,CAMP_5ca4a2f6,Flash Bundle Blitz,2026-02-02,2026-03-09
2971,CAMP_6ec8dcc3,Flash Bundle Blitz,2026-02-28,2026-04-03
2972,CAMP_5ca4a2f6,Flash Bundle Blitz,2026-01-09,2026-02-06
2973,CAMP_6ec8dcc3,Flash Bundle Blitz,2026-02-25,2026-03-13
2974,CAMP_5ca4a2f6,Flash Bundle Blitz,2026-02-18,2026-04-05
2975,CAMP_5ca4a2f6,Flash Bundle Blitz,2026-01-14,2026-03-07
2976,CAMP_71790c70,Flash Bundle Blitz,2026-02-05,2026-02-10
2977,CAMP_568269e4,Loyalty Reward Drive,2026-02-17,2026-03-18
2978,CAMP_71790c70,Flash Bundle Blitz,2026-02-13,2026-03-22
2979,CAMP_3a7188eb,Spring Data Boost,2026-01-20,2026-02-14
2980,CAMP_71790c70,Flash Bundle Blitz,2026-02-08,2026-02-27
2981,CAMP_6ec8dcc3,Flash Bundle Blitz,2026-02-07,2026-02-17
2982,CAMP_3a7188eb,Spring Data Boost,2026-01-17,2026-02-04
2983,CAMP_6ec8dcc3,Flash Bundle Blitz,2026-02-09,2026-04-01
2984,CAMP_3a7188eb,Spring Data Boost,2026-02-16,2026-02-26
2985,CAMP_3a7188eb,Spring Data Boost,2026-01-29,2026-03-21
2986,CAMP_3a7188eb,Spring Data Boost,2026-02-03,2026-02-15
2987,CAMP_71790c70,Flash Bundle Blitz,2026-03-09,2026-05-04
2988,CAMP_6ec8dcc3,Flash Bundle Blitz,2026-02-27,2026-03-13
2989,CAMP_568269e4,Loyalty Reward Drive,2026-01-23,2026-03-22
2990,CAMP_5ca4a2f6,Flash Bundle Blitz,2026-02-22,2026-03-26
2991,CAMP_71790c70,Flash Bundle Blitz,2026-02-10,2026-04-04
2992,CAMP_3a7188eb,Spring Data Boost,2026-02-12,2026-02-26
2993,CAMP_71790c70,Flash Bundle Blitz,2026-01-17,2026-02-28
2994,CAMP_568269e4,Loyalty Reward Drive,2026-02-28,2026-04-17
2995,CAMP_5ca4a2f6,Flash Bundle Blitz,2026-02-14,2026-02-16
2996,CAMP_71790c70,Flash Bundle Blitz,2026-02-10,2026-04-08
2997,CAMP_3a7188eb,Spring Data Boost,2026-02-06,2026-02-10
2998,CAMP_5ca4a2f6,Flash Bundle Blitz,2026-01-10,2026-02-16
2999,CAMP_71790c70,Flash Bundle Blitz,2026-01-31,2026-02-06
3000,CAMP_71790c70,Flash Bundle Blitz,2026-02-22,2026-03-11
3001,CAMP_568269e4,Loyalty Reward Drive,2026-01-09,2026-03-08
3002,CAMP_3a7188eb,Spring Data Boost,2026-02-19,2026-02-26
3003,CAMP_3a7188eb,Spring Data Boost,2026-02-23,2026-03-24
3004,CAMP_6ec8dcc3,Flash Bundle Blitz,2026-03-07,2026-03-31
3005,CAMP_5ca4a2f6,Flash Bundle Blitz,2026-02-11,2026-03-29
3006,CAMP_3a7188eb,Spring Data Boost,2026-01-15,2026-02-15
3007,CAMP_568269e4,Loyalty Reward Drive,2026-03-06,2026-04-02
3008,CAMP_71790c70,Flash Bundle Blitz,2026-01-24,2026-01-25
3009,CAMP_71790c70,Flash Bundle Blitz,2026-02-15,2026-03-21
3010,CAMP_568269e4,Loyalty Reward Drive,2026-01-26,2026-03-14
3011,CAMP_3a7188eb,Spring Data Boost,2026-02-09,2026-03-08
3012,CAMP_71790c70,Flash Bundle Blitz,2026-02-07,2026-04-04
3013,CAMP_3a7188eb,Spring Data Boost,2026-02-11,2026-02-28
3014,CAMP_71790c70,Flash Bundle Blitz,2026-01-12,2026-03-10
3015,CAMP_568269e4,Loyalty Reward Drive,2026-03-09,2026-03-22
3016,CAMP_5ca4a2f6,Flash Bundle Blitz,2026-02-11,2026-03-22
3017,CAMP_3a7188eb,Spring Data Boost,2026-01-23,2026-03-03
3018,CAMP_6ec8dcc3,Flash Bundle Blitz,2026-03-02,2026-03-21
3019,CAMP_6ec8dcc3,Flash Bundle Blitz,2026-01-16,2026-02-26
3020,CAMP_6ec8dcc3,Flash Bundle Blitz,2026-02-28,2026-04-28
3021,CAMP_5ca4a2f6,Flash Bundle Blitz,2026-01-09,2026-03-02
3022,CAMP_71790c70,Flash Bundle Blitz,2026-02-26,2026-03-27
3023,CAMP_6ec8dcc3,Flash Bundle Blitz,2026-02-24,2026-03-07
3024,CAMP_568269e4,Loyalty Reward Drive,2026-01-23,2026-03-06
3025,CAMP_3a7188eb,Spring Data Boost,2026-02-06,2026-03-13
3026,CAMP_6ec8dcc3,Flash Bundle Blitz,2026-01-18,2026-01-24
3027,CAMP_6ec8dcc3,Flash Bundle Blitz,2026-01-10,2026-01-19
3028,CAMP_5ca4a2f6,Flash Bundle Blitz,2026-02-13,2026-03-23
3029,CAMP_568269e4,Loyalty Reward Drive,2026-01-26,2026-02-04
3030,CAMP_5ca4a2f6,Flash Bundle Blitz,2026-02-15,2026-04-08
3031,CAMP_3a7188eb,Spring Data Boost,2026-01-21,2026-03-21
3032,CAMP_5ca4a2f6,Flash Bundle Blitz,2026-01-17,2026-01-27
3033,CAMP_6ec8dcc3,Flash Bundle Blitz,2026-02-25,2026-04-11
3034,CAMP_568269e4,Loyalty Reward Drive,2026-01-28,2026-03-14
3035,CAMP_3a7188eb,Spring Data Boost,2026-01-15,2026-02-15
3036,CAMP_5ca4a2f6,Flash Bundle Blitz,2026-02-12,2026-04-09
3037,CAMP_6ec8dcc3,Flash Bundle Blitz,2026-02-27,2026-03-27
3038,CAMP_6ec8dcc3,Flash Bundle Blitz,2026-01-12,2026-02-05
3039,CAMP_6ec8dcc3,Flash Bundle Blitz,2026-02-19,2026-04-10
3040,CAMP_5ca4a2f6,Flash Bundle Blitz,2026-03-09,2026-04-07
3041,CAMP_71790c70,Flash Bundle Blitz,2026-02-06,2026-03-08
3042,CAMP_568269e4,Loyalty Reward Drive,2026-01-17,2026-02-13
3043,CAMP_568269e4,Loyalty Reward Drive,2026-03-02,2026-04-15
3044,CAMP_568269e4,Loyalty Reward Drive,2026-01-13,2026-02-12
3045,CAMP_5ca4a2f6,Flash Bundle Blitz,2026-02-01,2026-02-24
3046,CAMP_71790c70,Flash Bundle Blitz,2026-01-29,2026-03-14
3047,CAMP_6ec8dcc3,Flash Bundle Blitz,2026-01-12,2026-01-26
3048,CAMP_3a7188eb,Spring Data Boost,2026-01-24,2026-03-17
3049,CAMP_5ca4a2f6,Flash Bundle Blitz,2026-01-30,2026-02-01
3050,CAMP_3a7188eb,Spring Data Boost,2026-01-29,2026-03-10
3051,CAMP_71790c70,Flash Bundle Blitz,2026-03-04,2026-04-18
3052,CAMP_568269e4,Loyalty Reward Drive,2026-02-17,2026-03-18
3053,CAMP_6ec8dcc3,Flash Bundle Blitz,2026-01-15,2026-02-13
3054,CAMP_71790c70,Flash Bundle Blitz,2026-02-15,2026-03-13
3055,CAMP_3a7188eb,Spring Data Boost,2026-02-04,2026-02-12
3056,CAMP_568269e4,Loyalty Reward Drive,2026-02-04,2026-02-19
3057,CAMP_568269e4,Loyalty Reward Drive,2026-02-24,2026-03-04
3058,CAMP_6ec8dcc3,Flash Bundle Blitz,2026-01-11,2026-02-26
3059,CAMP_568269e4,Loyalty Reward Drive,2026-01-16,2026-01-30
3060,CAMP_5ca4a2f6,Flash Bundle Blitz,2026-01-16,2026-02-07
3061,CAMP_6ec8dcc3,Flash Bundle Blitz,2026-03-07,2026-03-11
3062,CAMP_5ca4a2f6,Flash Bundle Blitz,2026-02-14,2026-03-07
3063,CAMP_6ec8dcc3,Flash Bundle Blitz,2026-02-22,2026-03-18
3064,CAMP_568269e4,Loyalty Reward Drive,2026-01-27,2026-01-29
3065,CAMP_3a7188eb,Spring Data Boost,2026-03-10,2026-03-31
3066,CAMP_6ec8dcc3,Flash Bundle Blitz,2026-01-09,2026-03-05
3067,CAMP_71790c70,Flash Bundle Blitz,2026-02-06,2026-02-08
3068,CAMP_568269e4,Loyalty Reward Drive,2026-01-17,2026-02-23
3069,CAMP_5ca4a2f6,Flash Bundle Blitz,2026-02-07,2026-03-30
3070,CAMP_3a7188eb,Spring Data Boost,2026-01-28,2026-03-24
3071,CAMP_71790c70,Flash Bundle Blitz,2026-02-09,2026-04-06
3072,CAMP_6ec8dcc3,Flash Bundle Blitz,2026-01-13,2026-02-18
3073,CAMP_71790c70,Flash Bundle Blitz,2026-01-11,2026-01-23
3074,CAMP_71790c70,Flash Bundle Blitz,2026-01-26,2026-01-28
3075,CAMP_71790c70,Flash Bundle Blitz,2026-02-04,2026-03-21
3076,CAMP_3a7188eb,Spring Data Boost,2026-03-10,2026-05-04
3077,CAMP_6ec8dcc3,Flash Bundle Blitz,2026-01-27,2026-02-06
3078,CAMP_3a7188eb,Spring Data Boost,2026-03-10,2026-03-25
3079,CAMP_6ec8dcc3,Flash Bundle Blitz,2026-01-15,2026-02-21
3080,CAMP_568269e4,Loyalty Reward Drive,2026-03-08,2026-04-21
3081,CAMP_5ca4a2f6,Flash Bundle Blitz,2026-02-25,2026-04-10
3082,CAMP_568269e4,Loyalty Reward Drive,2026-02-18,2026-04-01
3083,CAMP_3a7188eb,Spring Data Boost,2026-02-22,2026-04-23
3084,CAMP_3a7188eb,Spring Data Boost,2026-01-23,2026-02-01
3085,CAMP_5ca4a2f6,Flash Bundle Blitz,2026-01-20,2026-02-20
3086,CAMP_568269e4,Loyalty Reward Drive,2026-02-09,2026-03-29
3087,CAMP_568269e4,Loyalty Reward Drive,2026-01-18,2026-02-07
3088,CAMP_5ca4a2f6,Flash Bundle Blitz,2026-02-01,2026-03-21
3089,CAMP_568269e4,Loyalty Reward Drive,2026-01-10,2026-02-26
3090,CAMP_6ec8dcc3,Flash Bundle Blitz,2026-02-03,2026-03-03
3091,CAMP_5ca4a2f6,Flash Bundle Blitz,2026-01-15,2026-02-10
3092,CAMP_6ec8dcc3,Flash Bundle Blitz,2026-02-14,2026-03-31
3093,CAMP_3a7188eb,Spring Data Boost,2026-02-24,2026-03-28
3094,CAMP_71790c70,Flash Bundle Blitz,2026-03-10,2026-04-15
3095,CAMP_568269e4,Loyalty Reward Drive,2026-03-10,2026-04-06
3096,CAMP_3a7188eb,Spring Data Boost,2026-02-05,2026-03-19
3097,CAMP_568269e4,Loyalty Reward Drive,2026-02-03,2026-02-12
3098,CAMP_3a7188eb,Spring Data Boost,2026-03-06,2026-04-12
3099,CAMP_568269e4,Loyalty Reward Drive,2026-02-06,2026-03-07
3100,CAMP_6ec8dcc3,Flash Bundle Blitz,2026-01-15,2026-02-01
3101,CAMP_5ca4a2f6,Flash Bundle Blitz,2026-01-27,2026-03-15
3102,CAMP_5ca4a2f6,Flash Bundle Blitz,2026-01-25,2026-02-03
3103,CAMP_6ec8dcc3,Flash Bundle Blitz,2026-01-23,2026-02-20
3104,CAMP_6ec8dcc3,Flash Bundle Blitz,2026-01-25,2026-02-14
3105,CAMP_71790c70,Flash Bundle Blitz,2026-01-27,2026-03-17
3106,CAMP_5ca4a2f6,Flash Bundle Blitz,2026-01-29,2026-02-10
3107,CAMP_568269e4,Loyalty Reward Drive,2026-02-01,2026-03-23
3108,CAMP_568269e4,Loyalty Reward Drive,2026-02-27,2026-04-14
3109,CAMP_71790c70,Flash Bundle Blitz,2026-01-18,2026-03-15
3110,CAMP_5ca4a2f6,Flash Bundle Blitz,2026-02-24,2026-04-07
3111,CAMP_3a7188eb,Spring Data Boost,2026-02-20,2026-03-23
3112,CAMP_3a7188eb,Spring Data Boost,2026-02-28,2026-03-18
3113,CAMP_71790c70,Flash Bundle Blitz,2026-02-20,2026-03-29
3114,CAMP_5ca4a2f6,Flash Bundle Blitz,2026-02-13,2026-02-22
3115,CAMP_71790c70,Flash Bundle Blitz,2026-02-24,2026-02-25
3116,CAMP_71790c70,Flash Bundle Blitz,2026-02-14,2026-03-13
3117,CAMP_3a7188eb,Spring Data Boost,2026-02-03,2026-03-15
3118,CAMP_6ec8dcc3,Flash Bundle Blitz,2026-03-08,2026-03-26
3119,CAMP_5ca4a2f6,Flash Bundle Blitz,2026-02-15,2026-04-13
3120,CAMP_568269e4,Loyalty Reward Drive,2026-01-29,2026-02-15
3121,CAMP_5ca4a2f6,Flash Bundle Blitz,2026-03-07,2026-04-23
3122,CAMP_568269e4,Loyalty Reward Drive,2026-02-02,2026-02-13
3123,CAMP_6ec8dcc3,Flash Bundle Blitz,2026-01-12,2026-01-21
3124,CAMP_71790c70,Flash Bundle Blitz,2026-03-08,2026-04-28
3125,CAMP_6ec8dcc3,Flash Bundle Blitz,2026-03-04,2026-03-14
3126,CAMP_71790c70,Flash Bundle Blitz,2026-01-24,2026-03-11
3127,CAMP_71790c70,Flash Bundle Blitz,2026-01-14,2026-01-21
3128,CAMP_568269e4,Loyalty Reward Drive,2026-01-26,2026-02-05
3129,CAMP_5ca4a2f6,Flash Bundle Blitz,2026-03-09,2026-03-26
3130,CAMP_3a7188eb,Spring Data Boost,2026-01-18,2026-03-14
3131,CAMP_71790c70,Flash Bundle Blitz,2026-01-16,2026-03-14
3132,CAMP_3a7188eb,Spring Data Boost,2026-01-22,2026-02-24
3133,CAMP_568269e4,Loyalty Reward Drive,2026-02-26,2026-03-22
3134,CAMP_6ec8dcc3,Flash Bundle Blitz,2026-03-09,2026-05-02
3135,CAMP_3a7188eb,Spring Data Boost,2026-01-22,2026-02-08
3136,CAMP_5ca4a2f6,Flash Bundle Blitz,2026-03-04,2026-03-10
3137,CAMP_71790c70,Flash Bundle Blitz,2026-02-03,2026-03-23
3138,CAMP_5ca4a2f6,Flash Bundle Blitz,2026-02-02,2026-02-04
3139,CAMP_3a7188eb,Spring Data Boost,2026-02-27,2026-02-28
3140,CAMP_5ca4a2f6,Flash Bundle Blitz,2026-02-21,2026-04-18
3141,CAMP_71790c70,Flash Bundle Blitz,2026-03-07,2026-04-11
3142,CAMP_6ec8dcc3,Flash Bundle Blitz,2026-01-17,2026-02-22
3143,CAMP_5ca4a2f6,Flash Bundle Blitz,2026-02-20,2026-04-16
3144,CAMP_6ec8dcc3,Flash Bundle Blitz,2026-02-27,2026-03-31
3145,CAMP_3a7188eb,Spring Data Boost,2026-02-11,2026-03-29
3146,CAMP_568269e4,Loyalty Reward Drive,2026-02-14,2026-04-14
3147,CAMP_71790c70,Flash Bundle Blitz,2026-02-28,2026-03-05
3148,CAMP_568269e4,Loyalty Reward Drive,2026-02-25,2026-03-30
3149,CAMP_5ca4a2f6,Flash Bundle Blitz,2026-01-26,2026-03-22
3150,CAMP_6ec8dcc3,Flash Bundle Blitz,2026-02-17,2026-03-02
3151,CAMP_6ec8dcc3,Flash Bundle Blitz,2026-01-11,2026-03-03
3152,CAMP_6ec8dcc3,Flash Bundle Blitz,2026-01-23,2026-01-25
3153,CAMP_568269e4,Loyalty Reward Drive,2026-01-16,2026-01-30
3154,CAMP_5ca4a2f6,Flash Bundle Blitz,2026-01-28,2026-02-03
3155,CAMP_568269e4,Loyalty Reward Drive,2026-02-08,2026-03-11
3156,CAMP_568269e4,Loyalty Reward Drive,2026-01-24,2026-02-12
3157,CAMP_568269e4,Loyalty Reward Drive,2026-02-09,2026-03-09
3158,CAMP_71790c70,Flash Bundle Blitz,2026-02-11,2026-02-28
3159,CAMP_5ca4a2f6,Flash Bundle Blitz,2026-02-27,2026-04-23
3160,CAMP_71790c70,Flash Bundle Blitz,2026-01-14,2026-03-01
3161,CAMP_568269e4,Loyalty Reward Drive,2026-03-08,2026-04-08
3162,CAMP_5ca4a2f6,Flash Bundle Blitz,2026-01-25,2026-02-06
3163,CAMP_3a7188eb,Spring Data Boost,2026-02-13,2026-04-02
3164,CAMP_6ec8dcc3,Flash Bundle Blitz,2026-02-16,2026-03-07
3165,CAMP_6ec8dcc3,Flash Bundle Blitz,2026-01-31,2026-02-26
3166,CAMP_71790c70,Flash Bundle Blitz,2026-01-31,2026-02-15
3167,CAMP_71790c70,Flash Bundle Blitz,2026-02-17,2026-04-18
3168,CAMP_6ec8dcc3,Flash Bundle Blitz,2026-02-06,2026-03-26
3169,CAMP_71790c70,Flash Bundle Blitz,2026-01-22,2026-02-14
3170,CAMP_71790c70,Flash Bundle Blitz,2026-02-06,2026-03-13
3171,CAMP_568269e4,Loyalty Reward Drive,2026-02-28,2026-04-21
3172,CAMP_6ec8dcc3,Flash Bundle Blitz,2026-01-17,2026-03-11
3173,CAMP_568269e4,Loyalty Reward Drive,2026-01-25,2026-02-07
3174,CAMP_3a7188eb,Spring Data Boost,2026-03-09,2026-04-17
3175,CAMP_568269e4,Loyalty Reward Drive,2026-01-31,2026-03-09
3176,CAMP_5ca4a2f6,Flash Bundle Blitz,2026-01-24,2026-02-17
3177,CAMP_6ec8dcc3,Flash Bundle Blitz,2026-02-24,2026-04-20
3178,CAMP_568269e4,Loyalty Reward Drive,2026-01-13,2026-02-19
3179,CAMP_71790c70,Flash Bundle Blitz,2026-01-31,2026-03-15
3180,CAMP_3a7188eb,Spring Data Boost,2026-02-08,2026-02-19
3181,CAMP_71790c70,Flash Bundle Blitz,2026-02-20,2026-03-10
3182,CAMP_5ca4a2f6,Flash Bundle Blitz,2026-01-10,2026-01-12
3183,CAMP_5ca4a2f6,Flash Bundle Blitz,2026-02-15,2026-02-18
3184,CAMP_3a7188eb,Spring Data Boost,2026-03-02,2026-03-31
3185,CAMP_5ca4a2f6,Flash Bundle Blitz,2026-02-21,2026-04-15
3186,CAMP_6ec8dcc3,Flash Bundle Blitz,2026-01-11,2026-02-03
3187,CAMP_3a7188eb,Spring Data Boost,2026-02-19,2026-03-27
3188,CAMP_5ca4a2f6,Flash Bundle Blitz,2026-02-10,2026-04-06
3189,CAMP_3a7188eb,Spring Data Boost,2026-02-07,2026-03-29
3190,CAMP_6ec8dcc3,Flash Bundle Blitz,2026-01-19,2026-02-23
3191,CAMP_3a7188eb,Spring Data Boost,2026-01-16,2026-02-26
3192,CAMP_6ec8dcc3,Flash Bundle Blitz,2026-02-22,2026-04-11
3193,CAMP_71790c70,Flash Bundle Blitz,2026-02-27,2026-04-09
3194,CAMP_6ec8dcc3,Flash Bundle Blitz,2026-02-27,2026-04-13
3195,CAMP_71790c70,Flash Bundle Blitz,2026-01-25,2026-02-26
3196,CAMP_71790c70,Flash Bundle Blitz,2026-03-05,2026-04-09
3197,CAMP_5ca4a2f6,Flash Bundle Blitz,2026-02-27,2026-04-09
3198,CAMP_5ca4a2f6,Flash Bundle Blitz,2026-01-09,2026-02-08
3199,CAMP_3a7188eb,Spring Data Boost,2026-02-25,2026-04-07
3200,CAMP_71790c70,Flash Bundle Blitz,2026-02-02,2026-04-01
3201,CAMP_71790c70,Flash Bundle Blitz,2026-01-18,2026-03-14
3202,CAMP_3a7188eb,Spring Data Boost,2026-02-09,2026-03-12
3203,CAMP_71790c70,Flash Bundle Blitz,2026-02-13,2026-02-17
3204,CAMP_71790c70,Flash Bundle Blitz,2026-01-10,2026-03-03
3205,CAMP_6ec8dcc3,Flash Bundle Blitz,2026-03-02,2026-03-16
3206,CAMP_568269e4,Loyalty Reward Drive,2026-01-25,2026-03-04
3207,CAMP_71790c70,Flash Bundle Blitz,2026-01-21,2026-02-10
3208,CAMP_568269e4,Loyalty Reward Drive,2026-01-26,2026-02-13
3209,CAMP_6ec8dcc3,Flash Bundle Blitz,2026-01-14,2026-01-31
3210,CAMP_6ec8dcc3,Flash Bundle Blitz,2026-01-18,2026-02-20
3211,CAMP_71790c70,Flash Bundle Blitz,2026-02-15,2026-04-14
3212,CAMP_6ec8dcc3,Flash Bundle Blitz,2026-02-08,2026-02-21
3213,CAMP_6ec8dcc3,Flash Bundle Blitz,2026-02-28,2026-04-07
3214,CAMP_71790c70,Flash Bundle Blitz,2026-02-17,2026-03-02
3215,CAMP_5ca4a2f6,Flash Bundle Blitz,2026-01-21,2026-03-03
3216,CAMP_71790c70,Flash Bundle Blitz,2026-02-23,2026-03-28
3217,CAMP_6ec8dcc3,Flash Bundle Blitz,2026-01-10,2026-02-15
3218,CAMP_71790c70,Flash Bundle Blitz,2026-01-13,2026-02-26
3219,CAMP_6ec8dcc3,Flash Bundle Blitz,2026-01-10,2026-02-21
3220,CAMP_71790c70,Flash Bundle Blitz,2026-01-16,2026-03-08
3221,CAMP_5ca4a2f6,Flash Bundle Blitz,2026-02-01,2026-03-31
3222,CAMP_6ec8dcc3,Flash Bundle Blitz,2026-01-25,2026-03-06
3223,CAMP_5ca4a2f6,Flash Bundle Blitz,2026-01-24,2026-02-19
3224,CAMP_5ca4a2f6,Flash Bundle Blitz,2026-01-15,2026-02-04
3225,CAMP_3a7188eb,Spring Data Boost,2026-02-11,2026-02-14
3226,CAMP_3a7188eb,Spring Data Boost,2026-02-08,2026-03-05
3227,CAMP_3a7188eb,Spring Data Boost,2026-02-05,2026-03-01
3228,CAMP_3a7188eb,Spring Data Boost,2026-01-17,2026-01-24
3229,CAMP_5ca4a2f6,Flash Bundle Blitz,2026-02-25,2026-03-01
3230,CAMP_71790c70,Flash Bundle Blitz,2026-02-12,2026-03-17
3231,CAMP_71790c70,Flash Bundle Blitz,2026-03-10,2026-04-09
3232,CAMP_3a7188eb,Spring Data Boost,2026-03-08,2026-03-26
3233,CAMP_568269e4,Loyalty Reward Drive,2026-02-17,2026-03-31
3234,CAMP_568269e4,Loyalty Reward Drive,2026-02-12,2026-02-22
3235,CAMP_568269e4,Loyalty Reward Drive,2026-03-07,2026-04-08
3236,CAMP_5ca4a2f6,Flash Bundle Blitz,2026-02-14,2026-02-28
3237,CAMP_6ec8dcc3,Flash Bundle Blitz,2026-02-09,2026-02-22
3238,CAMP_568269e4,Loyalty Reward Drive,2026-01-16,2026-02-24
3239,CAMP_71790c70,Flash Bundle Blitz,2026-02-18,2026-03-15
3240,CAMP_568269e4,Loyalty Reward Drive,2026-01-22,2026-01-25
3241,CAMP_568269e4,Loyalty Reward Drive,2026-01-24,2026-03-02
3242,CAMP_71790c70,Flash Bundle Blitz,2026-01-15,2026-02-27
3243,CAMP_3a7188eb,Spring Data Boost,2026-01-09,2026-01-17
3244,CAMP_6ec8dcc3,Flash Bundle Blitz,2026-01-25,2026-02-25
3245,CAMP_568269e4,Loyalty Reward Drive,2026-03-05,2026-05-03
3246,CAMP_71790c70,Flash Bundle Blitz,2026-01-29,2026-02-26
3247,CAMP_6ec8dcc3,Flash Bundle Blitz,2026-01-10,2026-01-24
3248,CAMP_71790c70,Flash Bundle Blitz,2026-03-08,2026-04-29
3249,CAMP_3a7188eb,Spring Data Boost,2026-03-10,2026-05-09
3250,CAMP_568269e4,Loyalty Reward Drive,2026-02-11,2026-02-17
3251,CAMP_6ec8dcc3,Flash Bundle Blitz,2026-02-10,2026-04-02
3252,CAMP_568269e4,Loyalty Reward Drive,2026-02-16,2026-03-12
3253,CAMP_6ec8dcc3,Flash Bundle Blitz,2026-01-09,2026-02-07
3254,CAMP_568269e4,Loyalty Reward Drive,2026-02-21,2026-03-05
3255,CAMP_6ec8dcc3,Flash Bundle Blitz,2026-02-18,2026-03-16
3256,CAMP_5ca4a2f6,Flash Bundle Blitz,2026-02-23,2026-04-13
3257,CAMP_5ca4a2f6,Flash Bundle Blitz,2026-01-24,2026-02-13
3258,CAMP_568269e4,Loyalty Reward Drive,2026-02-19,2026-04-07
3259,CAMP_6ec8dcc3,Flash Bundle Blitz,2026-02-12,2026-02-18
3260,CAMP_71790c70,Flash Bundle Blitz,2026-03-03,2026-04-24
3261,CAMP_5ca4a2f6,Flash Bundle Blitz,2026-02-26,2026-04-07
3262,CAMP_3a7188eb,Spring Data Boost,2026-01-19,2026-02-11
3263,CAMP_71790c70,Flash Bundle Blitz,2026-02-28,2026-04-28
3264,CAMP_71790c70,Flash Bundle Blitz,2026-01-18,2026-03-02
3265,CAMP_6ec8dcc3,Flash Bundle Blitz,2026-02-19,2026-04-20
3266,CAMP_71790c70,Flash Bundle Blitz,2026-01-30,2026-03-01
3267,CAMP_3a7188eb,Spring Data Boost,2026-02-11,2026-03-06
3268,CAMP_3a7188eb,Spring Data Boost,2026-01-18,2026-01-21
3269,CAMP_568269e4,Loyalty Reward Drive,2026-01-11,2026-02-27
3270,CAMP_568269e4,Loyalty Reward Drive,2026-02-09,2026-03-31
3271,CAMP_5ca4a2f6,Flash Bundle Blitz,2026-03-01,2026-04-26
3272,CAMP_3a7188eb,Spring Data Boost,2026-02-07,2026-03-11
3273,CAMP_5ca4a2f6,Flash Bundle Blitz,2026-02-17,2026-03-24
3274,CAMP_568269e4,Loyalty Reward Drive,2026-01-15,2026-03-08
3275,CAMP_71790c70,Flash Bundle Blitz,2026-01-28,2026-02-08
3276,CAMP_568269e4,Loyalty Reward Drive,2026-02-03,2026-03-28
3277,CAMP_3a7188eb,Spring Data Boost,2026-02-17,2026-03-04
3278,CAMP_6ec8dcc3,Flash Bundle Blitz,2026-01-27,2026-03-23
3279,CAMP_71790c70,Flash Bundle Blitz,2026-02-23,2026-03-07
3280,CAMP_568269e4,Loyalty Reward Drive,2026-02-08,2026-03-19
3281,CAMP_568269e4,Loyalty Reward Drive,2026-01-22,2026-03-21
3282,CAMP_71790c70,Flash Bundle Blitz,2026-01-12,2026-01-23
3283,CAMP_568269e4,Loyalty Reward Drive,2026-02-12,2026-03-15
3284,CAMP_568269e4,Loyalty Reward Drive,2026-01-19,2026-01-24
3285,CAMP_5ca4a2f6,Flash Bundle Blitz,2026-02-17,2026-04-03
3286,CAMP_6ec8dcc3,Flash Bundle Blitz,2026-01-27,2026-03-18
3287,CAMP_71790c70,Flash Bundle Blitz,2026-02-25,2026-04-01
3288,CAMP_5ca4a2f6,Flash Bundle Blitz,2026-03-02,2026-03-11
3289,CAMP_6ec8dcc3,Flash Bundle Blitz,2026-01-29,2026-02-06
3290,CAMP_71790c70,Flash Bundle Blitz,2026-02-09,2026-03-12
3291,CAMP_5ca4a2f6,Flash Bundle Blitz,2026-01-25,2026-02-21
3292,CAMP_6ec8dcc3,Flash Bundle Blitz,2026-01-28,2026-02-26
3293,CAMP_71790c70,Flash Bundle Blitz,2026-01-10,2026-01-27
3294,CAMP_6ec8dcc3,Flash Bundle Blitz,2026-02-21,2026-03-25
3295,CAMP_568269e4,Loyalty Reward Drive,2026-02-10,2026-03-08
3296,CAMP_71790c70,Flash Bundle Blitz,2026-02-06,2026-04-03
3297,CAMP_71790c70,Flash Bundle Blitz,2026-03-04,2026-03-15
3298,CAMP_71790c70,Flash Bundle Blitz,2026-02-07,2026-02-12
3299,CAMP_6ec8dcc3,Flash Bundle Blitz,2026-02-21,2026-04-02
3300,CAMP_568269e4,Loyalty Reward Drive,2026-02-15,2026-02-24
3301,CAMP_71790c70,Flash Bundle Blitz,2026-01-23,2026-02-06
3302,CAMP_5ca4a2f6,Flash Bundle Blitz,2026-02-14,2026-04-01
3303,CAMP_6ec8dcc3,Flash Bundle Blitz,2026-03-03,2026-03-22
3304,CAMP_71790c70,Flash Bundle Blitz,2026-02-20,2026-03-28
3305,CAMP_5ca4a2f6,Flash Bundle Blitz,2026-01-29,2026-02-03
3306,CAMP_568269e4,Loyalty Reward Drive,2026-02-12,2026-03-12
3307,CAMP_71790c70,Flash Bundle Blitz,2026-02-08,2026-03-13
3308,CAMP_6ec8dcc3,Flash Bundle Blitz,2026-01-23,2026-01-26
3309,CAMP_71790c70,Flash Bundle Blitz,2026-01-30,2026-02-14
3310,CAMP_6ec8dcc3,Flash Bundle Blitz,2026-03-09,2026-04-13
3311,CAMP_568269e4,Loyalty Reward Drive,2026-01-31,2026-03-02
3312,CAMP_6ec8dcc3,Flash Bundle Blitz,2026-02-21,2026-03-01
3313,CAMP_6ec8dcc3,Flash Bundle Blitz,2026-02-16,2026-04-13
3314,CAMP_568269e4,Loyalty Reward Drive,2026-01-24,2026-02-08
3315,CAMP_5ca4a2f6,Flash Bundle Blitz,2026-02-06,2026-03-20
3316,CAMP_568269e4,Loyalty Reward Drive,2026-02-14,2026-03-29
3317,CAMP_6ec8dcc3,Flash Bundle Blitz,2026-03-01,2026-04-20
3318,CAMP_568269e4,Loyalty Reward Drive,2026-02-19,2026-03-15
3319,CAMP_568269e4,Loyalty Reward Drive,2026-02-18,2026-03-14
3320,CAMP_5ca4a2f6,Flash Bundle Blitz,2026-01-21,2026-02-06
3321,CAMP_3a7188eb,Spring Data Boost,2026-01-30,2026-03-23
3322,CAMP_3a7188eb,Spring Data Boost,2026-03-04,2026-04-21
3323,CAMP_6ec8dcc3,Flash Bundle Blitz,2026-01-14,2026-03-10
3324,CAMP_3a7188eb,Spring Data Boost,2026-02-11,2026-02-25
3325,CAMP_568269e4,Loyalty Reward Drive,2026-02-08,2026-04-09
3326,CAMP_71790c70,Flash Bundle Blitz,2026-02-24,2026-03-24
3327,CAMP_3a7188eb,Spring Data Boost,2026-02-10,2026-03-09
3328,CAMP_71790c70,Flash Bundle Blitz,2026-03-01,2026-04-09
3329,CAMP_3a7188eb,Spring Data Boost,2026-02-08,2026-03-11
3330,CAMP_568269e4,Loyalty Reward Drive,2026-03-02,2026-03-05
3331,CAMP_5ca4a2f6,Flash Bundle Blitz,2026-01-12,2026-02-02
3332,CAMP_3a7188eb,Spring Data Boost,2026-02-11,2026-03-12
3333,CAMP_6ec8dcc3,Flash Bundle Blitz,2026-03-07,2026-04-07
3334,CAMP_568269e4,Loyalty Reward Drive,2026-02-01,2026-03-17
3335,CAMP_3a7188eb,Spring Data Boost,2026-03-03,2026-03-05
3336,CAMP_5ca4a2f6,Flash Bundle Blitz,2026-02-20,2026-04-01
3337,CAMP_5ca4a2f6,Flash Bundle Blitz,2026-02-17,2026-02-25
3338,CAMP_3a7188eb,Spring Data Boost,2026-01-30,2026-02-25
3339,CAMP_568269e4,Loyalty Reward Drive,2026-03-02,2026-03-05
3340,CAMP_71790c70,Flash Bundle Blitz,2026-03-07,2026-04-17
3341,CAMP_6ec8dcc3,Flash Bundle Blitz,2026-01-14,2026-01-27
3342,CAMP_6ec8dcc3,Flash Bundle Blitz,2026-01-23,2026-02-24
3343,CAMP_5ca4a2f6,Flash Bundle Blitz,2026-01-31,2026-02-13
3344,CAMP_3a7188eb,Spring Data Boost,2026-01-20,2026-02-04
3345,CAMP_5ca4a2f6,Flash Bundle Blitz,2026-03-04,2026-04-06
3346,CAMP_6ec8dcc3,Flash Bundle Blitz,2026-02-10,2026-02-13
3347,CAMP_568269e4,Loyalty Reward Drive,2026-02-28,2026-03-26
3348,CAMP_6ec8dcc3,Flash Bundle Blitz,2026-01-29,2026-03-02
3349,CAMP_6ec8dcc3,Flash Bundle Blitz,2026-02-23,2026-03-28
3350,CAMP_3a7188eb,Spring Data Boost,2026-01-25,2026-01-30
3351,CAMP_5ca4a2f6,Flash Bundle Blitz,2026-02-15,2026-04-04
3352,CAMP_5ca4a2f6,Flash Bundle Blitz,2026-02-18,2026-02-25
3353,CAMP_568269e4,Loyalty Reward Drive,2026-02-23,2026-02-25
3354,CAMP_3a7188eb,Spring Data Boost,2026-03-01,2026-03-10
3355,CAMP_6ec8dcc3,Flash Bundle Blitz,2026-01-10,2026-01-12
3356,CAMP_3a7188eb,Spring Data Boost,2026-01-25,2026-03-15
3357,CAMP_568269e4,Loyalty Reward Drive,2026-02-28,2026-03-10
3358,CAMP_5ca4a2f6,Flash Bundle Blitz,2026-03-01,2026-04-24
3359,CAMP_5ca4a2f6,Flash Bundle Blitz,2026-02-24,2026-02-26
3360,CAMP_71790c70,Flash Bundle Blitz,2026-02-04,2026-02-28
3361,CAMP_6ec8dcc3,Flash Bundle Blitz,2026-02-18,2026-03-16
3362,CAMP_5ca4a2f6,Flash Bundle Blitz,2026-03-08,2026-03-21
3363,CAMP_6ec8dcc3,Flash Bundle Blitz,2026-02-13,2026-03-28
3364,CAMP_568269e4,Loyalty Reward Drive,2026-02-22,2026-04-03
3365,CAMP_71790c70,Flash Bundle Blitz,2026-02-03,2026-02-25
3366,CAMP_71790c70,Flash Bundle Blitz,2026-02-12,2026-02-21
3367,CAMP_3a7188eb,Spring Data Boost,2026-02-13,2026-03-12
3368,CAMP_3a7188eb,Spring Data Boost,2026-01-30,2026-02-19
3369,CAMP_6ec8dcc3,Flash Bundle Blitz,2026-01-25,2026-02-27
3370,CAMP_5ca4a2f6,Flash Bundle Blitz,2026-02-28,2026-04-09
3371,CAMP_71790c70,Flash Bundle Blitz,2026-01-12,2026-02-04
3372,CAMP_3a7188eb,Spring Data Boost,2026-02-13,2026-03-17
3373,CAMP_3a7188eb,Spring Data Boost,2026-01-20,2026-01-27
3374,CAMP_568269e4,Loyalty Reward Drive,2026-02-04,2026-02-18
3375,CAMP_6ec8dcc3,Flash Bundle Blitz,2026-02-10,2026-04-09
3376,CAMP_71790c70,Flash Bundle Blitz,2026-02-11,2026-03-21
3377,CAMP_71790c70,Flash Bundle Blitz,2026-01-12,2026-02-02
3378,CAMP_3a7188eb,Spring Data Boost,2026-03-09,2026-03-11
3379,CAMP_71790c70,Flash Bundle Blitz,2026-03-08,2026-05-01
3380,CAMP_568269e4,Loyalty Reward Drive,2026-03-06,2026-04-01
3381,CAMP_6ec8dcc3,Flash Bundle Blitz,2026-01-20,2026-02-11
3382,CAMP_71790c70,Flash Bundle Blitz,2026-01-11,2026-03-07
3383,CAMP_3a7188eb,Spring Data Boost,2026-02-05,2026-02-10
3384,CAMP_568269e4,Loyalty Reward Drive,2026-03-07,2026-03-18
3385,CAMP_3a7188eb,Spring Data Boost,2026-02-06,2026-03-10
3386,CAMP_3a7188eb,Spring Data Boost,2026-01-30,2026-02-19
3387,CAMP_3a7188eb,Spring Data Boost,2026-03-04,2026-04-02
3388,CAMP_3a7188eb,Spring Data Boost,2026-01-13,2026-02-23
3389,CAMP_71790c70,Flash Bundle Blitz,2026-02-25,2026-03-30
3390,CAMP_5ca4a2f6,Flash Bundle Blitz,2026-02-03,2026-03-27
3391,CAMP_568269e4,Loyalty Reward Drive,2026-02-13,2026-03-28
3392,CAMP_71790c70,Flash Bundle Blitz,2026-01-25,2026-03-26
3393,CAMP_3a7188eb,Spring Data Boost,2026-02-15,2026-03-15
3394,CAMP_6ec8dcc3,Flash Bundle Blitz,2026-02-27,2026-03-28
3395,CAMP_71790c70,Flash Bundle Blitz,2026-03-09,2026-04-05
3396,CAMP_3a7188eb,Spring Data Boost,2026-02-22,2026-03-03
3397,CAMP_5ca4a2f6,Flash Bundle Blitz,2026-02-21,2026-04-08
3398,CAMP_568269e4,Loyalty Reward Drive,2026-03-08,2026-04-06
3399,CAMP_6ec8dcc3,Flash Bundle Blitz,2026-02-26,2026-03-19
3400,CAMP_71790c70,Flash Bundle Blitz,2026-02-19,2026-03-14
3401,CAMP_3a7188eb,Spring Data Boost,2026-03-04,2026-04-15
3402,CAMP_6ec8dcc3,Flash Bundle Blitz,2026-02-09,2026-02-14
3403,CAMP_3a7188eb,Spring Data Boost,2026-02-01,2026-03-20
3404,CAMP_5ca4a2f6,Flash Bundle Blitz,2026-01-22,2026-03-22
3405,CAMP_71790c70,Flash Bundle Blitz,2026-01-14,2026-02-02
3406,CAMP_568269e4,Loyalty Reward Drive,2026-01-09,2026-01-18
3407,CAMP_6ec8dcc3,Flash Bundle Blitz,2026-03-06,2026-04-26
3408,CAMP_71790c70,Flash Bundle Blitz,2026-01-11,2026-02-05
3409,CAMP_568269e4,Loyalty Reward Drive,2026-02-22,2026-03-10
3410,CAMP_6ec8dcc3,Flash Bundle Blitz,2026-01-27,2026-01-28
3411,CAMP_568269e4,Loyalty Reward Drive,2026-01-27,2026-02-12
3412,CAMP_3a7188eb,Spring Data Boost,2026-01-10,2026-03-01
3413,CAMP_5ca4a2f6,Flash Bundle Blitz,2026-01-27,2026-02-26
3414,CAMP_3a7188eb,Spring Data Boost,2026-02-20,2026-03-12
3415,CAMP_568269e4,Loyalty Reward Drive,2026-03-01,2026-04-04
3416,CAMP_5ca4a2f6,Flash Bundle Blitz,2026-01-28,2026-02-19
3417,CAMP_6ec8dcc3,Flash Bundle Blitz,2026-01-15,2026-01-20
3418,CAMP_568269e4,Loyalty Reward Drive,2026-02-19,2026-04-18
3419,CAMP_5ca4a2f6,Flash Bundle Blitz,2026-01-21,2026-03-11
3420,CAMP_5ca4a2f6,Flash Bundle Blitz,2026-01-25,2026-02-18
3421,CAMP_568269e4,Loyalty Reward Drive,2026-02-28,2026-03-04
3422,CAMP_3a7188eb,Spring Data Boost,2026-01-15,2026-01-19
3423,CAMP_71790c70,Flash Bundle Blitz,2026-01-27,2026-03-22
3424,CAMP_6ec8dcc3,Flash Bundle Blitz,2026-02-07,2026-04-01
3425,CAMP_6ec8dcc3,Flash Bundle Blitz,2026-01-13,2026-02-18
3426,CAMP_6ec8dcc3,Flash Bundle Blitz,2026-01-13,2026-02-17
3427,CAMP_3a7188eb,Spring Data Boost,2026-01-21,2026-03-21
3428,CAMP_6ec8dcc3,Flash Bundle Blitz,2026-02-10,2026-02-23
3429,CAMP_71790c70,Flash Bundle Blitz,2026-02-07,2026-04-07
3430,CAMP_3a7188eb,Spring Data Boost,2026-03-04,2026-04-13
3431,CAMP_6ec8dcc3,Flash Bundle Blitz,2026-01-15,2026-02-06
3432,CAMP_5ca4a2f6,Flash Bundle Blitz,2026-03-03,2026-03-07
3433,CAMP_6ec8dcc3,Flash Bundle Blitz,2026-01-31,2026-02-01
3434,CAMP_3a7188eb,Spring Data Boost,2026-02-21,2026-03-18
3435,CAMP_5ca4a2f6,Flash Bundle Blitz,2026-03-01,2026-03-04
3436,CAMP_5ca4a2f6,Flash Bundle Blitz,2026-02-28,2026-04-07
3437,CAMP_6ec8dcc3,Flash Bundle Blitz,2026-01-09,2026-02-13
3438,CAMP_5ca4a2f6,Flash Bundle Blitz,2026-03-06,2026-03-19
3439,CAMP_6ec8dcc3,Flash Bundle Blitz,2026-02-23,2026-04-13
3440,CAMP_5ca4a2f6,Flash Bundle Blitz,2026-01-23,2026-02-02
3441,CAMP_568269e4,Loyalty Reward Drive,2026-02-15,2026-02-19
3442,CAMP_71790c70,Flash Bundle Blitz,2026-02-15,2026-04-16
3443,CAMP_3a7188eb,Spring Data Boost,2026-02-28,2026-04-04
3444,CAMP_6ec8dcc3,Flash Bundle Blitz,2026-01-21,2026-01-23
3445,CAMP_568269e4,Loyalty Reward Drive,2026-03-02,2026-04-01
3446,CAMP_6ec8dcc3,Flash Bundle Blitz,2026-03-08,2026-03-12
3447,CAMP_3a7188eb,Spring Data Boost,2026-02-10,2026-03-28
3448,CAMP_71790c70,Flash Bundle Blitz,2026-01-31,2026-03-26
3449,CAMP_3a7188eb,Spring Data Boost,2026-03-01,2026-04-06
3450,CAMP_568269e4,Loyalty Reward Drive,2026-01-26,2026-02-09
3451,CAMP_71790c70,Flash Bundle Blitz,2026-02-03,2026-03-29
3452,CAMP_5ca4a2f6,Flash Bundle Blitz,2026-02-13,2026-03-08
3453,CAMP_6ec8dcc3,Flash Bundle Blitz,2026-01-10,2026-02-28
3454,CAMP_3a7188eb,Spring Data Boost,2026-01-21,2026-03-03
3455,CAMP_3a7188eb,Spring Data Boost,2026-02-27,2026-03-24
3456,CAMP_6ec8dcc3,Flash Bundle Blitz,2026-01-21,2026-01-25
3457,CAMP_71790c70,Flash Bundle Blitz,2026-02-04,2026-03-18
3458,CAMP_6ec8dcc3,Flash Bundle Blitz,2026-02-13,2026-03-31
3459,CAMP_568269e4,Loyalty Reward Drive,2026-01-29,2026-03-27
3460,CAMP_568269e4,Loyalty Reward Drive,2026-02-23,2026-02-25
3461,CAMP_3a7188eb,Spring Data Boost,2026-02-02,2026-04-02
3462,CAMP_71790c70,Flash Bundle Blitz,2026-03-07,2026-04-14
3463,CAMP_5ca4a2f6,Flash Bundle Blitz,2026-02-14,2026-03-25
3464,CAMP_3a7188eb,Spring Data Boost,2026-01-26,2026-02-15
3465,CAMP_568269e4,Loyalty Reward Drive,2026-02-22,2026-03-19
3466,CAMP_71790c70,Flash Bundle Blitz,2026-02-03,2026-04-02
3467,CAMP_71790c70,Flash Bundle Blitz,2026-02-19,2026-03-06
3468,CAMP_3a7188eb,Spring Data Boost,2026-02-15,2026-04-10
3469,CAMP_3a7188eb,Spring Data Boost,2026-02-06,2026-02-10
3470,CAMP_568269e4,Loyalty Reward Drive,2026-02-11,2026-03-01
3471,CAMP_5ca4a2f6,Flash Bundle Blitz,2026-01-28,2026-02-20
3472,CAMP_6ec8dcc3,Flash Bundle Blitz,2026-01-22,2026-03-22
3473,CAMP_3a7188eb,Spring Data Boost,2026-03-08,2026-05-04
3474,CAMP_71790c70,Flash Bundle Blitz,2026-02-14,2026-04-13
3475,CAMP_71790c70,Flash Bundle Blitz,2026-03-03,2026-03-23
3476,CAMP_568269e4,Loyalty Reward Drive,2026-01-09,2026-01-11
3477,CAMP_3a7188eb,Spring Data Boost,2026-03-08,2026-04-17
3478,CAMP_568269e4,Loyalty Reward Drive,2026-01-15,2026-02-01
3479,CAMP_6ec8dcc3,Flash Bundle Blitz,2026-01-25,2026-03-04
3480,CAMP_71790c70,Flash Bundle Blitz,2026-01-29,2026-02-10
3481,CAMP_5ca4a2f6,Flash Bundle Blitz,2026-02-15,2026-03-23
3482,CAMP_568269e4,Loyalty Reward Drive,2026-03-09,2026-05-01
3483,CAMP_3a7188eb,Spring Data Boost,2026-02-20,2026-04-16
3484,CAMP_6ec8dcc3,Flash Bundle Blitz,2026-03-02,2026-04-26
3485,CAMP_568269e4,Loyalty Reward Drive,2026-01-21,2026-02-25
3486,CAMP_568269e4,Loyalty Reward Drive,2026-02-08,2026-02-22
3487,CAMP_568269e4,Loyalty Reward Drive,2026-02-28,2026-03-18
3488,CAMP_3a7188eb,Spring Data Boost,2026-02-24,2026-03-22
3489,CAMP_6ec8dcc3,Flash Bundle Blitz,2026-01-22,2026-01-31
3490,CAMP_5ca4a2f6,Flash Bundle Blitz,2026-03-02,2026-03-05
3491,CAMP_568269e4,Loyalty Reward Drive,2026-02-27,2026-04-09
3492,CAMP_5ca4a2f6,Flash Bundle Blitz,2026-01-27,2026-02-24
3493,CAMP_71790c70,Flash Bundle Blitz,2026-03-02,2026-03-28
3494,CAMP_71790c70,Flash Bundle Blitz,2026-01-23,2026-02-10
3495,CAMP_3a7188eb,Spring Data Boost,2026-02-11,2026-03-23
3496,CAMP_568269e4,Loyalty Reward Drive,2026-01-31,2026-03-03
3497,CAMP_6ec8dcc3,Flash Bundle Blitz,2026-01-19,2026-01-21
3498,CAMP_6ec8dcc3,Flash Bundle Blitz,2026-02-14,2026-03-14
3499,CAMP_5ca4a2f6,Flash Bundle Blitz,2026-02-13,2026-03-09
3500,CAMP_71790c70,Flash Bundle Blitz,2026-03-08,2026-03-25
3501,CAMP_6ec8dcc3,Flash Bundle Blitz,2026-02-13,2026-03-14
3502,CAMP_3a7188eb,Spring Data Boost,2026-02-16,2026-03-17
3503,CAMP_568269e4,Loyalty Reward Drive,2026-02-02,2026-03-17
3504,CAMP_6ec8dcc3,Flash Bundle Blitz,2026-01-24,2026-03-21
3505,CAMP_3a7188eb,Spring Data Boost,2026-02-20,2026-04-03
3506,CAMP_3a7188eb,Spring Data Boost,2026-01-21,2026-02-18
3507,CAMP_5ca4a2f6,Flash Bundle Blitz,2026-01-09,2026-01-19
3508,CAMP_3a7188eb,Spring Data Boost,2026-03-07,2026-04-30
3509,CAMP_6ec8dcc3,Flash Bundle Blitz,2026-02-26,2026-04-26
3510,CAMP_71790c70,Flash Bundle Blitz,2026-02-21,2026-03-02
3511,CAMP_568269e4,Loyalty Reward Drive,2026-02-21,2026-03-04
3512,CAMP_71790c70,Flash Bundle Blitz,2026-02-21,2026-03-29
3513,CAMP_5ca4a2f6,Flash Bundle Blitz,2026-01-21,2026-02-15
3514,CAMP_6ec8dcc3,Flash Bundle Blitz,2026-02-23,2026-04-22
3515,CAMP_568269e4,Loyalty Reward Drive,2026-02-03,2026-04-04
3516,CAMP_3a7188eb,Spring Data Boost,2026-02-16,2026-02-21
3517,CAMP_6ec8dcc3,Flash Bundle Blitz,2026-02-09,2026-03-13
3518,CAMP_568269e4,Loyalty Reward Drive,2026-03-03,2026-03-06
3519,CAMP_71790c70,Flash Bundle Blitz,2026-02-26,2026-03-22
3520,CAMP_3a7188eb,Spring Data Boost,2026-02-03,2026-03-18
3521,CAMP_71790c70,Flash Bundle Blitz,2026-02-09,2026-03-24
3522,CAMP_3a7188eb,Spring Data Boost,2026-02-27,2026-04-23
3523,CAMP_6ec8dcc3,Flash Bundle Blitz,2026-02-09,2026-03-27
3524,CAMP_6ec8dcc3,Flash Bundle Blitz,2026-02-18,2026-02-21
3525,CAMP_71790c70,Flash Bundle Blitz,2026-02-26,2026-04-26
3526,CAMP_71790c70,Flash Bundle Blitz,2026-01-23,2026-02-19
3527,CAMP_5ca4a2f6,Flash Bundle Blitz,2026-01-20,2026-03-06
3528,CAMP_3a7188eb,Spring Data Boost,2026-03-05,2026-04-17
3529,CAMP_6ec8dcc3,Flash Bundle Blitz,2026-01-20,2026-02-08
3530,CAMP_6ec8dcc3,Flash Bundle Blitz,2026-03-08,2026-04-26
3531,CAMP_568269e4,Loyalty Reward Drive,2026-02-11,2026-04-03
3532,CAMP_6ec8dcc3,Flash Bundle Blitz,2026-02-01,2026-03-02
3533,CAMP_6ec8dcc3,Flash Bundle Blitz,2026-01-17,2026-03-13
3534,CAMP_6ec8dcc3,Flash Bundle Blitz,2026-03-02,2026-04-19
3535,CAMP_568269e4,Loyalty Reward Drive,2026-01-14,2026-01-25
3536,CAMP_6ec8dcc3,Flash Bundle Blitz,2026-01-27,2026-02-12
3537,CAMP_71790c70,Flash Bundle Blitz,2026-01-16,2026-01-30
3538,CAMP_3a7188eb,Spring Data Boost,2026-02-20,2026-03-04
3539,CAMP_5ca4a2f6,Flash Bundle Blitz,2026-01-21,2026-03-09
3540,CAMP_6ec8dcc3,Flash Bundle Blitz,2026-01-15,2026-01-24
3541,CAMP_71790c70,Flash Bundle Blitz,2026-01-29,2026-02-14
3542,CAMP_568269e4,Loyalty Reward Drive,2026-02-28,2026-03-04
3543,CAMP_5ca4a2f6,Flash Bundle Blitz,2026-03-07,2026-04-18
3544,CAMP_3a7188eb,Spring Data Boost,2026-01-30,2026-02-26
3545,CAMP_71790c70,Flash Bundle Blitz,2026-03-07,2026-03-08
3546,CAMP_3a7188eb,Spring Data Boost,2026-03-09,2026-03-22
3547,CAMP_3a7188eb,Spring Data Boost,2026-02-18,2026-04-14
3548,CAMP_6ec8dcc3,Flash Bundle Blitz,2026-02-24,2026-04-07
3549,CAMP_5ca4a2f6,Flash Bundle Blitz,2026-02-18,2026-04-15
3550,CAMP_568269e4,Loyalty Reward Drive,2026-01-12,2026-01-19
3551,CAMP_6ec8dcc3,Flash Bundle Blitz,2026-02-08,2026-02-22
3552,CAMP_568269e4,Loyalty Reward Drive,2026-01-19,2026-02-16
3553,CAMP_5ca4a2f6,Flash Bundle Blitz,2026-03-08,2026-03-18
3554,CAMP_5ca4a2f6,Flash Bundle Blitz,2026-02-12,2026-04-07
3555,CAMP_71790c70,Flash Bundle Blitz,2026-03-08,2026-04-12
3556,CAMP_71790c70,Flash Bundle Blitz,2026-01-22,2026-02-10
3557,CAMP_6ec8dcc3,Flash Bundle Blitz,2026-01-17,2026-02-15
3558,CAMP_6ec8dcc3,Flash Bundle Blitz,2026-02-22,2026-03-07
3559,CAMP_5ca4a2f6,Flash Bundle Blitz,2026-02-08,2026-04-04
3560,CAMP_568269e4,Loyalty Reward Drive,2026-02-05,2026-03-06
3561,CAMP_3a7188eb,Spring Data Boost,2026-02-13,2026-03-01
3562,CAMP_5ca4a2f6,Flash Bundle Blitz,2026-02-05,2026-04-03
3563,CAMP_71790c70,Flash Bundle Blitz,2026-01-30,2026-02-15
3564,CAMP_6ec8dcc3,Flash Bundle Blitz,2026-02-11,2026-02-27
3565,CAMP_71790c70,Flash Bundle Blitz,2026-01-24,2026-01-30
3566,CAMP_568269e4,Loyalty Reward Drive,2026-01-29,2026-03-15
3567,CAMP_6ec8dcc3,Flash Bundle Blitz,2026-01-25,2026-03-20
3568,CAMP_5ca4a2f6,Flash Bundle Blitz,2026-02-04,2026-03-10
3569,CAMP_6ec8dcc3,Flash Bundle Blitz,2026-01-13,2026-02-05
3570,CAMP_6ec8dcc3,Flash Bundle Blitz,2026-01-24,2026-03-08
3571,CAMP_568269e4,Loyalty Reward Drive,2026-03-01,2026-04-26
3572,CAMP_71790c70,Flash Bundle Blitz,2026-01-21,2026-03-14
3573,CAMP_568269e4,Loyalty Reward Drive,2026-02-16,2026-03-03
3574,CAMP_568269e4,Loyalty Reward Drive,2026-03-03,2026-04-16
3575,CAMP_3a7188eb,Spring Data Boost,2026-03-04,2026-04-10
3576,CAMP_5ca4a2f6,Flash Bundle Blitz,2026-02-25,2026-04-24
3577,CAMP_5ca4a2f6,Flash Bundle Blitz,2026-01-15,2026-01-20
3578,CAMP_71790c70,Flash Bundle Blitz,2026-03-08,2026-03-14
3579,CAMP_3a7188eb,Spring Data Boost,2026-03-08,2026-04-09
3580,CAMP_5ca4a2f6,Flash Bundle Blitz,2026-01-15,2026-02-05
3581,CAMP_3a7188eb,Spring Data Boost,2026-02-01,2026-02-19
3582,CAMP_5ca4a2f6,Flash Bundle Blitz,2026-01-11,2026-01-18
3583,CAMP_5ca4a2f6,Flash Bundle Blitz,2026-03-05,2026-04-13
3584,CAMP_5ca4a2f6,Flash Bundle Blitz,2026-02-28,2026-04-06
3585,CAMP_568269e4,Loyalty Reward Drive,2026-01-17,2026-02-15
3586,CAMP_568269e4,Loyalty Reward Drive,2026-01-23,2026-02-08
3587,CAMP_5ca4a2f6,Flash Bundle Blitz,2026-02-21,2026-03-22
3588,CAMP_6ec8dcc3,Flash Bundle Blitz,2026-01-28,2026-03-25
3589,CAMP_3a7188eb,Spring Data Boost,2026-02-14,2026-03-18
3590,CAMP_3a7188eb,Spring Data Boost,2026-01-14,2026-03-02
3591,CAMP_3a7188eb,Spring Data Boost,2026-01-29,2026-01-30
3592,CAMP_5ca4a2f6,Flash Bundle Blitz,2026-02-02,2026-02-16
3593,CAMP_5ca4a2f6,Flash Bundle Blitz,2026-02-22,2026-03-31
3594,CAMP_5ca4a2f6,Flash Bundle Blitz,2026-01-15,2026-01-29
3595,CAMP_71790c70,Flash Bundle Blitz,2026-02-11,2026-03-05
3596,CAMP_6ec8dcc3,Flash Bundle Blitz,2026-02-13,2026-02-16
3597,CAMP_5ca4a2f6,Flash Bundle Blitz,2026-02-17,2026-02-27
3598,CAMP_5ca4a2f6,Flash Bundle Blitz,2026-02-04,2026-03-23
3599,CAMP_5ca4a2f6,Flash Bundle Blitz,2026-01-11,2026-02-23
3600,CAMP_71790c70,Flash Bundle Blitz,2026-03-03,2026-04-11
3601,CAMP_568269e4,Loyalty Reward Drive,2026-02-25,2026-04-22
3602,CAMP_568269e4,Loyalty Reward Drive,2026-01-19,2026-02-06
3603,CAMP_6ec8dcc3,Flash Bundle Blitz,2026-01-10,2026-02-16
3604,CAMP_5ca4a2f6,Flash Bundle Blitz,2026-02-20,2026-02-23
3605,CAMP_71790c70,Flash Bundle Blitz,2026-01-27,2026-02-23
3606,CAMP_5ca4a2f6,Flash Bundle Blitz,2026-03-09,2026-03-23
3607,CAMP_71790c70,Flash Bundle Blitz,2026-03-09,2026-04-18
3608,CAMP_568269e4,Loyalty Reward Drive,2026-02-27,2026-03-29
3609,CAMP_3a7188eb,Spring Data Boost,2026-03-06,2026-04-10
3610,CAMP_568269e4,Loyalty Reward Drive,2026-02-19,2026-04-11
3611,CAMP_71790c70,Flash Bundle Blitz,2026-02-05,2026-03-30
3612,CAMP_568269e4,Loyalty Reward Drive,2026-01-18,2026-01-23
3613,CAMP_568269e4,Loyalty Reward Drive,2026-02-15,2026-02-16
3614,CAMP_71790c70,Flash Bundle Blitz,2026-02-08,2026-04-04
3615,CAMP_6ec8dcc3,Flash Bundle Blitz,2026-02-11,2026-03-18
3616,CAMP_71790c70,Flash Bundle Blitz,2026-02-14,2026-04-12
3617,CAMP_5ca4a2f6,Flash Bundle Blitz,2026-02-18,2026-04-08
3618,CAMP_3a7188eb,Spring Data Boost,2026-03-08,2026-04-13
3619,CAMP_71790c70,Flash Bundle Blitz,2026-02-25,2026-04-01
3620,CAMP_71790c70,Flash Bundle Blitz,2026-03-10,2026-04-05
3621,CAMP_568269e4,Loyalty Reward Drive,2026-01-21,2026-02-07
3622,CAMP_5ca4a2f6,Flash Bundle Blitz,2026-01-18,2026-03-18
3623,CAMP_3a7188eb,Spring Data Boost,2026-03-07,2026-04-03
3624,CAMP_5ca4a2f6,Flash Bundle Blitz,2026-01-18,2026-02-27
3625,CAMP_568269e4,Loyalty Reward Drive,2026-02-12,2026-02-15
3626,CAMP_71790c70,Flash Bundle Blitz,2026-02-06,2026-04-02
3627,CAMP_568269e4,Loyalty Reward Drive,2026-03-08,2026-04-23
3628,CAMP_71790c70,Flash Bundle Blitz,2026-01-30,2026-02-10
3629,CAMP_3a7188eb,Spring Data Boost,2026-02-01,2026-02-27
3630,CAMP_568269e4,Loyalty Reward Drive,2026-02-16,2026-03-30
3631,CAMP_5ca4a2f6,Flash Bundle Blitz,2026-02-21,2026-03-10
3632,CAMP_568269e4,Loyalty Reward Drive,2026-02-07,2026-02-14
3633,CAMP_6ec8dcc3,Flash Bundle Blitz,2026-01-17,2026-03-15
3634,CAMP_568269e4,Loyalty Reward Drive,2026-01-20,2026-02-16
3635,CAMP_568269e4,Loyalty Reward Drive,2026-02-13,2026-02-20
3636,CAMP_6ec8dcc3,Flash Bundle Blitz,2026-01-26,2026-03-08
3637,CAMP_5ca4a2f6,Flash Bundle Blitz,2026-01-29,2026-02-18
3638,CAMP_71790c70,Flash Bundle Blitz,2026-03-01,2026-04-08
3639,CAMP_6ec8dcc3,Flash Bundle Blitz,2026-01-26,2026-02-25
3640,CAMP_71790c70,Flash Bundle Blitz,2026-03-09,2026-04-05
3641,CAMP_568269e4,Loyalty Reward Drive,2026-02-04,2026-03-16
3642,CAMP_568269e4,Loyalty Reward Drive,2026-03-09,2026-03-11
3643,CAMP_71790c70,Flash Bundle Blitz,2026-03-06,2026-03-12
3644,CAMP_6ec8dcc3,Flash Bundle Blitz,2026-02-18,2026-03-08
3645,CAMP_5ca4a2f6,Flash Bundle Blitz,2026-01-28,2026-03-28
3646,CAMP_71790c70,Flash Bundle Blitz,2026-03-09,2026-03-28
3647,CAMP_5ca4a2f6,Flash Bundle Blitz,2026-02-20,2026-04-12
3648,CAMP_6ec8dcc3,Flash Bundle Blitz,2026-02-15,2026-04-05
3649,CAMP_6ec8dcc3,Flash Bundle Blitz,2026-03-04,2026-03-19
3650,CAMP_5ca4a2f6,Flash Bundle Blitz,2026-02-03,2026-02-19
3651,CAMP_6ec8dcc3,Flash Bundle Blitz,2026-02-12,2026-03-19
3652,CAMP_568269e4,Loyalty Reward Drive,2026-01-26,2026-02-04
3653,CAMP_3a7188eb,Spring Data Boost,2026-03-02,2026-04-05
3654,CAMP_568269e4,Loyalty Reward Drive,2026-01-15,2026-03-07
3655,CAMP_3a7188eb,Spring Data Boost,2026-02-16,2026-04-16
3656,CAMP_568269e4,Loyalty Reward Drive,2026-01-12,2026-02-27
3657,CAMP_568269e4,Loyalty Reward Drive,2026-01-15,2026-01-30
3658,CAMP_5ca4a2f6,Flash Bundle Blitz,2026-02-05,2026-02-28
3659,CAMP_3a7188eb,Spring Data Boost,2026-02-13,2026-03-11
3660,CAMP_3a7188eb,Spring Data Boost,2026-01-29,2026-02-17
3661,CAMP_5ca4a2f6,Flash Bundle Blitz,2026-03-09,2026-04-11
3662,CAMP_71790c70,Flash Bundle Blitz,2026-01-16,2026-02-01
3663,CAMP_6ec8dcc3,Flash Bundle Blitz,2026-03-07,2026-04-12
3664,CAMP_3a7188eb,Spring Data Boost,2026-01-20,2026-02-05
3665,CAMP_71790c70,Flash Bundle Blitz,2026-02-01,2026-03-22
3666,CAMP_71790c70,Flash Bundle Blitz,2026-01-31,2026-03-12
3667,CAMP_3a7188eb,Spring Data Boost,2026-02-03,2026-03-23
3668,CAMP_3a7188eb,Spring Data Boost,2026-03-06,2026-04-17
3669,CAMP_5ca4a2f6,Flash Bundle Blitz,2026-02-19,2026-04-16
3670,CAMP_71790c70,Flash Bundle Blitz,2026-02-08,2026-03-14
3671,CAMP_3a7188eb,Spring Data Boost,2026-02-01,2026-03-25
3672,CAMP_5ca4a2f6,Flash Bundle Blitz,2026-02-26,2026-04-19
3673,CAMP_568269e4,Loyalty Reward Drive,2026-02-07,2026-04-03
3674,CAMP_568269e4,Loyalty Reward Drive,2026-01-15,2026-03-10
3675,CAMP_6ec8dcc3,Flash Bundle Blitz,2026-02-06,2026-03-31
3676,CAMP_6ec8dcc3,Flash Bundle Blitz,2026-01-14,2026-02-17
3677,CAMP_6ec8dcc3,Flash Bundle Blitz,2026-02-13,2026-03-12
3678,CAMP_71790c70,Flash Bundle Blitz,2026-03-09,2026-04-13
3679,CAMP_568269e4,Loyalty Reward Drive,2026-01-26,2026-03-10
3680,CAMP_6ec8dcc3,Flash Bundle Blitz,2026-03-09,2026-04-27
3681,CAMP_6ec8dcc3,Flash Bundle Blitz,2026-03-03,2026-04-26
3682,CAMP_568269e4,Loyalty Reward Drive,2026-02-20,2026-02-22
3683,CAMP_3a7188eb,Spring Data Boost,2026-02-02,2026-03-04
3684,CAMP_6ec8dcc3,Flash Bundle Blitz,2026-03-09,2026-03-12
3685,CAMP_6ec8dcc3,Flash Bundle Blitz,2026-02-04,2026-02-21
3686,CAMP_71790c70,Flash Bundle Blitz,2026-02-10,2026-03-18
3687,CAMP_6ec8dcc3,Flash Bundle Blitz,2026-01-31,2026-03-20
3688,CAMP_6ec8dcc3,Flash Bundle Blitz,2026-01-26,2026-03-05
3689,CAMP_6ec8dcc3,Flash Bundle Blitz,2026-01-28,2026-01-29
3690,CAMP_71790c70,Flash Bundle Blitz,2026-01-22,2026-02-19
3691,CAMP_71790c70,Flash Bundle Blitz,2026-02-05,2026-02-23
3692,CAMP_71790c70,Flash Bundle Blitz,2026-02-12,2026-02-22
3693,CAMP_568269e4,Loyalty Reward Drive,2026-01-20,2026-03-09
3694,CAMP_5ca4a2f6,Flash Bundle Blitz,2026-02-06,2026-03-15
3695,CAMP_5ca4a2f6,Flash Bundle Blitz,2026-02-27,2026-03-15
3696,CAMP_71790c70,Flash Bundle Blitz,2026-02-05,2026-02-15
3697,CAMP_3a7188eb,Spring Data Boost,2026-02-27,2026-03-19
3698,CAMP_5ca4a2f6,Flash Bundle Blitz,2026-02-23,2026-04-07
3699,CAMP_71790c70,Flash Bundle Blitz,2026-02-08,2026-03-12
3700,CAMP_568269e4,Loyalty Reward Drive,2026-02-16,2026-04-02
3701,CAMP_71790c70,Flash Bundle Blitz,2026-02-02,2026-03-25
3702,CAMP_6ec8dcc3,Flash Bundle Blitz,2026-01-31,2026-03-01
3703,CAMP_3a7188eb,Spring Data Boost,2026-01-28,2026-02-13
3704,CAMP_6ec8dcc3,Flash Bundle Blitz,2026-02-26,2026-04-02
3705,CAMP_3a7188eb,Spring Data Boost,2026-01-21,2026-03-11
3706,CAMP_71790c70,Flash Bundle Blitz,2026-02-12,2026-02-24
3707,CAMP_3a7188eb,Spring Data Boost,2026-02-28,2026-04-13
3708,CAMP_71790c70,Flash Bundle Blitz,2026-02-16,2026-03-12
3709,CAMP_3a7188eb,Spring Data Boost,2026-02-16,2026-03-05
3710,CAMP_71790c70,Flash Bundle Blitz,2026-02-17,2026-02-27
3711,CAMP_71790c70,Flash Bundle Blitz,2026-03-08,2026-03-20
3712,CAMP_71790c70,Flash Bundle Blitz,2026-01-28,2026-03-12
3713,CAMP_5ca4a2f6,Flash Bundle Blitz,2026-01-13,2026-03-09
3714,CAMP_6ec8dcc3,Flash Bundle Blitz,2026-03-09,2026-05-06
3715,CAMP_568269e4,Loyalty Reward Drive,2026-03-06,2026-04-24
3716,CAMP_71790c70,Flash Bundle Blitz,2026-03-01,2026-04-10
3717,CAMP_3a7188eb,Spring Data Boost,2026-01-16,2026-02-22
3718,CAMP_6ec8dcc3,Flash Bundle Blitz,2026-02-01,2026-02-13
3719,CAMP_71790c70,Flash Bundle Blitz,2026-03-08,2026-04-15
3720,CAMP_6ec8dcc3,Flash Bundle Blitz,2026-03-04,2026-05-01
3721,CAMP_5ca4a2f6,Flash Bundle Blitz,2026-02-22,2026-04-20
3722,CAMP_71790c70,Flash Bundle Blitz,2026-01-21,2026-02-11
3723,CAMP_3a7188eb,Spring Data Boost,2026-03-03,2026-04-17
3724,CAMP_71790c70,Flash Bundle Blitz,2026-01-24,2026-03-10
3725,CAMP_71790c70,Flash Bundle Blitz,2026-02-03,2026-03-14
3726,CAMP_568269e4,Loyalty Reward Drive,2026-02-21,2026-03-31
3727,CAMP_5ca4a2f6,Flash Bundle Blitz,2026-01-26,2026-03-08
3728,CAMP_71790c70,Flash Bundle Blitz,2026-02-15,2026-03-10
3729,CAMP_568269e4,Loyalty Reward Drive,2026-03-02,2026-04-04
3730,CAMP_568269e4,Loyalty Reward Drive,2026-02-10,2026-03-30
3731,CAMP_6ec8dcc3,Flash Bundle Blitz,2026-01-13,2026-03-13
3732,CAMP_5ca4a2f6,Flash Bundle Blitz,2026-01-31,2026-02-20
3733,CAMP_5ca4a2f6,Flash Bundle Blitz,2026-02-22,2026-04-13
3734,CAMP_71790c70,Flash Bundle Blitz,2026-01-30,2026-02-23
3735,CAMP_3a7188eb,Spring Data Boost,2026-02-02,2026-02-20
3736,CAMP_568269e4,Loyalty Reward Drive,2026-01-21,2026-03-11
3737,CAMP_5ca4a2f6,Flash Bundle Blitz,2026-01-19,2026-02-15
3738,CAMP_5ca4a2f6,Flash Bundle Blitz,2026-02-18,2026-03-06
3739,CAMP_5ca4a2f6,Flash Bundle Blitz,2026-03-10,2026-03-20
3740,CAMP_568269e4,Loyalty Reward Drive,2026-02-20,2026-04-11
3741,CAMP_6ec8dcc3,Flash Bundle Blitz,2026-03-03,2026-04-28
3742,CAMP_6ec8dcc3,Flash Bundle Blitz,2026-01-19,2026-01-26
3743,CAMP_71790c70,Flash Bundle Blitz,2026-02-20,2026-03-06
3744,CAMP_71790c70,Flash Bundle Blitz,2026-02-11,2026-03-24
3745,CAMP_6ec8dcc3,Flash Bundle Blitz,2026-01-11,2026-02-07
3746,CAMP_3a7188eb,Spring Data Boost,2026-02-14,2026-03-01
3747,CAMP_5ca4a2f6,Flash Bundle Blitz,2026-03-05,2026-03-11
3748,CAMP_71790c70,Flash Bundle Blitz,2026-03-08,2026-04-30
3749,CAMP_3a7188eb,Spring Data Boost,2026-02-20,2026-03-11
3750,CAMP_71790c70,Flash Bundle Blitz,2026-01-23,2026-01-29
3751,CAMP_3a7188eb,Spring Data Boost,2026-02-27,2026-03-19
3752,CAMP_6ec8dcc3,Flash Bundle Blitz,2026-03-07,2026-03-24
3753,CAMP_6ec8dcc3,Flash Bundle Blitz,2026-03-08,2026-04-22
3754,CAMP_6ec8dcc3,Flash Bundle Blitz,2026-02-26,2026-04-19
3755,CAMP_5ca4a2f6,Flash Bundle Blitz,2026-02-17,2026-04-05
3756,CAMP_6ec8dcc3,Flash Bundle Blitz,2026-03-06,2026-04-14
3757,CAMP_6ec8dcc3,Flash Bundle Blitz,2026-03-01,2026-04-21
3758,CAMP_6ec8dcc3,Flash Bundle Blitz,2026-02-22,2026-03-21
3759,CAMP_568269e4,Loyalty Reward Drive,2026-01-28,2026-02-22
3760,CAMP_71790c70,Flash Bundle Blitz,2026-02-28,2026-04-06
3761,CAMP_3a7188eb,Spring Data Boost,2026-01-13,2026-03-04
3762,CAMP_71790c70,Flash Bundle Blitz,2026-01-22,2026-03-01
3763,CAMP_5ca4a2f6,Flash Bundle Blitz,2026-01-13,2026-01-20
3764,CAMP_71790c70,Flash Bundle Blitz,2026-01-14,2026-01-27
3765,CAMP_71790c70,Flash Bundle Blitz,2026-03-02,2026-04-06
3766,CAMP_6ec8dcc3,Flash Bundle Blitz,2026-03-10,2026-04-10
3767,CAMP_71790c70,Flash Bundle Blitz,2026-02-01,2026-04-01
3768,CAMP_5ca4a2f6,Flash Bundle Blitz,2026-02-03,2026-03-04
3769,CAMP_6ec8dcc3,Flash Bundle Blitz,2026-02-16,2026-04-01
3770,CAMP_5ca4a2f6,Flash Bundle Blitz,2026-02-22,2026-04-16
3771,CAMP_71790c70,Flash Bundle Blitz,2026-01-24,2026-02-20
3772,CAMP_568269e4,Loyalty Reward Drive,2026-01-28,2026-03-17
3773,CAMP_568269e4,Loyalty Reward Drive,2026-01-21,2026-03-13
3774,CAMP_6ec8dcc3,Flash Bundle Blitz,2026-03-02,2026-05-01
3775,CAMP_5ca4a2f6,Flash Bundle Blitz,2026-02-01,2026-03-01
3776,CAMP_3a7188eb,Spring Data Boost,2026-01-15,2026-01-29
3777,CAMP_568269e4,Loyalty Reward Drive,2026-01-23,2026-02-11
3778,CAMP_71790c70,Flash Bundle Blitz,2026-02-19,2026-02-23
3779,CAMP_5ca4a2f6,Flash Bundle Blitz,2026-01-12,2026-02-24
3780,CAMP_3a7188eb,Spring Data Boost,2026-02-22,2026-03-26
3781,CAMP_5ca4a2f6,Flash Bundle Blitz,2026-02-27,2026-03-26
3782,CAMP_568269e4,Loyalty Reward Drive,2026-02-21,2026-03-02
3783,CAMP_6ec8dcc3,Flash Bundle Blitz,2026-02-24,2026-04-13
3784,CAMP_6ec8dcc3,Flash Bundle Blitz,2026-01-27,2026-03-14
3785,CAMP_5ca4a2f6,Flash Bundle Blitz,2026-01-28,2026-03-01
3786,CAMP_3a7188eb,Spring Data Boost,2026-01-29,2026-02-11
3787,CAMP_6ec8dcc3,Flash Bundle Blitz,2026-01-15,2026-01-17
3788,CAMP_568269e4,Loyalty Reward Drive,2026-01-12,2026-02-21
3789,CAMP_5ca4a2f6,Flash Bundle Blitz,2026-02-14,2026-04-14
3790,CAMP_5ca4a2f6,Flash Bundle Blitz,2026-01-22,2026-02-24
3791,CAMP_3a7188eb,Spring Data Boost,2026-02-02,2026-03-27
3792,CAMP_3a7188eb,Spring Data Boost,2026-03-01,2026-04-26
3793,CAMP_6ec8dcc3,Flash Bundle Blitz,2026-01-16,2026-02-25
3794,CAMP_3a7188eb,Spring Data Boost,2026-01-27,2026-02-03
3795,CAMP_3a7188eb,Spring Data Boost,2026-01-10,2026-01-12
3796,CAMP_568269e4,Loyalty Reward Drive,2026-02-04,2026-02-13
3797,CAMP_71790c70,Flash Bundle Blitz,2026-02-06,2026-03-10
3798,CAMP_3a7188eb,Spring Data Boost,2026-01-11,2026-02-04
3799,CAMP_6ec8dcc3,Flash Bundle Blitz,2026-03-10,2026-04-22
3800,CAMP_71790c70,Flash Bundle Blitz,2026-01-25,2026-03-24
3801,CAMP_71790c70,Flash Bundle Blitz,2026-02-04,2026-04-04
3802,CAMP_3a7188eb,Spring Data Boost,2026-02-01,2026-03-17
3803,CAMP_568269e4,Loyalty Reward Drive,2026-02-11,2026-04-12
3804,CAMP_71790c70,Flash Bundle Blitz,2026-01-21,2026-01-31
3805,CAMP_3a7188eb,Spring Data Boost,2026-02-06,2026-03-08
3806,CAMP_71790c70,Flash Bundle Blitz,2026-01-17,2026-03-11
3807,CAMP_5ca4a2f6,Flash Bundle Blitz,2026-01-11,2026-01-12
3808,CAMP_6ec8dcc3,Flash Bundle Blitz,2026-03-08,2026-03-30
3809,CAMP_5ca4a2f6,Flash Bundle Blitz,2026-03-10,2026-04-23
3810,CAMP_568269e4,Loyalty Reward Drive,2026-03-06,2026-04-08
3811,CAMP_6ec8dcc3,Flash Bundle Blitz,2026-02-08,2026-04-09
3812,CAMP_568269e4,Loyalty Reward Drive,2026-03-04,2026-03-12
3813,CAMP_71790c70,Flash Bundle Blitz,2026-02-27,2026-04-22
3814,CAMP_568269e4,Loyalty Reward Drive,2026-02-27,2026-03-21
3815,CAMP_6ec8dcc3,Flash Bundle Blitz,2026-01-19,2026-02-18
3816,CAMP_6ec8dcc3,Flash Bundle Blitz,2026-03-01,2026-03-27
3817,CAMP_71790c70,Flash Bundle Blitz,2026-02-10,2026-04-04
3818,CAMP_3a7188eb,Spring Data Boost,2026-02-10,2026-04-10
3819,CAMP_3a7188eb,Spring Data Boost,2026-02-01,2026-03-02
3820,CAMP_3a7188eb,Spring Data Boost,2026-01-25,2026-02-02
3821,CAMP_6ec8dcc3,Flash Bundle Blitz,2026-02-28,2026-04-09
3822,CAMP_568269e4,Loyalty Reward Drive,2026-02-06,2026-02-12
3823,CAMP_6ec8dcc3,Flash Bundle Blitz,2026-02-28,2026-03-28
3824,CAMP_5ca4a2f6,Flash Bundle Blitz,2026-02-09,2026-02-16
3825,CAMP_71790c70,Flash Bundle Blitz,2026-02-15,2026-03-05
3826,CAMP_71790c70,Flash Bundle Blitz,2026-03-08,2026-03-13
3827,CAMP_6ec8dcc3,Flash Bundle Blitz,2026-02-06,2026-02-08
3828,CAMP_5ca4a2f6,Flash Bundle Blitz,2026-02-01,2026-03-30
3829,CAMP_568269e4,Loyalty Reward Drive,2026-03-05,2026-03-27
3830,CAMP_568269e4,Loyalty Reward Drive,2026-02-20,2026-03-09
3831,CAMP_3a7188eb,Spring Data Boost,2026-02-25,2026-04-01
3832,CAMP_6ec8dcc3,Flash Bundle Blitz,2026-02-09,2026-03-06
3833,CAMP_5ca4a2f6,Flash Bundle Blitz,2026-01-11,2026-02-07
3834,CAMP_6ec8dcc3,Flash Bundle Blitz,2026-02-06,2026-02-28
3835,CAMP_5ca4a2f6,Flash Bundle Blitz,2026-03-05,2026-03-27
3836,CAMP_5ca4a2f6,Flash Bundle Blitz,2026-01-20,2026-02-18
3837,CAMP_5ca4a2f6,Flash Bundle Blitz,2026-02-08,2026-02-14
3838,CAMP_6ec8dcc3,Flash Bundle Blitz,2026-03-07,2026-03-08
3839,CAMP_6ec8dcc3,Flash Bundle Blitz,2026-03-08,2026-03-20
3840,CAMP_3a7188eb,Spring Data Boost,2026-03-09,2026-04-23
3841,CAMP_6ec8dcc3,Flash Bundle Blitz,2026-03-07,2026-04-21
3842,CAMP_5ca4a2f6,Flash Bundle Blitz,2026-01-21,2026-02-19
3843,CAMP_6ec8dcc3,Flash Bundle Blitz,2026-01-13,2026-02-19
3844,CAMP_568269e4,Loyalty Reward Drive,2026-01-20,2026-01-23
3845,CAMP_6ec8dcc3,Flash Bundle Blitz,2026-02-21,2026-03-22
3846,CAMP_71790c70,Flash Bundle Blitz,2026-02-01,2026-03-05
3847,CAMP_71790c70,Flash Bundle Blitz,2026-02-27,2026-04-05
3848,CAMP_5ca4a2f6,Flash Bundle Blitz,2026-02-22,2026-03-16
3849,CAMP_3a7188eb,Spring Data Boost,2026-01-19,2026-02-25
3850,CAMP_71790c70,Flash Bundle Blitz,2026-02-11,2026-02-19
3851,CAMP_71790c70,Flash Bundle Blitz,2026-02-06,2026-03-14
3852,CAMP_6ec8dcc3,Flash Bundle Blitz,2026-03-09,2026-04-22
3853,CAMP_568269e4,Loyalty Reward Drive,2026-03-10,2026-05-02
3854,CAMP_6ec8dcc3,Flash Bundle Blitz,2026-02-24,2026-03-28
3855,CAMP_5ca4a2f6,Flash Bundle Blitz,2026-02-02,2026-02-22
3856,CAMP_568269e4,Loyalty Reward Drive,2026-02-11,2026-03-07
3857,CAMP_5ca4a2f6,Flash Bundle Blitz,2026-02-02,2026-03-17
3858,CAMP_5ca4a2f6,Flash Bundle Blitz,2026-02-21,2026-04-07
3859,CAMP_3a7188eb,Spring Data Boost,2026-01-10,2026-02-02
3860,CAMP_568269e4,Loyalty Reward Drive,2026-02-11,2026-04-04
3861,CAMP_6ec8dcc3,Flash Bundle Blitz,2026-01-11,2026-01-19
3862,CAMP_568269e4,Loyalty Reward Drive,2026-03-02,2026-03-16
3863,CAMP_3a7188eb,Spring Data Boost,2026-02-11,2026-03-27
3864,CAMP_71790c70,Flash Bundle Blitz,2026-01-25,2026-02-16
3865,CAMP_568269e4,Loyalty Reward Drive,2026-02-15,2026-03-18
3866,CAMP_568269e4,Loyalty Reward Drive,2026-01-13,2026-02-07
3867,CAMP_5ca4a2f6,Flash Bundle Blitz,2026-01-20,2026-02-27
3868,CAMP_5ca4a2f6,Flash Bundle Blitz,2026-01-21,2026-03-21
3869,CAMP_568269e4,Loyalty Reward Drive,2026-02-01,2026-02-16
3870,CAMP_568269e4,Loyalty Reward Drive,2026-01-22,2026-02-28
3871,CAMP_568269e4,Loyalty Reward Drive,2026-03-08,2026-04-25
3872,CAMP_5ca4a2f6,Flash Bundle Blitz,2026-01-16,2026-02-26
3873,CAMP_3a7188eb,Spring Data Boost,2026-03-10,2026-03-20
3874,CAMP_6ec8dcc3,Flash Bundle Blitz,2026-01-09,2026-02-27
3875,CAMP_5ca4a2f6,Flash Bundle Blitz,2026-02-04,2026-03-03
3876,CAMP_568269e4,Loyalty Reward Drive,2026-03-06,2026-03-18
3877,CAMP_568269e4,Loyalty Reward Drive,2026-02-03,2026-03-25
3878,CAMP_568269e4,Loyalty Reward Drive,2026-01-29,2026-02-19
3879,CAMP_5ca4a2f6,Flash Bundle Blitz,2026-01-31,2026-03-07
3880,CAMP_568269e4,Loyalty Reward Drive,2026-01-28,2026-02-08
3881,CAMP_6ec8dcc3,Flash Bundle Blitz,2026-02-28,2026-03-04
3882,CAMP_71790c70,Flash Bundle Blitz,2026-02-13,2026-04-06
3883,CAMP_3a7188eb,Spring Data Boost,2026-02-17,2026-02-20
3884,CAMP_6ec8dcc3,Flash Bundle Blitz,2026-01-24,2026-03-12
3885,CAMP_568269e4,Loyalty Reward Drive,2026-03-10,2026-03-18
3886,CAMP_71790c70,Flash Bundle Blitz,2026-02-23,2026-03-28
3887,CAMP_568269e4,Loyalty Reward Drive,2026-01-25,2026-03-11
3888,CAMP_71790c70,Flash Bundle Blitz,2026-02-13,2026-03-06
3889,CAMP_6ec8dcc3,Flash Bundle Blitz,2026-03-03,2026-04-29
3890,CAMP_568269e4,Loyalty Reward Drive,2026-03-07,2026-04-11
3891,CAMP_71790c70,Flash Bundle Blitz,2026-01-23,2026-02-11
3892,CAMP_71790c70,Flash Bundle Blitz,2026-01-13,2026-01-20
3893,CAMP_5ca4a2f6,Flash Bundle Blitz,2026-02-16,2026-02-23
3894,CAMP_6ec8dcc3,Flash Bundle Blitz,2026-02-04,2026-04-03
3895,CAMP_71790c70,Flash Bundle Blitz,2026-02-27,2026-04-06
3896,CAMP_568269e4,Loyalty Reward Drive,2026-03-01,2026-04-18
3897,CAMP_71790c70,Flash Bundle Blitz,2026-01-12,2026-01-18
3898,CAMP_568269e4,Loyalty Reward Drive,2026-01-10,2026-01-31
3899,CAMP_6ec8dcc3,Flash Bundle Blitz,2026-02-06,2026-03-01
3900,CAMP_71790c70,Flash Bundle Blitz,2026-03-10,2026-04-24
3901,CAMP_3a7188eb,Spring Data Boost,2026-03-04,2026-04-19
3902,CAMP_3a7188eb,Spring Data Boost,2026-01-23,2026-03-15
3903,CAMP_3a7188eb,Spring Data Boost,2026-01-25,2026-03-23
3904,CAMP_71790c70,Flash Bundle Blitz,2026-01-19,2026-02-26
3905,CAMP_6ec8dcc3,Flash Bundle Blitz,2026-03-09,2026-04-23
3906,CAMP_3a7188eb,Spring Data Boost,2026-02-11,2026-04-09
3907,CAMP_6ec8dcc3,Flash Bundle Blitz,2026-01-30,2026-02-22
3908,CAMP_71790c70,Flash Bundle Blitz,2026-02-23,2026-03-09
3909,CAMP_568269e4,Loyalty Reward Drive,2026-02-27,2026-04-18
3910,CAMP_6ec8dcc3,Flash Bundle Blitz,2026-03-07,2026-04-13
3911,CAMP_71790c70,Flash Bundle Blitz,2026-02-22,2026-03-13
3912,CAMP_5ca4a2f6,Flash Bundle Blitz,2026-02-04,2026-02-13
3913,CAMP_5ca4a2f6,Flash Bundle Blitz,2026-02-28,2026-03-13
3914,CAMP_3a7188eb,Spring Data Boost,2026-02-08,2026-03-14
3915,CAMP_5ca4a2f6,Flash Bundle Blitz,2026-03-05,2026-03-10
3916,CAMP_568269e4,Loyalty Reward Drive,2026-01-19,2026-03-12
3917,CAMP_5ca4a2f6,Flash Bundle Blitz,2026-02-02,2026-02-24
3918,CAMP_5ca4a2f6,Flash Bundle Blitz,2026-02-14,2026-03-25
3919,CAMP_5ca4a2f6,Flash Bundle Blitz,2026-02-21,2026-03-03
3920,CAMP_71790c70,Flash Bundle Blitz,2026-02-25,2026-03-19
3921,CAMP_568269e4,Loyalty Reward Drive,2026-01-31,2026-02-16
3922,CAMP_5ca4a2f6,Flash Bundle Blitz,2026-02-21,2026-03-01
3923,CAMP_6ec8dcc3,Flash Bundle Blitz,2026-02-05,2026-03-05
3924,CAMP_71790c70,Flash Bundle Blitz,2026-02-15,2026-03-11
3925,CAMP_568269e4,Loyalty Reward Drive,2026-02-15,2026-03-20
3926,CAMP_71790c70,Flash Bundle Blitz,2026-02-19,2026-04-12
3927,CAMP_6ec8dcc3,Flash Bundle Blitz,2026-01-25,2026-03-24
3928,CAMP_3a7188eb,Spring Data Boost,2026-02-12,2026-04-05
3929,CAMP_6ec8dcc3,Flash Bundle Blitz,2026-01-24,2026-02-23
3930,CAMP_71790c70,Flash Bundle Blitz,2026-01-09,2026-02-06
3931,CAMP_3a7188eb,Spring Data Boost,2026-02-16,2026-02-22
3932,CAMP_71790c70,Flash Bundle Blitz,2026-01-22,2026-03-20
3933,CAMP_5ca4a2f6,Flash Bundle Blitz,2026-01-18,2026-02-01
3934,CAMP_568269e4,Loyalty Reward Drive,2026-02-16,2026-04-02
3935,CAMP_568269e4,Loyalty Reward Drive,2026-02-14,2026-02-15
3936,CAMP_3a7188eb,Spring Data Boost,2026-01-24,2026-03-15
3937,CAMP_5ca4a2f6,Flash Bundle Blitz,2026-01-22,2026-02-08
3938,CAMP_71790c70,Flash Bundle Blitz,2026-01-17,2026-03-17
3939,CAMP_568269e4,Loyalty Reward Drive,2026-02-21,2026-04-04
3940,CAMP_71790c70,Flash Bundle Blitz,2026-02-18,2026-03-16
3941,CAMP_71790c70,Flash Bundle Blitz,2026-02-20,2026-03-15
3942,CAMP_3a7188eb,Spring Data Boost,2026-02-28,2026-03-07
3943,CAMP_3a7188eb,Spring Data Boost,2026-01-22,2026-03-10
3944,CAMP_568269e4,Loyalty Reward Drive,2026-02-23,2026-04-04
3945,CAMP_5ca4a2f6,Flash Bundle Blitz,2026-02-07,2026-03-24
3946,CAMP_5ca4a2f6,Flash Bundle Blitz,2026-01-27,2026-03-24
3947,CAMP_71790c70,Flash Bundle Blitz,2026-01-17,2026-03-18
3948,CAMP_71790c70,Flash Bundle Blitz,2026-02-24,2026-03-26
3949,CAMP_6ec8dcc3,Flash Bundle Blitz,2026-02-26,2026-04-10
3950,CAMP_5ca4a2f6,Flash Bundle Blitz,2026-01-17,2026-02-23
3951,CAMP_3a7188eb,Spring Data Boost,2026-02-16,2026-02-18
3952,CAMP_6ec8dcc3,Flash Bundle Blitz,2026-02-20,2026-04-04
3953,CAMP_568269e4,Loyalty Reward Drive,2026-01-15,2026-03-09
3954,CAMP_568269e4,Loyalty Reward Drive,2026-02-13,2026-03-05
3955,CAMP_6ec8dcc3,Flash Bundle Blitz,2026-01-27,2026-02-18
3956,CAMP_568269e4,Loyalty Reward Drive,2026-02-21,2026-03-17
3957,CAMP_6ec8dcc3,Flash Bundle Blitz,2026-02-03,2026-03-26
3958,CAMP_568269e4,Loyalty Reward Drive,2026-02-08,2026-03-03
3959,CAMP_71790c70,Flash Bundle Blitz,2026-02-12,2026-03-28
3960,CAMP_568269e4,Loyalty Reward Drive,2026-02-04,2026-03-02
3961,CAMP_3a7188eb,Spring Data Boost,2026-01-27,2026-03-28
3962,CAMP_6ec8dcc3,Flash Bundle Blitz,2026-02-25,2026-02-28
3963,CAMP_568269e4,Loyalty Reward Drive,2026-03-02,2026-03-25
3964,CAMP_6ec8dcc3,Flash Bundle Blitz,2026-01-13,2026-02-03
3965,CAMP_71790c70,Flash Bundle Blitz,2026-01-28,2026-03-10
3966,CAMP_71790c70,Flash Bundle Blitz,2026-02-01,2026-03-22
3967,CAMP_6ec8dcc3,Flash Bundle Blitz,2026-02-26,2026-04-02
3968,CAMP_6ec8dcc3,Flash Bundle Blitz,2026-02-05,2026-02-08
3969,CAMP_6ec8dcc3,Flash Bundle Blitz,2026-01-12,2026-02-10
3970,CAMP_5ca4a2f6,Flash Bundle Blitz,2026-02-20,2026-03-07
3971,CAMP_5ca4a2f6,Flash Bundle Blitz,2026-03-10,2026-03-25
3972,CAMP_71790c70,Flash Bundle Blitz,2026-01-20,2026-02-09
3973,CAMP_3a7188eb,Spring Data Boost,2026-01-24,2026-01-29
3974,CAMP_3a7188eb,Spring Data Boost,2026-01-11,2026-02-12
3975,CAMP_568269e4,Loyalty Reward Drive,2026-02-01,2026-02-03
3976,CAMP_568269e4,Loyalty Reward Drive,2026-01-26,2026-03-26
3977,CAMP_5ca4a2f6,Flash Bundle Blitz,2026-02-07,2026-03-26
3978,CAMP_5ca4a2f6,Flash Bundle Blitz,2026-02-24,2026-02-25
3979,CAMP_5ca4a2f6,Flash Bundle Blitz,2026-02-13,2026-03-20
3980,CAMP_5ca4a2f6,Flash Bundle Blitz,2026-02-04,2026-02-17
3981,CAMP_71790c70,Flash Bundle Blitz,2026-01-18,2026-02-06
3982,CAMP_568269e4,Loyalty Reward Drive,2026-02-03,2026-03-14
3983,CAMP_71790c70,Flash Bundle Blitz,2026-03-05,2026-03-21
3984,CAMP_71790c70,Flash Bundle Blitz,2026-02-04,2026-02-25
3985,CAMP_71790c70,Flash Bundle Blitz,2026-02-23,2026-03-29
3986,CAMP_71790c70,Flash Bundle Blitz,2026-02-20,2026-04-20
3987,CAMP_568269e4,Loyalty Reward Drive,2026-02-23,2026-04-01
3988,CAMP_71790c70,Flash Bundle Blitz,2026-02-27,2026-03-31
3989,CAMP_5ca4a2f6,Flash Bundle Blitz,2026-01-16,2026-01-24
3990,CAMP_71790c70,Flash Bundle Blitz,2026-02-18,2026-03-14
3991,CAMP_568269e4,Loyalty Reward Drive,2026-01-17,2026-02-28
3992,CAMP_5ca4a2f6,Flash Bundle Blitz,2026-02-04,2026-03-02
3993,CAMP_568269e4,Loyalty Reward Drive,2026-02-19,2026-03-29
3994,CAMP_3a7188eb,Spring Data Boost,2026-02-10,2026-03-07
3995,CAMP_568269e4,Loyalty Reward Drive,2026-02-07,2026-02-20
3996,CAMP_71790c70,Flash Bundle Blitz,2026-01-09,2026-01-28
3997,CAMP_71790c70,Flash Bundle Blitz,2026-01-10,2026-02-02
3998,CAMP_6ec8dcc3,Flash Bundle Blitz,2026-02-08,2026-03-25
3999,CAMP_6ec8dcc3,Flash Bundle Blitz,2026-02-19,2026-03-19
4000,CAMP_6ec8dcc3,Flash Bundle Blitz,2026-02-27,2026-03-17
4001,CAMP_71790c70,Flash Bundle Blitz,2026-01-28,2026-02-28
4002,CAMP_6ec8dcc3,Flash Bundle Blitz,2026-02-01,2026-02-19
4003,CAMP_568269e4,Loyalty Reward Drive,2026-02-18,2026-03-20
4004,CAMP_6ec8dcc3,Flash Bundle Blitz,2026-03-05,2026-04-04
4005,CAMP_6ec8dcc3,Flash Bundle Blitz,2026-03-07,2026-04-06
4006,CAMP_5ca4a2f6,Flash Bundle Blitz,2026-02-26,2026-04-10
4007,CAMP_3a7188eb,Spring Data Boost,2026-02-01,2026-02-09
4008,CAMP_3a7188eb,Spring Data Boost,2026-03-09,2026-05-01
4009,CAMP_6ec8dcc3,Flash Bundle Blitz,2026-02-16,2026-03-30
4010,CAMP_5ca4a2f6,Flash Bundle Blitz,2026-02-27,2026-03-05
4011,CAMP_5ca4a2f6,Flash Bundle Blitz,2026-01-24,2026-03-16
4012,CAMP_568269e4,Loyalty Reward Drive,2026-03-04,2026-03-15
4013,CAMP_5ca4a2f6,Flash Bundle Blitz,2026-01-22,2026-02-01
4014,CAMP_71790c70,Flash Bundle Blitz,2026-02-11,2026-02-17
4015,CAMP_568269e4,Loyalty Reward Drive,2026-02-27,2026-03-31
4016,CAMP_71790c70,Flash Bundle Blitz,2026-02-06,2026-04-04
4017,CAMP_71790c70,Flash Bundle Blitz,2026-02-23,2026-04-21
4018,CAMP_71790c70,Flash Bundle Blitz,2026-01-22,2026-03-04
4019,CAMP_5ca4a2f6,Flash Bundle Blitz,2026-01-31,2026-03-12
4020,CAMP_71790c70,Flash Bundle Blitz,2026-03-03,2026-03-22
4021,CAMP_6ec8dcc3,Flash Bundle Blitz,2026-01-13,2026-02-22
4022,CAMP_71790c70,Flash Bundle Blitz,2026-02-24,2026-03-18
4023,CAMP_6ec8dcc3,Flash Bundle Blitz,2026-02-09,2026-03-01
4024,CAMP_6ec8dcc3,Flash Bundle Blitz,2026-03-10,2026-03-22
4025,CAMP_71790c70,Flash Bundle Blitz,2026-01-28,2026-02-26
4026,CAMP_6ec8dcc3,Flash Bundle Blitz,2026-02-27,2026-04-16
4027,CAMP_5ca4a2f6,Flash Bundle Blitz,2026-01-17,2026-02-02
4028,CAMP_71790c70,Flash Bundle Blitz,2026-02-14,2026-02-15
4029,CAMP_568269e4,Loyalty Reward Drive,2026-01-10,2026-01-30
4030,CAMP_71790c70,Flash Bundle Blitz,2026-03-05,2026-03-17
4031,CAMP_5ca4a2f6,Flash Bundle Blitz,2026-01-21,2026-02-12
4032,CAMP_3a7188eb,Spring Data Boost,2026-03-04,2026-03-07
4033,CAMP_5ca4a2f6,Flash Bundle Blitz,2026-01-26,2026-02-08
4034,CAMP_568269e4,Loyalty Reward Drive,2026-01-21,2026-03-06
4035,CAMP_3a7188eb,Spring Data Boost,2026-03-06,2026-03-26
4036,CAMP_3a7188eb,Spring Data Boost,2026-01-19,2026-03-20
4037,CAMP_71790c70,Flash Bundle Blitz,2026-02-15,2026-02-25
4038,CAMP_71790c70,Flash Bundle Blitz,2026-02-24,2026-03-14
4039,CAMP_6ec8dcc3,Flash Bundle Blitz,2026-03-03,2026-03-10
4040,CAMP_6ec8dcc3,Flash Bundle Blitz,2026-02-28,2026-03-04
4041,CAMP_71790c70,Flash Bundle Blitz,2026-03-10,2026-05-05
4042,CAMP_71790c70,Flash Bundle Blitz,2026-02-08,2026-03-14
4043,CAMP_6ec8dcc3,Flash Bundle Blitz,2026-02-02,2026-02-18
4044,CAMP_71790c70,Flash Bundle Blitz,2026-01-23,2026-03-24
4045,CAMP_6ec8dcc3,Flash Bundle Blitz,2026-02-22,2026-04-09
4046,CAMP_5ca4a2f6,Flash Bundle Blitz,2026-02-20,2026-03-15
4047,CAMP_6ec8dcc3,Flash Bundle Blitz,2026-02-13,2026-02-23
4048,CAMP_5ca4a2f6,Flash Bundle Blitz,2026-02-04,2026-02-06
4049,CAMP_3a7188eb,Spring Data Boost,2026-02-23,2026-03-17
4050,CAMP_6ec8dcc3,Flash Bundle Blitz,2026-02-15,2026-04-07
4051,CAMP_6ec8dcc3,Flash Bundle Blitz,2026-02-04,2026-02-11
4052,CAMP_71790c70,Flash Bundle Blitz,2026-02-06,2026-03-15
4053,CAMP_568269e4,Loyalty Reward Drive,2026-02-17,2026-03-06
4054,CAMP_5ca4a2f6,Flash Bundle Blitz,2026-01-20,2026-03-15
4055,CAMP_6ec8dcc3,Flash Bundle Blitz,2026-02-08,2026-02-28
4056,CAMP_568269e4,Loyalty Reward Drive,2026-01-28,2026-02-13
4057,CAMP_5ca4a2f6,Flash Bundle Blitz,2026-02-07,2026-02-16
4058,CAMP_5ca4a2f6,Flash Bundle Blitz,2026-02-21,2026-03-25
4059,CAMP_6ec8dcc3,Flash Bundle Blitz,2026-02-21,2026-03-20
4060,CAMP_568269e4,Loyalty Reward Drive,2026-03-04,2026-04-21
4061,CAMP_3a7188eb,Spring Data Boost,2026-02-01,2026-02-14
4062,CAMP_568269e4,Loyalty Reward Drive,2026-01-21,2026-02-14
4063,CAMP_3a7188eb,Spring Data Boost,2026-02-24,2026-03-17
4064,CAMP_568269e4,Loyalty Reward Drive,2026-02-12,2026-03-30
4065,CAMP_5ca4a2f6,Flash Bundle Blitz,2026-02-13,2026-02-19
4066,CAMP_71790c70,Flash Bundle Blitz,2026-02-16,2026-04-12
4067,CAMP_71790c70,Flash Bundle Blitz,2026-02-27,2026-03-31
4068,CAMP_3a7188eb,Spring Data Boost,2026-01-22,2026-01-29
4069,CAMP_3a7188eb,Spring Data Boost,2026-02-04,2026-03-10
4070,CAMP_568269e4,Loyalty Reward Drive,2026-03-07,2026-04-25
4071,CAMP_5ca4a2f6,Flash Bundle Blitz,2026-02-26,2026-03-09
4072,CAMP_568269e4,Loyalty Reward Drive,2026-01-14,2026-01-28
4073,CAMP_568269e4,Loyalty Reward Drive,2026-01-22,2026-02-22
4074,CAMP_6ec8dcc3,Flash Bundle Blitz,2026-01-18,2026-02-24
4075,CAMP_6ec8dcc3,Flash Bundle Blitz,2026-03-07,2026-05-02
4076,CAMP_568269e4,Loyalty Reward Drive,2026-02-15,2026-04-02
4077,CAMP_568269e4,Loyalty Reward Drive,2026-02-27,2026-02-28
4078,CAMP_71790c70,Flash Bundle Blitz,2026-02-08,2026-02-16
4079,CAMP_71790c70,Flash Bundle Blitz,2026-02-02,2026-03-01
4080,CAMP_568269e4,Loyalty Reward Drive,2026-03-05,2026-03-26
4081,CAMP_71790c70,Flash Bundle Blitz,2026-01-23,2026-02-09
4082,CAMP_71790c70,Flash Bundle Blitz,2026-02-02,2026-02-03
4083,CAMP_71790c70,Flash Bundle Blitz,2026-03-07,2026-03-14
4084,CAMP_6ec8dcc3,Flash Bundle Blitz,2026-02-25,2026-04-01
4085,CAMP_71790c70,Flash Bundle Blitz,2026-03-10,2026-04-19
4086,CAMP_71790c70,Flash Bundle Blitz,2026-01-09,2026-02-11
4087,CAMP_5ca4a2f6,Flash Bundle Blitz,2026-02-02,2026-03-30
4088,CAMP_568269e4,Loyalty Reward Drive,2026-02-16,2026-03-11
4089,CAMP_6ec8dcc3,Flash Bundle Blitz,2026-02-21,2026-03-16
4090,CAMP_3a7188eb,Spring Data Boost,2026-02-13,2026-03-11
4091,CAMP_3a7188eb,Spring Data Boost,2026-02-24,2026-03-25
4092,CAMP_6ec8dcc3,Flash Bundle Blitz,2026-01-27,2026-03-19
4093,CAMP_568269e4,Loyalty Reward Drive,2026-01-15,2026-02-03
4094,CAMP_6ec8dcc3,Flash Bundle Blitz,2026-01-14,2026-02-20
4095,CAMP_5ca4a2f6,Flash Bundle Blitz,2026-01-15,2026-01-22
4096,CAMP_3a7188eb,Spring Data Boost,2026-02-22,2026-03-01
4097,CAMP_5ca4a2f6,Flash Bundle Blitz,2026-01-22,2026-02-13
4098,CAMP_568269e4,Loyalty Reward Drive,2026-02-08,2026-02-17
4099,CAMP_71790c70,Flash Bundle Blitz,2026-01-28,2026-03-17
4100,CAMP_5ca4a2f6,Flash Bundle Blitz,2026-01-28,2026-02-25
4101,CAMP_3a7188eb,Spring Data Boost,2026-03-03,2026-03-14
4102,CAMP_6ec8dcc3,Flash Bundle Blitz,2026-02-08,2026-02-25
4103,CAMP_5ca4a2f6,Flash Bundle Blitz,2026-01-11,2026-02-10
4104,CAMP_568269e4,Loyalty Reward Drive,2026-01-28,2026-03-04
4105,CAMP_71790c70,Flash Bundle Blitz,2026-01-20,2026-02-18
4106,CAMP_568269e4,Loyalty Reward Drive,2026-03-04,2026-04-08
4107,CAMP_71790c70,Flash Bundle Blitz,2026-01-23,2026-01-31
4108,CAMP_5ca4a2f6,Flash Bundle Blitz,2026-03-06,2026-05-03
4109,CAMP_3a7188eb,Spring Data Boost,2026-02-21,2026-03-06
4110,CAMP_71790c70,Flash Bundle Blitz,2026-02-26,2026-04-17
4111,CAMP_71790c70,Flash Bundle Blitz,2026-02-24,2026-03-27
4112,CAMP_568269e4,Loyalty Reward Drive,2026-01-23,2026-02-12
4113,CAMP_568269e4,Loyalty Reward Drive,2026-02-24,2026-03-13
4114,CAMP_6ec8dcc3,Flash Bundle Blitz,2026-03-05,2026-03-07
4115,CAMP_5ca4a2f6,Flash Bundle Blitz,2026-02-22,2026-03-08
4116,CAMP_6ec8dcc3,Flash Bundle Blitz,2026-02-24,2026-03-27
4117,CAMP_568269e4,Loyalty Reward Drive,2026-03-01,2026-03-31
4118,CAMP_6ec8dcc3,Flash Bundle Blitz,2026-01-11,2026-03-04
4119,CAMP_6ec8dcc3,Flash Bundle Blitz,2026-03-07,2026-04-25
4120,CAMP_3a7188eb,Spring Data Boost,2026-03-05,2026-04-29
4121,CAMP_568269e4,Loyalty Reward Drive,2026-02-07,2026-03-15
4122,CAMP_6ec8dcc3,Flash Bundle Blitz,2026-01-21,2026-03-01
4123,CAMP_71790c70,Flash Bundle Blitz,2026-03-05,2026-04-07
4124,CAMP_6ec8dcc3,Flash Bundle Blitz,2026-03-01,2026-03-04
4125,CAMP_568269e4,Loyalty Reward Drive,2026-02-04,2026-03-06
4126,CAMP_5ca4a2f6,Flash Bundle Blitz,2026-02-25,2026-03-02
4127,CAMP_71790c70,Flash Bundle Blitz,2026-02-03,2026-02-18
4128,CAMP_71790c70,Flash Bundle Blitz,2026-01-13,2026-02-26
4129,CAMP_5ca4a2f6,Flash Bundle Blitz,2026-02-19,2026-04-03
4130,CAMP_5ca4a2f6,Flash Bundle Blitz,2026-03-02,2026-04-20
4131,CAMP_3a7188eb,Spring Data Boost,2026-02-25,2026-02-28
4132,CAMP_568269e4,Loyalty Reward Drive,2026-02-23,2026-02-24
4133,CAMP_6ec8dcc3,Flash Bundle Blitz,2026-03-09,2026-03-22
4134,CAMP_5ca4a2f6,Flash Bundle Blitz,2026-02-19,2026-03-29
4135,CAMP_6ec8dcc3,Flash Bundle Blitz,2026-02-26,2026-04-25
4136,CAMP_5ca4a2f6,Flash Bundle Blitz,2026-02-14,2026-03-22
4137,CAMP_71790c70,Flash Bundle Blitz,2026-03-09,2026-04-24
4138,CAMP_6ec8dcc3,Flash Bundle Blitz,2026-03-10,2026-04-26
4139,CAMP_5ca4a2f6,Flash Bundle Blitz,2026-03-03,2026-03-07
4140,CAMP_5ca4a2f6,Flash Bundle Blitz,2026-02-01,2026-03-12
4141,CAMP_3a7188eb,Spring Data Boost,2026-02-26,2026-04-07
4142,CAMP_3a7188eb,Spring Data Boost,2026-01-18,2026-02-24
4143,CAMP_6ec8dcc3,Flash Bundle Blitz,2026-02-08,2026-02-22
4144,CAMP_3a7188eb,Spring Data Boost,2026-03-07,2026-05-03
4145,CAMP_6ec8dcc3,Flash Bundle Blitz,2026-03-06,2026-04-06
4146,CAMP_71790c70,Flash Bundle Blitz,2026-01-23,2026-03-06
4147,CAMP_568269e4,Loyalty Reward Drive,2026-02-06,2026-03-31
4148,CAMP_568269e4,Loyalty Reward Drive,2026-01-12,2026-02-18
4149,CAMP_5ca4a2f6,Flash Bundle Blitz,2026-01-12,2026-01-19
4150,CAMP_71790c70,Flash Bundle Blitz,2026-01-29,2026-02-07
4151,CAMP_6ec8dcc3,Flash Bundle Blitz,2026-02-24,2026-03-29
4152,CAMP_3a7188eb,Spring Data Boost,2026-01-23,2026-03-07
4153,CAMP_71790c70,Flash Bundle Blitz,2026-01-10,2026-03-07
4154,CAMP_568269e4,Loyalty Reward Drive,2026-01-15,2026-01-20
4155,CAMP_71790c70,Flash Bundle Blitz,2026-02-20,2026-03-14
4156,CAMP_568269e4,Loyalty Reward Drive,2026-01-24,2026-01-30
4157,CAMP_6ec8dcc3,Flash Bundle Blitz,2026-01-17,2026-02-12
4158,CAMP_3a7188eb,Spring Data Boost,2026-02-13,2026-03-07
4159,CAMP_6ec8dcc3,Flash Bundle Blitz,2026-02-22,2026-04-01
4160,CAMP_5ca4a2f6,Flash Bundle Blitz,2026-01-22,2026-03-08
4161,CAMP_5ca4a2f6,Flash Bundle Blitz,2026-02-21,2026-03-19
4162,CAMP_5ca4a2f6,Flash Bundle Blitz,2026-02-01,2026-02-14
4163,CAMP_568269e4,Loyalty Reward Drive,2026-02-07,2026-02-10
4164,CAMP_568269e4,Loyalty Reward Drive,2026-01-16,2026-02-22
4165,CAMP_71790c70,Flash Bundle Blitz,2026-02-17,2026-03-08
4166,CAMP_6ec8dcc3,Flash Bundle Blitz,2026-02-18,2026-03-21
4167,CAMP_5ca4a2f6,Flash Bundle Blitz,2026-01-18,2026-02-07
4168,CAMP_71790c70,Flash Bundle Blitz,2026-02-17,2026-03-18
4169,CAMP_5ca4a2f6,Flash Bundle Blitz,2026-02-18,2026-02-21
4170,CAMP_71790c70,Flash Bundle Blitz,2026-02-01,2026-03-23
4171,CAMP_3a7188eb,Spring Data Boost,2026-02-04,2026-03-16
4172,CAMP_3a7188eb,Spring Data Boost,2026-02-02,2026-03-23
4173,CAMP_3a7188eb,Spring Data Boost,2026-02-05,2026-03-30
4174,CAMP_6ec8dcc3,Flash Bundle Blitz,2026-02-12,2026-03-30
4175,CAMP_6ec8dcc3,Flash Bundle Blitz,2026-01-31,2026-03-27
4176,CAMP_6ec8dcc3,Flash Bundle Blitz,2026-01-18,2026-02-17
4177,CAMP_568269e4,Loyalty Reward Drive,2026-01-13,2026-02-25
4178,CAMP_5ca4a2f6,Flash Bundle Blitz,2026-01-12,2026-01-25
4179,CAMP_71790c70,Flash Bundle Blitz,2026-01-10,2026-01-16
4180,CAMP_6ec8dcc3,Flash Bundle Blitz,2026-01-24,2026-02-24
4181,CAMP_5ca4a2f6,Flash Bundle Blitz,2026-02-15,2026-03-09
4182,CAMP_3a7188eb,Spring Data Boost,2026-02-08,2026-03-28
4183,CAMP_568269e4,Loyalty Reward Drive,2026-03-05,2026-04-15
4184,CAMP_3a7188eb,Spring Data Boost,2026-02-17,2026-02-27
4185,CAMP_3a7188eb,Spring Data Boost,2026-03-02,2026-03-12
4186,CAMP_3a7188eb,Spring Data Boost,2026-02-13,2026-04-10
4187,CAMP_6ec8dcc3,Flash Bundle Blitz,2026-02-10,2026-03-01
4188,CAMP_3a7188eb,Spring Data Boost,2026-02-08,2026-03-01
4189,CAMP_568269e4,Loyalty Reward Drive,2026-01-30,2026-03-10
4190,CAMP_5ca4a2f6,Flash Bundle Blitz,2026-02-08,2026-03-17
4191,CAMP_5ca4a2f6,Flash Bundle Blitz,2026-03-01,2026-03-10
4192,CAMP_5ca4a2f6,Flash Bundle Blitz,2026-01-17,2026-01-28
4193,CAMP_71790c70,Flash Bundle Blitz,2026-02-01,2026-03-09
4194,CAMP_568269e4,Loyalty Reward Drive,2026-02-28,2026-03-02
4195,CAMP_71790c70,Flash Bundle Blitz,2026-02-22,2026-03-21
4196,CAMP_3a7188eb,Spring Data Boost,2026-01-09,2026-02-24
4197,CAMP_6ec8dcc3,Flash Bundle Blitz,2026-02-03,2026-03-19
4198,CAMP_6ec8dcc3,Flash Bundle Blitz,2026-01-30,2026-02-27
4199,CAMP_3a7188eb,Spring Data Boost,2026-01-26,2026-03-20
4200,CAMP_6ec8dcc3,Flash Bundle Blitz,2026-03-06,2026-03-16
4201,CAMP_71790c70,Flash Bundle Blitz,2026-03-04,2026-04-24
4202,CAMP_71790c70,Flash Bundle Blitz,2026-02-08,2026-02-13
4203,CAMP_568269e4,Loyalty Reward Drive,2026-03-04,2026-05-01
4204,CAMP_3a7188eb,Spring Data Boost,2026-02-16,2026-03-21
4205,CAMP_71790c70,Flash Bundle Blitz,2026-01-29,2026-01-30
4206,CAMP_5ca4a2f6,Flash Bundle Blitz,2026-02-02,2026-02-07
4207,CAMP_6ec8dcc3,Flash Bundle Blitz,2026-01-09,2026-02-04
4208,CAMP_5ca4a2f6,Flash Bundle Blitz,2026-02-13,2026-03-04
4209,CAMP_568269e4,Loyalty Reward Drive,2026-02-18,2026-04-03
4210,CAMP_71790c70,Flash Bundle Blitz,2026-03-01,2026-04-13
4211,CAMP_5ca4a2f6,Flash Bundle Blitz,2026-02-04,2026-02-10
4212,CAMP_6ec8dcc3,Flash Bundle Blitz,2026-02-10,2026-04-10
4213,CAMP_5ca4a2f6,Flash Bundle Blitz,2026-02-11,2026-04-05
4214,CAMP_3a7188eb,Spring Data Boost,2026-01-14,2026-03-14
4215,CAMP_6ec8dcc3,Flash Bundle Blitz,2026-01-09,2026-03-05
4216,CAMP_568269e4,Loyalty Reward Drive,2026-02-01,2026-02-04
4217,CAMP_71790c70,Flash Bundle Blitz,2026-02-04,2026-03-28
4218,CAMP_6ec8dcc3,Flash Bundle Blitz,2026-01-13,2026-02-09
4219,CAMP_568269e4,Loyalty Reward Drive,2026-02-02,2026-02-15
4220,CAMP_3a7188eb,Spring Data Boost,2026-03-04,2026-03-16
4221,CAMP_5ca4a2f6,Flash Bundle Blitz,2026-03-08,2026-03-13
4222,CAMP_71790c70,Flash Bundle Blitz,2026-01-27,2026-03-21
4223,CAMP_5ca4a2f6,Flash Bundle Blitz,2026-02-17,2026-03-24
4224,CAMP_6ec8dcc3,Flash Bundle Blitz,2026-02-24,2026-04-02
4225,CAMP_568269e4,Loyalty Reward Drive,2026-01-29,2026-02-02
4226,CAMP_71790c70,Flash Bundle Blitz,2026-02-19,2026-03-01
4227,CAMP_3a7188eb,Spring Data Boost,2026-03-05,2026-03-25
4228,CAMP_71790c70,Flash Bundle Blitz,2026-02-09,2026-02-17
4229,CAMP_71790c70,Flash Bundle Blitz,2026-01-30,2026-02-26
4230,CAMP_568269e4,Loyalty Reward Drive,2026-02-25,2026-03-21
4231,CAMP_3a7188eb,Spring Data Boost,2026-03-02,2026-04-19
4232,CAMP_6ec8dcc3,Flash Bundle Blitz,2026-01-12,2026-02-09
4233,CAMP_568269e4,Loyalty Reward Drive,2026-01-09,2026-02-11
4234,CAMP_71790c70,Flash Bundle Blitz,2026-02-22,2026-03-26
4235,CAMP_5ca4a2f6,Flash Bundle Blitz,2026-02-08,2026-03-24
4236,CAMP_5ca4a2f6,Flash Bundle Blitz,2026-02-22,2026-03-30
4237,CAMP_5ca4a2f6,Flash Bundle Blitz,2026-01-29,2026-03-11
4238,CAMP_71790c70,Flash Bundle Blitz,2026-02-20,2026-02-22
4239,CAMP_6ec8dcc3,Flash Bundle Blitz,2026-01-24,2026-02-13
4240,CAMP_568269e4,Loyalty Reward Drive,2026-01-17,2026-01-20
4241,CAMP_71790c70,Flash Bundle Blitz,2026-01-17,2026-02-23
4242,CAMP_6ec8dcc3,Flash Bundle Blitz,2026-03-02,2026-03-31
4243,CAMP_71790c70,Flash Bundle Blitz,2026-01-19,2026-03-03
4244,CAMP_3a7188eb,Spring Data Boost,2026-02-08,2026-03-22
4245,CAMP_3a7188eb,Spring Data Boost,2026-02-26,2026-04-22
4246,CAMP_6ec8dcc3,Flash Bundle Blitz,2026-03-04,2026-04-23
4247,CAMP_71790c70,Flash Bundle Blitz,2026-02-11,2026-02-14
4248,CAMP_568269e4,Loyalty Reward Drive,2026-02-26,2026-03-01
4249,CAMP_568269e4,Loyalty Reward Drive,2026-03-04,2026-04-19
4250,CAMP_5ca4a2f6,Flash Bundle Blitz,2026-02-17,2026-02-25
4251,CAMP_3a7188eb,Spring Data Boost,2026-02-08,2026-03-24
4252,CAMP_71790c70,Flash Bundle Blitz,2026-01-30,2026-03-06
4253,CAMP_3a7188eb,Spring Data Boost,2026-03-09,2026-04-05
4254,CAMP_3a7188eb,Spring Data Boost,2026-02-18,2026-03-07
4255,CAMP_6ec8dcc3,Flash Bundle Blitz,2026-02-28,2026-04-19
4256,CAMP_568269e4,Loyalty Reward Drive,2026-02-07,2026-02-16
4257,CAMP_568269e4,Loyalty Reward Drive,2026-03-01,2026-04-12
4258,CAMP_3a7188eb,Spring Data Boost,2026-03-10,2026-03-19
4259,CAMP_6ec8dcc3,Flash Bundle Blitz,2026-01-14,2026-02-26
4260,CAMP_5ca4a2f6,Flash Bundle Blitz,2026-03-10,2026-03-13
4261,CAMP_3a7188eb,Spring Data Boost,2026-03-05,2026-04-18
4262,CAMP_5ca4a2f6,Flash Bundle Blitz,2026-01-22,2026-02-23
4263,CAMP_3a7188eb,Spring Data Boost,2026-01-10,2026-01-27
4264,CAMP_568269e4,Loyalty Reward Drive,2026-02-14,2026-02-25
4265,CAMP_5ca4a2f6,Flash Bundle Blitz,2026-01-25,2026-03-01
4266,CAMP_568269e4,Loyalty Reward Drive,2026-01-20,2026-03-18
4267,CAMP_5ca4a2f6,Flash Bundle Blitz,2026-01-14,2026-03-15
4268,CAMP_568269e4,Loyalty Reward Drive,2026-02-28,2026-04-01
4269,CAMP_71790c70,Flash Bundle Blitz,2026-01-29,2026-03-26
4270,CAMP_568269e4,Loyalty Reward Drive,2026-01-12,2026-02-01
4271,CAMP_3a7188eb,Spring Data Boost,2026-01-30,2026-02-19
4272,CAMP_71790c70,Flash Bundle Blitz,2026-02-02,2026-02-04
4273,CAMP_71790c70,Flash Bundle Blitz,2026-02-01,2026-02-09
4274,CAMP_5ca4a2f6,Flash Bundle Blitz,2026-03-01,2026-03-12
4275,CAMP_5ca4a2f6,Flash Bundle Blitz,2026-02-05,2026-03-16
4276,CAMP_568269e4,Loyalty Reward Drive,2026-01-12,2026-02-14
4277,CAMP_5ca4a2f6,Flash Bundle Blitz,2026-02-04,2026-04-03
4278,CAMP_5ca4a2f6,Flash Bundle Blitz,2026-03-02,2026-04-26
4279,CAMP_6ec8dcc3,Flash Bundle Blitz,2026-02-27,2026-03-05
4280,CAMP_3a7188eb,Spring Data Boost,2026-02-02,2026-03-18
4281,CAMP_6ec8dcc3,Flash Bundle Blitz,2026-02-23,2026-03-17
4282,CAMP_3a7188eb,Spring Data Boost,2026-02-19,2026-03-22
4283,CAMP_568269e4,Loyalty Reward Drive,2026-01-30,2026-03-01
4284,CAMP_568269e4,Loyalty Reward Drive,2026-03-10,2026-04-23
4285,CAMP_71790c70,Flash Bundle Blitz,2026-03-08,2026-03-24
4286,CAMP_3a7188eb,Spring Data Boost,2026-01-27,2026-02-02
4287,CAMP_3a7188eb,Spring Data Boost,2026-02-22,2026-03-16
4288,CAMP_3a7188eb,Spring Data Boost,2026-01-30,2026-03-15
4289,CAMP_71790c70,Flash Bundle Blitz,2026-03-03,2026-03-06
4290,CAMP_5ca4a2f6,Flash Bundle Blitz,2026-01-09,2026-01-18
4291,CAMP_71790c70,Flash Bundle Blitz,2026-02-27,2026-04-27
4292,CAMP_3a7188eb,Spring Data Boost,2026-01-12,2026-02-26
4293,CAMP_3a7188eb,Spring Data Boost,2026-03-06,2026-03-16
4294,CAMP_3a7188eb,Spring Data Boost,2026-02-16,2026-02-26
4295,CAMP_568269e4,Loyalty Reward Drive,2026-03-02,2026-04-09
4296,CAMP_5ca4a2f6,Flash Bundle Blitz,2026-02-14,2026-03-04
4297,CAMP_568269e4,Loyalty Reward Drive,2026-02-21,2026-03-16
4298,CAMP_568269e4,Loyalty Reward Drive,2026-01-31,2026-02-22
4299,CAMP_568269e4,Loyalty Reward Drive,2026-03-10,2026-04-26
4300,CAMP_3a7188eb,Spring Data Boost,2026-02-24,2026-03-08
4301,CAMP_3a7188eb,Spring Data Boost,2026-03-02,2026-04-23
4302,CAMP_71790c70,Flash Bundle Blitz,2026-02-25,2026-02-28
4303,CAMP_5ca4a2f6,Flash Bundle Blitz,2026-02-24,2026-03-19
4304,CAMP_71790c70,Flash Bundle Blitz,2026-02-14,2026-03-21
4305,CAMP_71790c70,Flash Bundle Blitz,2026-01-19,2026-02-17
4306,CAMP_568269e4,Loyalty Reward Drive,2026-02-04,2026-03-13
4307,CAMP_6ec8dcc3,Flash Bundle Blitz,2026-03-05,2026-04-21
4308,CAMP_5ca4a2f6,Flash Bundle Blitz,2026-01-16,2026-02-12
4309,CAMP_6ec8dcc3,Flash Bundle Blitz,2026-01-09,2026-03-01
4310,CAMP_71790c70,Flash Bundle Blitz,2026-01-29,2026-02-15
4311,CAMP_6ec8dcc3,Flash Bundle Blitz,2026-01-23,2026-03-16
4312,CAMP_6ec8dcc3,Flash Bundle Blitz,2026-02-13,2026-03-18
4313,CAMP_568269e4,Loyalty Reward Drive,2026-02-05,2026-03-07
4314,CAMP_3a7188eb,Spring Data Boost,2026-02-05,2026-02-26
4315,CAMP_3a7188eb,Spring Data Boost,2026-02-07,2026-02-12
4316,CAMP_568269e4,Loyalty Reward Drive,2026-02-26,2026-04-16
4317,CAMP_3a7188eb,Spring Data Boost,2026-02-07,2026-03-31
4318,CAMP_5ca4a2f6,Flash Bundle Blitz,2026-01-16,2026-02-22
4319,CAMP_71790c70,Flash Bundle Blitz,2026-01-17,2026-03-17
4320,CAMP_71790c70,Flash Bundle Blitz,2026-02-12,2026-03-15
4321,CAMP_6ec8dcc3,Flash Bundle Blitz,2026-02-17,2026-04-12
4322,CAMP_3a7188eb,Spring Data Boost,2026-01-26,2026-03-23
4323,CAMP_71790c70,Flash Bundle Blitz,2026-02-06,2026-03-27
4324,CAMP_71790c70,Flash Bundle Blitz,2026-02-07,2026-03-25
4325,CAMP_5ca4a2f6,Flash Bundle Blitz,2026-02-07,2026-03-17
4326,CAMP_3a7188eb,Spring Data Boost,2026-01-29,2026-02-07
4327,CAMP_5ca4a2f6,Flash Bundle Blitz,2026-01-21,2026-02-26
4328,CAMP_5ca4a2f6,Flash Bundle Blitz,2026-01-16,2026-02-25
4329,CAMP_6ec8dcc3,Flash Bundle Blitz,2026-02-24,2026-04-06
4330,CAMP_6ec8dcc3,Flash Bundle Blitz,2026-01-27,2026-02-06
4331,CAMP_6ec8dcc3,Flash Bundle Blitz,2026-01-26,2026-03-26
4332,CAMP_6ec8dcc3,Flash Bundle Blitz,2026-01-28,2026-03-20
4333,CAMP_6ec8dcc3,Flash Bundle Blitz,2026-03-09,2026-03-14
4334,CAMP_568269e4,Loyalty Reward Drive,2026-01-23,2026-01-25
4335,CAMP_5ca4a2f6,Flash Bundle Blitz,2026-01-29,2026-02-02
4336,CAMP_5ca4a2f6,Flash Bundle Blitz,2026-02-03,2026-03-15
4337,CAMP_568269e4,Loyalty Reward Drive,2026-02-17,2026-03-06
4338,CAMP_3a7188eb,Spring Data Boost,2026-02-07,2026-02-25
4339,CAMP_5ca4a2f6,Flash Bundle Blitz,2026-01-27,2026-02-10
4340,CAMP_568269e4,Loyalty Reward Drive,2026-03-08,2026-04-18
4341,CAMP_6ec8dcc3,Flash Bundle Blitz,2026-01-27,2026-02-17
4342,CAMP_568269e4,Loyalty Reward Drive,2026-01-18,2026-02-25
4343,CAMP_71790c70,Flash Bundle Blitz,2026-01-29,2026-03-26
4344,CAMP_6ec8dcc3,Flash Bundle Blitz,2026-01-31,2026-02-10
4345,CAMP_71790c70,Flash Bundle Blitz,2026-02-22,2026-03-15
4346,CAMP_6ec8dcc3,Flash Bundle Blitz,2026-01-14,2026-02-24
4347,CAMP_6ec8dcc3,Flash Bundle Blitz,2026-02-08,2026-04-05
4348,CAMP_71790c70,Flash Bundle Blitz,2026-01-23,2026-02-16
4349,CAMP_6ec8dcc3,Flash Bundle Blitz,2026-01-23,2026-02-09
4350,CAMP_6ec8dcc3,Flash Bundle Blitz,2026-02-17,2026-03-27
4351,CAMP_568269e4,Loyalty Reward Drive,2026-02-02,2026-03-29
4352,CAMP_3a7188eb,Spring Data Boost,2026-02-02,2026-03-17
4353,CAMP_568269e4,Loyalty Reward Drive,2026-02-07,2026-04-07
4354,CAMP_6ec8dcc3,Flash Bundle Blitz,2026-02-15,2026-04-06
4355,CAMP_71790c70,Flash Bundle Blitz,2026-01-30,2026-02-07
4356,CAMP_3a7188eb,Spring Data Boost,2026-02-07,2026-03-23
4357,CAMP_5ca4a2f6,Flash Bundle Blitz,2026-03-05,2026-04-09
4358,CAMP_3a7188eb,Spring Data Boost,2026-01-21,2026-01-30
4359,CAMP_6ec8dcc3,Flash Bundle Blitz,2026-01-20,2026-02-24
4360,CAMP_568269e4,Loyalty Reward Drive,2026-01-29,2026-03-29
4361,CAMP_568269e4,Loyalty Reward Drive,2026-01-20,2026-03-13
4362,CAMP_568269e4,Loyalty Reward Drive,2026-03-05,2026-03-18
4363,CAMP_3a7188eb,Spring Data Boost,2026-03-07,2026-04-20
4364,CAMP_3a7188eb,Spring Data Boost,2026-02-15,2026-03-30
4365,CAMP_3a7188eb,Spring Data Boost,2026-03-07,2026-03-11
4366,CAMP_568269e4,Loyalty Reward Drive,2026-02-22,2026-04-07
4367,CAMP_5ca4a2f6,Flash Bundle Blitz,2026-01-11,2026-01-23
4368,CAMP_71790c70,Flash Bundle Blitz,2026-02-05,2026-03-17
4369,CAMP_3a7188eb,Spring Data Boost,2026-02-12,2026-03-13
4370,CAMP_3a7188eb,Spring Data Boost,2026-01-24,2026-02-14
4371,CAMP_3a7188eb,Spring Data Boost,2026-03-07,2026-05-01
4372,CAMP_568269e4,Loyalty Reward Drive,2026-01-29,2026-02-23
4373,CAMP_568269e4,Loyalty Reward Drive,2026-01-31,2026-02-15
4374,CAMP_6ec8dcc3,Flash Bundle Blitz,2026-02-09,2026-02-13
4375,CAMP_6ec8dcc3,Flash Bundle Blitz,2026-02-07,2026-02-20
4376,CAMP_568269e4,Loyalty Reward Drive,2026-03-06,2026-04-05
4377,CAMP_6ec8dcc3,Flash Bundle Blitz,2026-01-14,2026-02-16
4378,CAMP_3a7188eb,Spring Data Boost,2026-03-07,2026-03-08
4379,CAMP_5ca4a2f6,Flash Bundle Blitz,2026-01-15,2026-02-21
4380,CAMP_3a7188eb,Spring Data Boost,2026-03-08,2026-03-27
4381,CAMP_6ec8dcc3,Flash Bundle Blitz,2026-01-16,2026-02-22
4382,CAMP_5ca4a2f6,Flash Bundle Blitz,2026-02-13,2026-04-04
4383,CAMP_3a7188eb,Spring Data Boost,2026-01-28,2026-02-23
4384,CAMP_71790c70,Flash Bundle Blitz,2026-01-09,2026-01-18
4385,CAMP_6ec8dcc3,Flash Bundle Blitz,2026-02-28,2026-03-02
4386,CAMP_6ec8dcc3,Flash Bundle Blitz,2026-01-27,2026-03-22
4387,CAMP_568269e4,Loyalty Reward Drive,2026-02-28,2026-03-15
4388,CAMP_568269e4,Loyalty Reward Drive,2026-01-27,2026-02-22
4389,CAMP_6ec8dcc3,Flash Bundle Blitz,2026-02-27,2026-04-18
4390,CAMP_568269e4,Loyalty Reward Drive,2026-02-28,2026-04-21
4391,CAMP_3a7188eb,Spring Data Boost,2026-02-01,2026-02-19
4392,CAMP_71790c70,Flash Bundle Blitz,2026-01-29,2026-02-05
4393,CAMP_6ec8dcc3,Flash Bundle Blitz,2026-02-04,2026-03-07
4394,CAMP_568269e4,Loyalty Reward Drive,2026-01-14,2026-02-28
4395,CAMP_5ca4a2f6,Flash Bundle Blitz,2026-02-13,2026-03-30
4396,CAMP_3a7188eb,Spring Data Boost,2026-01-19,2026-02-22
4397,CAMP_6ec8dcc3,Flash Bundle Blitz,2026-01-18,2026-02-26
4398,CAMP_6ec8dcc3,Flash Bundle Blitz,2026-02-19,2026-03-13
4399,CAMP_568269e4,Loyalty Reward Drive,2026-01-10,2026-01-12
4400,CAMP_3a7188eb,Spring Data Boost,2026-01-25,2026-02-27
4401,CAMP_3a7188eb,Spring Data Boost,2026-03-07,2026-04-05
4402,CAMP_568269e4,Loyalty Reward Drive,2026-01-09,2026-02-08
4403,CAMP_5ca4a2f6,Flash Bundle Blitz,2026-02-03,2026-04-04
4404,CAMP_6ec8dcc3,Flash Bundle Blitz,2026-01-19,2026-02-04
4405,CAMP_6ec8dcc3,Flash Bundle Blitz,2026-01-21,2026-03-04
4406,CAMP_6ec8dcc3,Flash Bundle Blitz,2026-02-03,2026-03-31
4407,CAMP_568269e4,Loyalty Reward Drive,2026-02-02,2026-02-06
4408,CAMP_568269e4,Loyalty Reward Drive,2026-01-17,2026-03-16
4409,CAMP_3a7188eb,Spring Data Boost,2026-01-09,2026-02-09
4410,CAMP_71790c70,Flash Bundle Blitz,2026-01-11,2026-02-24
4411,CAMP_568269e4,Loyalty Reward Drive,2026-01-15,2026-01-24
4412,CAMP_568269e4,Loyalty Reward Drive,2026-01-19,2026-01-26
4413,CAMP_568269e4,Loyalty Reward Drive,2026-02-17,2026-02-27
4414,CAMP_71790c70,Flash Bundle Blitz,2026-02-26,2026-03-07
4415,CAMP_5ca4a2f6,Flash Bundle Blitz,2026-01-21,2026-02-10
4416,CAMP_6ec8dcc3,Flash Bundle Blitz,2026-02-02,2026-03-14
4417,CAMP_5ca4a2f6,Flash Bundle Blitz,2026-02-22,2026-03-12
4418,CAMP_3a7188eb,Spring Data Boost,2026-02-11,2026-02-13
4419,CAMP_3a7188eb,Spring Data Boost,2026-02-04,2026-02-13
4420,CAMP_3a7188eb,Spring Data Boost,2026-02-15,2026-03-06
4421,CAMP_3a7188eb,Spring Data Boost,2026-02-18,2026-03-10
4422,CAMP_5ca4a2f6,Flash Bundle Blitz,2026-02-06,2026-03-16
4423,CAMP_5ca4a2f6,Flash Bundle Blitz,2026-01-29,2026-03-08
4424,CAMP_5ca4a2f6,Flash Bundle Blitz,2026-02-15,2026-03-31
4425,CAMP_568269e4,Loyalty Reward Drive,2026-03-02,2026-04-18
4426,CAMP_3a7188eb,Spring Data Boost,2026-02-16,2026-03-15
4427,CAMP_568269e4,Loyalty Reward Drive,2026-02-23,2026-04-19
4428,CAMP_71790c70,Flash Bundle Blitz,2026-02-02,2026-03-23
4429,CAMP_5ca4a2f6,Flash Bundle Blitz,2026-01-12,2026-01-28
4430,CAMP_568269e4,Loyalty Reward Drive,2026-03-04,2026-04-06
4431,CAMP_6ec8dcc3,Flash Bundle Blitz,2026-01-12,2026-03-02
4432,CAMP_568269e4,Loyalty Reward Drive,2026-02-26,2026-04-09
4433,CAMP_568269e4,Loyalty Reward Drive,2026-01-13,2026-03-08
4434,CAMP_71790c70,Flash Bundle Blitz,2026-02-12,2026-04-12
4435,CAMP_6ec8dcc3,Flash Bundle Blitz,2026-02-27,2026-04-03
4436,CAMP_5ca4a2f6,Flash Bundle Blitz,2026-03-04,2026-04-25
4437,CAMP_6ec8dcc3,Flash Bundle Blitz,2026-01-31,2026-03-18
4438,CAMP_6ec8dcc3,Flash Bundle Blitz,2026-02-09,2026-03-15
4439,CAMP_5ca4a2f6,Flash Bundle Blitz,2026-01-24,2026-02-17
4440,CAMP_568269e4,Loyalty Reward Drive,2026-02-14,2026-03-17
4441,CAMP_568269e4,Loyalty Reward Drive,2026-01-17,2026-01-28
4442,CAMP_568269e4,Loyalty Reward Drive,2026-02-19,2026-03-10
4443,CAMP_3a7188eb,Spring Data Boost,2026-02-24,2026-03-05
4444,CAMP_568269e4,Loyalty Reward Drive,2026-01-29,2026-03-06
4445,CAMP_6ec8dcc3,Flash Bundle Blitz,2026-01-12,2026-01-29
4446,CAMP_3a7188eb,Spring Data Boost,2026-01-17,2026-01-30
4447,CAMP_71790c70,Flash Bundle Blitz,2026-02-08,2026-04-09
4448,CAMP_5ca4a2f6,Flash Bundle Blitz,2026-02-21,2026-04-01
4449,CAMP_3a7188eb,Spring Data Boost,2026-02-17,2026-02-18
4450,CAMP_71790c70,Flash Bundle Blitz,2026-02-12,2026-02-28
4451,CAMP_5ca4a2f6,Flash Bundle Blitz,2026-02-17,2026-03-16
4452,CAMP_568269e4,Loyalty Reward Drive,2026-02-12,2026-03-28
4453,CAMP_568269e4,Loyalty Reward Drive,2026-01-21,2026-02-25
4454,CAMP_3a7188eb,Spring Data Boost,2026-03-02,2026-04-24
4455,CAMP_3a7188eb,Spring Data Boost,2026-01-22,2026-03-22
4456,CAMP_6ec8dcc3,Flash Bundle Blitz,2026-03-08,2026-04-25
4457,CAMP_568269e4,Loyalty Reward Drive,2026-02-28,2026-04-19
4458,CAMP_3a7188eb,Spring Data Boost,2026-01-13,2026-02-05
4459,CAMP_568269e4,Loyalty Reward Drive,2026-01-18,2026-02-22
4460,CAMP_6ec8dcc3,Flash Bundle Blitz,2026-02-12,2026-03-14
4461,CAMP_71790c70,Flash Bundle Blitz,2026-02-19,2026-03-26
4462,CAMP_3a7188eb,Spring Data Boost,2026-02-02,2026-03-18
4463,CAMP_71790c70,Flash Bundle Blitz,2026-01-14,2026-02-23
4464,CAMP_568269e4,Loyalty Reward Drive,2026-02-24,2026-02-27
4465,CAMP_5ca4a2f6,Flash Bundle Blitz,2026-01-14,2026-02-24
4466,CAMP_568269e4,Loyalty Reward Drive,2026-03-03,2026-03-27
4467,CAMP_5ca4a2f6,Flash Bundle Blitz,2026-02-17,2026-04-05
4468,CAMP_5ca4a2f6,Flash Bundle Blitz,2026-02-20,2026-03-08
4469,CAMP_71790c70,Flash Bundle Blitz,2026-01-23,2026-02-25
4470,CAMP_71790c70,Flash Bundle Blitz,2026-01-25,2026-03-16
4471,CAMP_6ec8dcc3,Flash Bundle Blitz,2026-02-20,2026-04-04
4472,CAMP_6ec8dcc3,Flash Bundle Blitz,2026-02-25,2026-04-17
4473,CAMP_71790c70,Flash Bundle Blitz,2026-01-31,2026-02-26
4474,CAMP_3a7188eb,Spring Data Boost,2026-03-09,2026-04-12
4475,CAMP_5ca4a2f6,Flash Bundle Blitz,2026-01-19,2026-02-19
4476,CAMP_568269e4,Loyalty Reward Drive,2026-01-25,2026-01-29
4477,CAMP_3a7188eb,Spring Data Boost,2026-03-09,2026-03-26
4478,CAMP_6ec8dcc3,Flash Bundle Blitz,2026-02-06,2026-04-01
4479,CAMP_71790c70,Flash Bundle Blitz,2026-01-17,2026-01-18
4480,CAMP_5ca4a2f6,Flash Bundle Blitz,2026-02-24,2026-03-09
4481,CAMP_3a7188eb,Spring Data Boost,2026-02-04,2026-04-04
4482,CAMP_71790c70,Flash Bundle Blitz,2026-03-08,2026-04-20
4483,CAMP_5ca4a2f6,Flash Bundle Blitz,2026-02-22,2026-04-09
4484,CAMP_3a7188eb,Spring Data Boost,2026-01-31,2026-03-26
4485,CAMP_5ca4a2f6,Flash Bundle Blitz,2026-03-07,2026-03-24
4486,CAMP_568269e4,Loyalty Reward Drive,2026-02-14,2026-03-08
4487,CAMP_5ca4a2f6,Flash Bundle Blitz,2026-02-16,2026-03-28
4488,CAMP_3a7188eb,Spring Data Boost,2026-01-12,2026-03-10
4489,CAMP_3a7188eb,Spring Data Boost,2026-01-22,2026-02-23
4490,CAMP_71790c70,Flash Bundle Blitz,2026-02-23,2026-04-13
4491,CAMP_3a7188eb,Spring Data Boost,2026-03-04,2026-04-13
4492,CAMP_3a7188eb,Spring Data Boost,2026-01-24,2026-03-10
4493,CAMP_568269e4,Loyalty Reward Drive,2026-02-21,2026-03-12
4494,CAMP_5ca4a2f6,Flash Bundle Blitz,2026-01-19,2026-03-13
4495,CAMP_568269e4,Loyalty Reward Drive,2026-01-10,2026-03-02
4496,CAMP_568269e4,Loyalty Reward Drive,2026-02-09,2026-03-01
4497,CAMP_3a7188eb,Spring Data Boost,2026-03-07,2026-03-09
4498,CAMP_71790c70,Flash Bundle Blitz,2026-02-07,2026-03-11
4499,CAMP_568269e4,Loyalty Reward Drive,2026-02-09,2026-02-19
4500,CAMP_71790c70,Flash Bundle Blitz,2026-03-10,2026-04-02
4501,CAMP_6ec8dcc3,Flash Bundle Blitz,2026-01-23,2026-01-24
4502,CAMP_568269e4,Loyalty Reward Drive,2026-02-21,2026-03-27
4503,CAMP_3a7188eb,Spring Data Boost,2026-01-15,2026-01-20
4504,CAMP_71790c70,Flash Bundle Blitz,2026-01-22,2026-02-09
4505,CAMP_568269e4,Loyalty Reward Drive,2026-02-08,2026-04-04
4506,CAMP_71790c70,Flash Bundle Blitz,2026-02-12,2026-03-20
4507,CAMP_5ca4a2f6,Flash Bundle Blitz,2026-02-27,2026-04-16
4508,CAMP_568269e4,Loyalty Reward Drive,2026-03-10,2026-03-26
4509,CAMP_3a7188eb,Spring Data Boost,2026-02-02,2026-02-08
4510,CAMP_5ca4a2f6,Flash Bundle Blitz,2026-03-02,2026-03-24
4511,CAMP_6ec8dcc3,Flash Bundle Blitz,2026-02-03,2026-03-10
4512,CAMP_5ca4a2f6,Flash Bundle Blitz,2026-01-27,2026-02-13
4513,CAMP_5ca4a2f6,Flash Bundle Blitz,2026-02-24,2026-04-09
4514,CAMP_568269e4,Loyalty Reward Drive,2026-02-16,2026-02-26
4515,CAMP_5ca4a2f6,Flash Bundle Blitz,2026-02-15,2026-03-09
4516,CAMP_6ec8dcc3,Flash Bundle Blitz,2026-01-18,2026-03-04
4517,CAMP_568269e4,Loyalty Reward Drive,2026-01-21,2026-02-12
4518,CAMP_568269e4,Loyalty Reward Drive,2026-01-26,2026-03-07
4519,CAMP_5ca4a2f6,Flash Bundle Blitz,2026-03-02,2026-03-24
4520,CAMP_5ca4a2f6,Flash Bundle Blitz,2026-02-07,2026-03-02
4521,CAMP_71790c70,Flash Bundle Blitz,2026-02-05,2026-03-27
4522,CAMP_568269e4,Loyalty Reward Drive,2026-01-10,2026-02-28
4523,CAMP_5ca4a2f6,Flash Bundle Blitz,2026-01-25,2026-02-28
4524,CAMP_3a7188eb,Spring Data Boost,2026-01-13,2026-03-04
4525,CAMP_6ec8dcc3,Flash Bundle Blitz,2026-02-27,2026-03-31
4526,CAMP_6ec8dcc3,Flash Bundle Blitz,2026-02-01,2026-02-26
4527,CAMP_568269e4,Loyalty Reward Drive,2026-03-08,2026-04-26
4528,CAMP_568269e4,Loyalty Reward Drive,2026-02-01,2026-02-20
4529,CAMP_5ca4a2f6,Flash Bundle Blitz,2026-02-08,2026-02-28
4530,CAMP_568269e4,Loyalty Reward Drive,2026-02-01,2026-03-13
4531,CAMP_71790c70,Flash Bundle Blitz,2026-03-02,2026-03-06
4532,CAMP_3a7188eb,Spring Data Boost,2026-01-19,2026-01-20
4533,CAMP_568269e4,Loyalty Reward Drive,2026-01-31,2026-03-10
4534,CAMP_568269e4,Loyalty Reward Drive,2026-03-10,2026-03-29
4535,CAMP_71790c70,Flash Bundle Blitz,2026-03-01,2026-04-26
4536,CAMP_6ec8dcc3,Flash Bundle Blitz,2026-01-10,2026-02-05
4537,CAMP_5ca4a2f6,Flash Bundle Blitz,2026-03-10,2026-05-02
4538,CAMP_3a7188eb,Spring Data Boost,2026-02-26,2026-04-07
4539,CAMP_5ca4a2f6,Flash Bundle Blitz,2026-02-15,2026-03-13
4540,CAMP_71790c70,Flash Bundle Blitz,2026-01-30,2026-02-27
4541,CAMP_6ec8dcc3,Flash Bundle Blitz,2026-02-23,2026-03-16
4542,CAMP_5ca4a2f6,Flash Bundle Blitz,2026-03-02,2026-03-20
4543,CAMP_71790c70,Flash Bundle Blitz,2026-02-09,2026-03-08
4544,CAMP_71790c70,Flash Bundle Blitz,2026-01-29,2026-03-05
4545,CAMP_6ec8dcc3,Flash Bundle Blitz,2026-02-11,2026-03-27
4546,CAMP_71790c70,Flash Bundle Blitz,2026-02-12,2026-02-25
4547,CAMP_5ca4a2f6,Flash Bundle Blitz,2026-02-08,2026-03-17
4548,CAMP_5ca4a2f6,Flash Bundle Blitz,2026-02-25,2026-03-18
4549,CAMP_5ca4a2f6,Flash Bundle Blitz,2026-01-30,2026-02-23
4550,CAMP_5ca4a2f6,Flash Bundle Blitz,2026-01-31,2026-02-19
4551,CAMP_3a7188eb,Spring Data Boost,2026-01-26,2026-02-12
4552,CAMP_6ec8dcc3,Flash Bundle Blitz,2026-02-06,2026-02-12
4553,CAMP_6ec8dcc3,Flash Bundle Blitz,2026-01-29,2026-01-31
4554,CAMP_3a7188eb,Spring Data Boost,2026-02-20,2026-04-17
4555,CAMP_71790c70,Flash Bundle Blitz,2026-02-27,2026-03-23
4556,CAMP_71790c70,Flash Bundle Blitz,2026-02-21,2026-03-15
4557,CAMP_3a7188eb,Spring Data Boost,2026-02-03,2026-02-23
4558,CAMP_568269e4,Loyalty Reward Drive,2026-02-27,2026-03-09
4559,CAMP_5ca4a2f6,Flash Bundle Blitz,2026-02-13,2026-02-22
4560,CAMP_3a7188eb,Spring Data Boost,2026-01-26,2026-03-27
4561,CAMP_568269e4,Loyalty Reward Drive,2026-02-05,2026-03-28
4562,CAMP_568269e4,Loyalty Reward Drive,2026-03-04,2026-03-11
4563,CAMP_3a7188eb,Spring Data Boost,2026-03-07,2026-05-03
4564,CAMP_3a7188eb,Spring Data Boost,2026-02-02,2026-03-23
4565,CAMP_3a7188eb,Spring Data Boost,2026-01-28,2026-02-23
4566,CAMP_3a7188eb,Spring Data Boost,2026-02-17,2026-03-02
4567,CAMP_6ec8dcc3,Flash Bundle Blitz,2026-03-05,2026-04-20
4568,CAMP_3a7188eb,Spring Data Boost,2026-02-17,2026-02-24
4569,CAMP_71790c70,Flash Bundle Blitz,2026-01-19,2026-02-27
4570,CAMP_3a7188eb,Spring Data Boost,2026-01-14,2026-02-05
4571,CAMP_5ca4a2f6,Flash Bundle Blitz,2026-02-01,2026-02-06
4572,CAMP_5ca4a2f6,Flash Bundle Blitz,2026-02-02,2026-02-09
4573,CAMP_568269e4,Loyalty Reward Drive,2026-03-03,2026-04-13
4574,CAMP_71790c70,Flash Bundle Blitz,2026-02-16,2026-02-17
4575,CAMP_5ca4a2f6,Flash Bundle Blitz,2026-02-15,2026-04-09
4576,CAMP_568269e4,Loyalty Reward Drive,2026-01-14,2026-01-31
4577,CAMP_3a7188eb,Spring Data Boost,2026-03-10,2026-04-06
4578,CAMP_6ec8dcc3,Flash Bundle Blitz,2026-02-04,2026-02-12
4579,CAMP_3a7188eb,Spring Data Boost,2026-02-27,2026-04-20
4580,CAMP_3a7188eb,Spring Data Boost,2026-01-18,2026-02-10
4581,CAMP_5ca4a2f6,Flash Bundle Blitz,2026-01-11,2026-02-20
4582,CAMP_568269e4,Loyalty Reward Drive,2026-01-25,2026-03-20
4583,CAMP_71790c70,Flash Bundle Blitz,2026-02-04,2026-02-25
4584,CAMP_71790c70,Flash Bundle Blitz,2026-02-23,2026-02-26
4585,CAMP_568269e4,Loyalty Reward Drive,2026-01-24,2026-02-15
4586,CAMP_6ec8dcc3,Flash Bundle Blitz,2026-01-16,2026-01-26
4587,CAMP_71790c70,Flash Bundle Blitz,2026-03-09,2026-03-30
4588,CAMP_568269e4,Loyalty Reward Drive,2026-03-08,2026-03-10
4589,CAMP_568269e4,Loyalty Reward Drive,2026-02-01,2026-02-24
4590,CAMP_568269e4,Loyalty Reward Drive,2026-02-25,2026-03-31
4591,CAMP_5ca4a2f6,Flash Bundle Blitz,2026-01-27,2026-02-25
4592,CAMP_5ca4a2f6,Flash Bundle Blitz,2026-01-31,2026-02-18
4593,CAMP_71790c70,Flash Bundle Blitz,2026-02-14,2026-03-18
4594,CAMP_71790c70,Flash Bundle Blitz,2026-03-04,2026-04-09
4595,CAMP_3a7188eb,Spring Data Boost,2026-01-15,2026-01-31
4596,CAMP_5ca4a2f6,Flash Bundle Blitz,2026-02-09,2026-04-03
4597,CAMP_3a7188eb,Spring Data Boost,2026-02-27,2026-03-08
4598,CAMP_5ca4a2f6,Flash Bundle Blitz,2026-02-10,2026-03-25
4599,CAMP_5ca4a2f6,Flash Bundle Blitz,2026-01-27,2026-03-07
4600,CAMP_568269e4,Loyalty Reward Drive,2026-02-14,2026-04-08
4601,CAMP_6ec8dcc3,Flash Bundle Blitz,2026-01-20,2026-02-03
4602,CAMP_5ca4a2f6,Flash Bundle Blitz,2026-02-17,2026-02-23
4603,CAMP_6ec8dcc3,Flash Bundle Blitz,2026-02-15,2026-03-07
4604,CAMP_6ec8dcc3,Flash Bundle Blitz,2026-02-14,2026-03-11
4605,CAMP_3a7188eb,Spring Data Boost,2026-01-16,2026-02-25
4606,CAMP_3a7188eb,Spring Data Boost,2026-02-05,2026-03-09
4607,CAMP_71790c70,Flash Bundle Blitz,2026-02-18,2026-02-22
4608,CAMP_568269e4,Loyalty Reward Drive,2026-02-15,2026-03-19
4609,CAMP_6ec8dcc3,Flash Bundle Blitz,2026-02-23,2026-02-28
4610,CAMP_3a7188eb,Spring Data Boost,2026-02-11,2026-03-04
4611,CAMP_3a7188eb,Spring Data Boost,2026-02-22,2026-04-11
4612,CAMP_71790c70,Flash Bundle Blitz,2026-02-28,2026-03-26
4613,CAMP_3a7188eb,Spring Data Boost,2026-03-01,2026-03-25
4614,CAMP_568269e4,Loyalty Reward Drive,2026-01-13,2026-01-23
4615,CAMP_71790c70,Flash Bundle Blitz,2026-03-02,2026-04-15
4616,CAMP_3a7188eb,Spring Data Boost,2026-02-06,2026-03-24
4617,CAMP_5ca4a2f6,Flash Bundle Blitz,2026-01-18,2026-02-24
4618,CAMP_568269e4,Loyalty Reward Drive,2026-03-08,2026-04-19
4619,CAMP_71790c70,Flash Bundle Blitz,2026-01-27,2026-03-21
4620,CAMP_3a7188eb,Spring Data Boost,2026-03-10,2026-04-23
4621,CAMP_6ec8dcc3,Flash Bundle Blitz,2026-02-14,2026-02-20
4622,CAMP_5ca4a2f6,Flash Bundle Blitz,2026-02-21,2026-03-22
4623,CAMP_568269e4,Loyalty Reward Drive,2026-01-18,2026-02-04
4624,CAMP_5ca4a2f6,Flash Bundle Blitz,2026-03-07,2026-03-09
4625,CAMP_6ec8dcc3,Flash Bundle Blitz,2026-01-16,2026-02-14
4626,CAMP_6ec8dcc3,Flash Bundle Blitz,2026-01-17,2026-02-14
4627,CAMP_6ec8dcc3,Flash Bundle Blitz,2026-02-08,2026-02-19
4628,CAMP_568269e4,Loyalty Reward Drive,2026-02-21,2026-02-22
4629,CAMP_5ca4a2f6,Flash Bundle Blitz,2026-02-25,2026-04-10
4630,CAMP_568269e4,Loyalty Reward Drive,2026-01-18,2026-01-21
4631,CAMP_3a7188eb,Spring Data Boost,2026-01-19,2026-02-26
4632,CAMP_3a7188eb,Spring Data Boost,2026-03-10,2026-03-11
4633,CAMP_71790c70,Flash Bundle Blitz,2026-02-19,2026-04-11
4634,CAMP_568269e4,Loyalty Reward Drive,2026-01-09,2026-02-16
4635,CAMP_3a7188eb,Spring Data Boost,2026-02-20,2026-02-22
4636,CAMP_3a7188eb,Spring Data Boost,2026-02-10,2026-04-10
4637,CAMP_5ca4a2f6,Flash Bundle Blitz,2026-01-12,2026-01-22
4638,CAMP_3a7188eb,Spring Data Boost,2026-02-04,2026-03-24
4639,CAMP_71790c70,Flash Bundle Blitz,2026-02-10,2026-02-23
4640,CAMP_71790c70,Flash Bundle Blitz,2026-02-14,2026-04-04
4641,CAMP_6ec8dcc3,Flash Bundle Blitz,2026-01-28,2026-02-07
4642,CAMP_6ec8dcc3,Flash Bundle Blitz,2026-01-11,2026-02-08
4643,CAMP_6ec8dcc3,Flash Bundle Blitz,2026-02-28,2026-03-05
4644,CAMP_5ca4a2f6,Flash Bundle Blitz,2026-02-14,2026-02-17
4645,CAMP_5ca4a2f6,Flash Bundle Blitz,2026-01-30,2026-02-06
4646,CAMP_3a7188eb,Spring Data Boost,2026-01-30,2026-02-10
4647,CAMP_568269e4,Loyalty Reward Drive,2026-02-26,2026-03-17
4648,CAMP_6ec8dcc3,Flash Bundle Blitz,2026-02-19,2026-02-26
4649,CAMP_71790c70,Flash Bundle Blitz,2026-02-14,2026-03-15
4650,CAMP_5ca4a2f6,Flash Bundle Blitz,2026-02-08,2026-04-09
4651,CAMP_71790c70,Flash Bundle Blitz,2026-02-16,2026-02-23
4652,CAMP_3a7188eb,Spring Data Boost,2026-01-26,2026-02-26
4653,CAMP_6ec8dcc3,Flash Bundle Blitz,2026-02-14,2026-03-25
4654,CAMP_6ec8dcc3,Flash Bundle Blitz,2026-01-23,2026-03-15
4655,CAMP_568269e4,Loyalty Reward Drive,2026-02-13,2026-03-28
4656,CAMP_5ca4a2f6,Flash Bundle Blitz,2026-01-13,2026-01-25
4657,CAMP_6ec8dcc3,Flash Bundle Blitz,2026-02-03,2026-03-22
4658,CAMP_568269e4,Loyalty Reward Drive,2026-01-30,2026-03-03
4659,CAMP_5ca4a2f6,Flash Bundle Blitz,2026-01-25,2026-01-27
4660,CAMP_71790c70,Flash Bundle Blitz,2026-02-06,2026-03-14
4661,CAMP_6ec8dcc3,Flash Bundle Blitz,2026-03-04,2026-03-26
4662,CAMP_6ec8dcc3,Flash Bundle Blitz,2026-02-23,2026-02-24
4663,CAMP_3a7188eb,Spring Data Boost,2026-02-13,2026-04-03
4664,CAMP_568269e4,Loyalty Reward Drive,2026-02-13,2026-03-31
4665,CAMP_568269e4,Loyalty Reward Drive,2026-01-17,2026-02-13
4666,CAMP_5ca4a2f6,Flash Bundle Blitz,2026-02-17,2026-03-27
4667,CAMP_5ca4a2f6,Flash Bundle Blitz,2026-01-26,2026-02-23
4668,CAMP_5ca4a2f6,Flash Bundle Blitz,2026-02-15,2026-02-28
4669,CAMP_5ca4a2f6,Flash Bundle Blitz,2026-02-17,2026-03-07
4670,CAMP_6ec8dcc3,Flash Bundle Blitz,2026-01-11,2026-01-17
4671,CAMP_3a7188eb,Spring Data Boost,2026-02-03,2026-03-28
4672,CAMP_3a7188eb,Spring Data Boost,2026-01-14,2026-03-12
4673,CAMP_6ec8dcc3,Flash Bundle Blitz,2026-02-17,2026-02-23
4674,CAMP_568269e4,Loyalty Reward Drive,2026-01-22,2026-03-22
4675,CAMP_5ca4a2f6,Flash Bundle Blitz,2026-02-04,2026-03-09
4676,CAMP_6ec8dcc3,Flash Bundle Blitz,2026-02-09,2026-03-26
4677,CAMP_5ca4a2f6,Flash Bundle Blitz,2026-02-17,2026-02-26
4678,CAMP_3a7188eb,Spring Data Boost,2026-03-04,2026-03-31
4679,CAMP_71790c70,Flash Bundle Blitz,2026-02-07,2026-04-03
4680,CAMP_5ca4a2f6,Flash Bundle Blitz,2026-02-17,2026-03-28
4681,CAMP_5ca4a2f6,Flash Bundle Blitz,2026-01-18,2026-02-21
4682,CAMP_71790c70,Flash Bundle Blitz,2026-02-24,2026-04-18
4683,CAMP_3a7188eb,Spring Data Boost,2026-02-26,2026-04-14
4684,CAMP_5ca4a2f6,Flash Bundle Blitz,2026-01-10,2026-02-01
4685,CAMP_3a7188eb,Spring Data Boost,2026-01-14,2026-01-17
4686,CAMP_3a7188eb,Spring Data Boost,2026-02-17,2026-03-27
4687,CAMP_71790c70,Flash Bundle Blitz,2026-02-06,2026-03-28
4688,CAMP_71790c70,Flash Bundle Blitz,2026-01-27,2026-02-15
4689,CAMP_568269e4,Loyalty Reward Drive,2026-03-06,2026-04-27
4690,CAMP_3a7188eb,Spring Data Boost,2026-02-18,2026-02-22
4691,CAMP_5ca4a2f6,Flash Bundle Blitz,2026-03-04,2026-03-18
4692,CAMP_71790c70,Flash Bundle Blitz,2026-01-15,2026-03-08
4693,CAMP_6ec8dcc3,Flash Bundle Blitz,2026-01-10,2026-02-22
4694,CAMP_5ca4a2f6,Flash Bundle Blitz,2026-02-24,2026-04-19
4695,CAMP_3a7188eb,Spring Data Boost,2026-01-28,2026-01-30
4696,CAMP_3a7188eb,Spring Data Boost,2026-01-19,2026-02-18
4697,CAMP_5ca4a2f6,Flash Bundle Blitz,2026-02-19,2026-04-10
4698,CAMP_568269e4,Loyalty Reward Drive,2026-02-24,2026-04-05
4699,CAMP_3a7188eb,Spring Data Boost,2026-03-04,2026-03-28
4700,CAMP_6ec8dcc3,Flash Bundle Blitz,2026-01-09,2026-02-01
4701,CAMP_6ec8dcc3,Flash Bundle Blitz,2026-02-03,2026-03-07
4702,CAMP_6ec8dcc3,Flash Bundle Blitz,2026-01-28,2026-02-09
4703,CAMP_71790c70,Flash Bundle Blitz,2026-03-01,2026-04-03
4704,CAMP_5ca4a2f6,Flash Bundle Blitz,2026-02-17,2026-02-21
4705,CAMP_71790c70,Flash Bundle Blitz,2026-03-04,2026-04-01
4706,CAMP_6ec8dcc3,Flash Bundle Blitz,2026-01-17,2026-02-02
4707,CAMP_5ca4a2f6,Flash Bundle Blitz,2026-01-11,2026-03-09
4708,CAMP_6ec8dcc3,Flash Bundle Blitz,2026-02-24,2026-04-22
4709,CAMP_71790c70,Flash Bundle Blitz,2026-01-18,2026-03-13
4710,CAMP_5ca4a2f6,Flash Bundle Blitz,2026-03-06,2026-04-09
4711,CAMP_3a7188eb,Spring Data Boost,2026-02-24,2026-04-18
4712,CAMP_3a7188eb,Spring Data Boost,2026-02-07,2026-02-22
4713,CAMP_3a7188eb,Spring Data Boost,2026-01-21,2026-03-03
4714,CAMP_3a7188eb,Spring Data Boost,2026-02-15,2026-03-26
4715,CAMP_3a7188eb,Spring Data Boost,2026-01-19,2026-02-08
4716,CAMP_3a7188eb,Spring Data Boost,2026-01-26,2026-03-18
4717,CAMP_6ec8dcc3,Flash Bundle Blitz,2026-02-22,2026-04-23
4718,CAMP_5ca4a2f6,Flash Bundle Blitz,2026-03-02,2026-03-15
4719,CAMP_3a7188eb,Spring Data Boost,2026-02-28,2026-03-02
4720,CAMP_71790c70,Flash Bundle Blitz,2026-03-07,2026-04-25
4721,CAMP_3a7188eb,Spring Data Boost,2026-01-26,2026-03-19
4722,CAMP_3a7188eb,Spring Data Boost,2026-01-09,2026-01-14
4723,CAMP_568269e4,Loyalty Reward Drive,2026-01-11,2026-02-21
4724,CAMP_5ca4a2f6,Flash Bundle Blitz,2026-01-18,2026-03-16
4725,CAMP_6ec8dcc3,Flash Bundle Blitz,2026-02-25,2026-04-11
4726,CAMP_568269e4,Loyalty Reward Drive,2026-02-18,2026-03-31
4727,CAMP_6ec8dcc3,Flash Bundle Blitz,2026-02-05,2026-02-28
4728,CAMP_568269e4,Loyalty Reward Drive,2026-01-25,2026-02-14
4729,CAMP_3a7188eb,Spring Data Boost,2026-01-19,2026-02-18
4730,CAMP_3a7188eb,Spring Data Boost,2026-02-09,2026-03-07
4731,CAMP_6ec8dcc3,Flash Bundle Blitz,2026-02-20,2026-02-25
4732,CAMP_5ca4a2f6,Flash Bundle Blitz,2026-01-15,2026-03-11
4733,CAMP_5ca4a2f6,Flash Bundle Blitz,2026-02-23,2026-03-29
4734,CAMP_568269e4,Loyalty Reward Drive,2026-02-03,2026-03-01
4735,CAMP_6ec8dcc3,Flash Bundle Blitz,2026-02-03,2026-03-01
4736,CAMP_3a7188eb,Spring Data Boost,2026-01-15,2026-02-15
4737,CAMP_71790c70,Flash Bundle Blitz,2026-03-08,2026-04-24
4738,CAMP_3a7188eb,Spring Data Boost,2026-02-26,2026-04-22
4739,CAMP_3a7188eb,Spring Data Boost,2026-02-26,2026-04-25
4740,CAMP_6ec8dcc3,Flash Bundle Blitz,2026-02-17,2026-04-16
4741,CAMP_6ec8dcc3,Flash Bundle Blitz,2026-01-31,2026-03-03
4742,CAMP_71790c70,Flash Bundle Blitz,2026-02-23,2026-04-15
4743,CAMP_568269e4,Loyalty Reward Drive,2026-01-24,2026-01-30
4744,CAMP_6ec8dcc3,Flash Bundle Blitz,2026-01-21,2026-03-13
4745,CAMP_71790c70,Flash Bundle Blitz,2026-02-13,2026-03-15
4746,CAMP_3a7188eb,Spring Data Boost,2026-03-01,2026-03-31
4747,CAMP_3a7188eb,Spring Data Boost,2026-02-04,2026-02-14
4748,CAMP_71790c70,Flash Bundle Blitz,2026-01-20,2026-02-21
4749,CAMP_71790c70,Flash Bundle Blitz,2026-02-27,2026-03-26
4750,CAMP_3a7188eb,Spring Data Boost,2026-02-19,2026-04-10
4751,CAMP_3a7188eb,Spring Data Boost,2026-01-24,2026-03-01
4752,CAMP_6ec8dcc3,Flash Bundle Blitz,2026-02-09,2026-03-15
4753,CAMP_6ec8dcc3,Flash Bundle Blitz,2026-02-13,2026-02-21
4754,CAMP_568269e4,Loyalty Reward Drive,2026-02-04,2026-03-10
4755,CAMP_6ec8dcc3,Flash Bundle Blitz,2026-02-21,2026-04-08
4756,CAMP_6ec8dcc3,Flash Bundle Blitz,2026-03-09,2026-03-31
4757,CAMP_3a7188eb,Spring Data Boost,2026-01-28,2026-02-27
4758,CAMP_71790c70,Flash Bundle Blitz,2026-01-15,2026-03-12
4759,CAMP_5ca4a2f6,Flash Bundle Blitz,2026-02-03,2026-02-28
4760,CAMP_568269e4,Loyalty Reward Drive,2026-01-29,2026-03-30
4761,CAMP_568269e4,Loyalty Reward Drive,2026-02-28,2026-03-15
4762,CAMP_71790c70,Flash Bundle Blitz,2026-02-25,2026-03-22
4763,CAMP_568269e4,Loyalty Reward Drive,2026-01-25,2026-03-10
4764,CAMP_6ec8dcc3,Flash Bundle Blitz,2026-02-13,2026-04-14
4765,CAMP_3a7188eb,Spring Data Boost,2026-01-12,2026-03-12
4766,CAMP_71790c70,Flash Bundle Blitz,2026-01-14,2026-02-05
4767,CAMP_71790c70,Flash Bundle Blitz,2026-02-23,2026-03-17
4768,CAMP_3a7188eb,Spring Data Boost,2026-01-15,2026-02-25
4769,CAMP_5ca4a2f6,Flash Bundle Blitz,2026-03-06,2026-03-19
4770,CAMP_5ca4a2f6,Flash Bundle Blitz,2026-03-06,2026-04-08
4771,CAMP_568269e4,Loyalty Reward Drive,2026-02-19,2026-04-13
4772,CAMP_568269e4,Loyalty Reward Drive,2026-01-12,2026-01-24
4773,CAMP_3a7188eb,Spring Data Boost,2026-02-24,2026-03-01
4774,CAMP_3a7188eb,Spring Data Boost,2026-02-02,2026-03-08
4775,CAMP_5ca4a2f6,Flash Bundle Blitz,2026-01-09,2026-01-18
4776,CAMP_6ec8dcc3,Flash Bundle Blitz,2026-03-01,2026-03-24
4777,CAMP_71790c70,Flash Bundle Blitz,2026-02-11,2026-02-19
4778,CAMP_6ec8dcc3,Flash Bundle Blitz,2026-02-14,2026-03-29
4779,CAMP_5ca4a2f6,Flash Bundle Blitz,2026-02-19,2026-03-10
4780,CAMP_71790c70,Flash Bundle Blitz,2026-03-07,2026-04-18
4781,CAMP_6ec8dcc3,Flash Bundle Blitz,2026-02-14,2026-03-03
4782,CAMP_5ca4a2f6,Flash Bundle Blitz,2026-01-13,2026-03-03
4783,CAMP_6ec8dcc3,Flash Bundle Blitz,2026-02-15,2026-02-21
4784,CAMP_71790c70,Flash Bundle Blitz,2026-02-24,2026-04-17
4785,CAMP_3a7188eb,Spring Data Boost,2026-01-20,2026-03-02
4786,CAMP_6ec8dcc3,Flash Bundle Blitz,2026-01-15,2026-01-22
4787,CAMP_3a7188eb,Spring Data Boost,2026-01-24,2026-01-29
4788,CAMP_3a7188eb,Spring Data Boost,2026-02-08,2026-03-24
4789,CAMP_5ca4a2f6,Flash Bundle Blitz,2026-03-02,2026-04-06
4790,CAMP_3a7188eb,Spring Data Boost,2026-02-28,2026-03-14
4791,CAMP_6ec8dcc3,Flash Bundle Blitz,2026-02-27,2026-03-21
4792,CAMP_71790c70,Flash Bundle Blitz,2026-02-22,2026-04-19
4793,CAMP_568269e4,Loyalty Reward Drive,2026-02-09,2026-03-17
4794,CAMP_71790c70,Flash Bundle Blitz,2026-02-14,2026-04-07
4795,CAMP_568269e4,Loyalty Reward Drive,2026-02-18,2026-02-25
4796,CAMP_5ca4a2f6,Flash Bundle Blitz,2026-01-16,2026-03-04
4797,CAMP_71790c70,Flash Bundle Blitz,2026-01-17,2026-02-15
4798,CAMP_3a7188eb,Spring Data Boost,2026-03-06,2026-04-27
4799,CAMP_568269e4,Loyalty Reward Drive,2026-02-27,2026-03-18
4800,CAMP_568269e4,Loyalty Reward Drive,2026-02-06,2026-02-28
4801,CAMP_5ca4a2f6,Flash Bundle Blitz,2026-02-21,2026-04-18
4802,CAMP_6ec8dcc3,Flash Bundle Blitz,2026-02-11,2026-02-16
4803,CAMP_71790c70,Flash Bundle Blitz,2026-03-09,2026-04-19
4804,CAMP_5ca4a2f6,Flash Bundle Blitz,2026-02-17,2026-04-06
4805,CAMP_3a7188eb,Spring Data Boost,2026-02-09,2026-03-16
4806,CAMP_568269e4,Loyalty Reward Drive,2026-01-12,2026-02-17
4807,CAMP_3a7188eb,Spring Data Boost,2026-02-22,2026-03-29
4808,CAMP_6ec8dcc3,Flash Bundle Blitz,2026-01-18,2026-01-19
4809,CAMP_5ca4a2f6,Flash Bundle Blitz,2026-02-24,2026-03-27
4810,CAMP_5ca4a2f6,Flash Bundle Blitz,2026-03-09,2026-03-18
4811,CAMP_568269e4,Loyalty Reward Drive,2026-02-21,2026-04-18
4812,CAMP_5ca4a2f6,Flash Bundle Blitz,2026-02-03,2026-03-19
4813,CAMP_5ca4a2f6,Flash Bundle Blitz,2026-02-17,2026-03-27
4814,CAMP_568269e4,Loyalty Reward Drive,2026-01-20,2026-01-26
4815,CAMP_6ec8dcc3,Flash Bundle Blitz,2026-01-31,2026-02-24
4816,CAMP_5ca4a2f6,Flash Bundle Blitz,2026-02-26,2026-03-09
4817,CAMP_71790c70,Flash Bundle Blitz,2026-03-10,2026-03-26
4818,CAMP_71790c70,Flash Bundle Blitz,2026-03-04,2026-03-09
4819,CAMP_71790c70,Flash Bundle Blitz,2026-01-21,2026-03-06
4820,CAMP_6ec8dcc3,Flash Bundle Blitz,2026-02-02,2026-02-15
4821,CAMP_568269e4,Loyalty Reward Drive,2026-02-25,2026-04-18
4822,CAMP_3a7188eb,Spring Data Boost,2026-02-17,2026-03-10
4823,CAMP_568269e4,Loyalty Reward Drive,2026-02-01,2026-03-14
4824,CAMP_71790c70,Flash Bundle Blitz,2026-02-12,2026-03-23
4825,CAMP_71790c70,Flash Bundle Blitz,2026-03-10,2026-04-14
4826,CAMP_71790c70,Flash Bundle Blitz,2026-01-21,2026-03-11
4827,CAMP_3a7188eb,Spring Data Boost,2026-02-16,2026-03-26
4828,CAMP_71790c70,Flash Bundle Blitz,2026-01-24,2026-02-21
4829,CAMP_71790c70,Flash Bundle Blitz,2026-01-12,2026-02-23
4830,CAMP_568269e4,Loyalty Reward Drive,2026-02-16,2026-03-21
4831,CAMP_568269e4,Loyalty Reward Drive,2026-02-20,2026-03-11
4832,CAMP_3a7188eb,Spring Data Boost,2026-02-26,2026-04-23
4833,CAMP_568269e4,Loyalty Reward Drive,2026-02-28,2026-03-05
4834,CAMP_71790c70,Flash Bundle Blitz,2026-01-29,2026-02-13
4835,CAMP_71790c70,Flash Bundle Blitz,2026-02-13,2026-03-29
4836,CAMP_71790c70,Flash Bundle Blitz,2026-02-08,2026-02-11
4837,CAMP_6ec8dcc3,Flash Bundle Blitz,2026-02-20,2026-03-30
4838,CAMP_71790c70,Flash Bundle Blitz,2026-01-21,2026-03-02
4839,CAMP_5ca4a2f6,Flash Bundle Blitz,2026-01-14,2026-01-17
4840,CAMP_3a7188eb,Spring Data Boost,2026-03-01,2026-04-02
4841,CAMP_71790c70,Flash Bundle Blitz,2026-01-15,2026-01-21
4842,CAMP_71790c70,Flash Bundle Blitz,2026-03-05,2026-04-09
4843,CAMP_3a7188eb,Spring Data Boost,2026-01-26,2026-02-17
4844,CAMP_568269e4,Loyalty Reward Drive,2026-02-06,2026-03-01
4845,CAMP_71790c70,Flash Bundle Blitz,2026-02-24,2026-03-14
4846,CAMP_568269e4,Loyalty Reward Drive,2026-03-08,2026-03-13
4847,CAMP_3a7188eb,Spring Data Boost,2026-02-18,2026-03-30
4848,CAMP_568269e4,Loyalty Reward Drive,2026-02-09,2026-03-26
4849,CAMP_71790c70,Flash Bundle Blitz,2026-02-05,2026-02-19
4850,CAMP_71790c70,Flash Bundle Blitz,2026-02-04,2026-02-06
4851,CAMP_71790c70,Flash Bundle Blitz,2026-02-05,2026-04-03
4852,CAMP_71790c70,Flash Bundle Blitz,2026-01-24,2026-03-15
4853,CAMP_3a7188eb,Spring Data Boost,2026-01-31,2026-03-25
4854,CAMP_71790c70,Flash Bundle Blitz,2026-01-09,2026-02-20
4855,CAMP_71790c70,Flash Bundle Blitz,2026-01-23,2026-02-28
4856,CAMP_3a7188eb,Spring Data Boost,2026-02-21,2026-03-19
4857,CAMP_6ec8dcc3,Flash Bundle Blitz,2026-03-07,2026-04-16
4858,CAMP_71790c70,Flash Bundle Blitz,2026-02-25,2026-04-23
4859,CAMP_3a7188eb,Spring Data Boost,2026-01-10,2026-02-02
4860,CAMP_5ca4a2f6,Flash Bundle Blitz,2026-03-08,2026-03-25
4861,CAMP_5ca4a2f6,Flash Bundle Blitz,2026-03-01,2026-04-16
4862,CAMP_71790c70,Flash Bundle Blitz,2026-01-26,2026-03-18
4863,CAMP_71790c70,Flash Bundle Blitz,2026-02-08,2026-02-19
4864,CAMP_568269e4,Loyalty Reward Drive,2026-02-18,2026-04-05
4865,CAMP_5ca4a2f6,Flash Bundle Blitz,2026-02-07,2026-03-16
4866,CAMP_5ca4a2f6,Flash Bundle Blitz,2026-02-04,2026-03-17
4867,CAMP_5ca4a2f6,Flash Bundle Blitz,2026-03-06,2026-03-23
4868,CAMP_568269e4,Loyalty Reward Drive,2026-02-15,2026-03-13
4869,CAMP_6ec8dcc3,Flash Bundle Blitz,2026-03-05,2026-04-06
4870,CAMP_71790c70,Flash Bundle Blitz,2026-02-12,2026-03-06
4871,CAMP_3a7188eb,Spring Data Boost,2026-01-27,2026-03-12
4872,CAMP_568269e4,Loyalty Reward Drive,2026-02-01,2026-03-15
4873,CAMP_6ec8dcc3,Flash Bundle Blitz,2026-03-03,2026-03-17
4874,CAMP_71790c70,Flash Bundle Blitz,2026-02-05,2026-03-05
4875,CAMP_3a7188eb,Spring Data Boost,2026-02-11,2026-02-15
4876,CAMP_568269e4,Loyalty Reward Drive,2026-02-01,2026-02-13
4877,CAMP_6ec8dcc3,Flash Bundle Blitz,2026-01-24,2026-02-18
4878,CAMP_6ec8dcc3,Flash Bundle Blitz,2026-03-01,2026-04-28
4879,CAMP_6ec8dcc3,Flash Bundle Blitz,2026-01-29,2026-02-20
4880,CAMP_568269e4,Loyalty Reward Drive,2026-01-20,2026-02-04
4881,CAMP_3a7188eb,Spring Data Boost,2026-02-05,2026-03-25
4882,CAMP_5ca4a2f6,Flash Bundle Blitz,2026-02-23,2026-03-31
4883,CAMP_568269e4,Loyalty Reward Drive,2026-02-24,2026-03-08
4884,CAMP_5ca4a2f6,Flash Bundle Blitz,2026-02-06,2026-02-19
4885,CAMP_568269e4,Loyalty Reward Drive,2026-01-12,2026-02-23
4886,CAMP_568269e4,Loyalty Reward Drive,2026-01-17,2026-02-20
4887,CAMP_71790c70,Flash Bundle Blitz,2026-02-23,2026-03-11
4888,CAMP_568269e4,Loyalty Reward Drive,2026-02-07,2026-04-07
4889,CAMP_3a7188eb,Spring Data Boost,2026-03-06,2026-04-05
4890,CAMP_568269e4,Loyalty Reward Drive,2026-02-15,2026-02-18
4891,CAMP_6ec8dcc3,Flash Bundle Blitz,2026-01-20,2026-01-26
4892,CAMP_71790c70,Flash Bundle Blitz,2026-02-24,2026-03-21
4893,CAMP_5ca4a2f6,Flash Bundle Blitz,2026-03-02,2026-04-16
4894,CAMP_5ca4a2f6,Flash Bundle Blitz,2026-03-07,2026-04-10
4895,CAMP_71790c70,Flash Bundle Blitz,2026-02-11,2026-03-21
4896,CAMP_71790c70,Flash Bundle Blitz,2026-02-11,2026-02-28
4897,CAMP_3a7188eb,Spring Data Boost,2026-03-10,2026-04-17
4898,CAMP_6ec8dcc3,Flash Bundle Blitz,2026-03-01,2026-03-03
4899,CAMP_3a7188eb,Spring Data Boost,2026-02-16,2026-02-20
4900,CAMP_5ca4a2f6,Flash Bundle Blitz,2026-02-10,2026-03-13
4901,CAMP_568269e4,Loyalty Reward Drive,2026-02-19,2026-03-10
4902,CAMP_568269e4,Loyalty Reward Drive,2026-01-20,2026-03-19
4903,CAMP_568269e4,Loyalty Reward Drive,2026-01-25,2026-02-21
4904,CAMP_3a7188eb,Spring Data Boost,2026-01-31,2026-03-23
4905,CAMP_71790c70,Flash Bundle Blitz,2026-01-31,2026-02-26
4906,CAMP_71790c70,Flash Bundle Blitz,2026-03-04,2026-03-28
4907,CAMP_5ca4a2f6,Flash Bundle Blitz,2026-01-13,2026-02-11
4908,CAMP_6ec8dcc3,Flash Bundle Blitz,2026-01-12,2026-03-13
4909,CAMP_5ca4a2f6,Flash Bundle Blitz,2026-01-31,2026-03-28
4910,CAMP_5ca4a2f6,Flash Bundle Blitz,2026-01-26,2026-02-23
4911,CAMP_71790c70,Flash Bundle Blitz,2026-01-13,2026-02-22
4912,CAMP_5ca4a2f6,Flash Bundle Blitz,2026-02-06,2026-03-11
4913,CAMP_6ec8dcc3,Flash Bundle Blitz,2026-03-03,2026-04-07
4914,CAMP_5ca4a2f6,Flash Bundle Blitz,2026-02-14,2026-04-12
4915,CAMP_71790c70,Flash Bundle Blitz,2026-02-22,2026-03-29
4916,CAMP_71790c70,Flash Bundle Blitz,2026-03-08,2026-03-11
4917,CAMP_568269e4,Loyalty Reward Drive,2026-02-03,2026-03-11
4918,CAMP_71790c70,Flash Bundle Blitz,2026-02-25,2026-04-20
4919,CAMP_5ca4a2f6,Flash Bundle Blitz,2026-02-07,2026-02-18
4920,CAMP_3a7188eb,Spring Data Boost,2026-02-07,2026-02-28
4921,CAMP_3a7188eb,Spring Data Boost,2026-03-02,2026-04-27
4922,CAMP_3a7188eb,Spring Data Boost,2026-02-24,2026-02-26
4923,CAMP_568269e4,Loyalty Reward Drive,2026-01-15,2026-02-04
4924,CAMP_3a7188eb,Spring Data Boost,2026-01-21,2026-01-30
4925,CAMP_5ca4a2f6,Flash Bundle Blitz,2026-01-27,2026-02-02
4926,CAMP_5ca4a2f6,Flash Bundle Blitz,2026-01-19,2026-03-12
4927,CAMP_3a7188eb,Spring Data Boost,2026-01-18,2026-03-19
4928,CAMP_3a7188eb,Spring Data Boost,2026-02-04,2026-03-28
4929,CAMP_71790c70,Flash Bundle Blitz,2026-02-09,2026-02-21
4930,CAMP_5ca4a2f6,Flash Bundle Blitz,2026-02-25,2026-04-24
4931,CAMP_3a7188eb,Spring Data Boost,2026-01-15,2026-03-14
4932,CAMP_5ca4a2f6,Flash Bundle Blitz,2026-01-17,2026-03-10
4933,CAMP_568269e4,Loyalty Reward Drive,2026-03-05,2026-03-16
4934,CAMP_568269e4,Loyalty Reward Drive,2026-01-15,2026-03-14
4935,CAMP_3a7188eb,Spring Data Boost,2026-03-04,2026-03-29
4936,CAMP_5ca4a2f6,Flash Bundle Blitz,2026-02-24,2026-04-12
4937,CAMP_71790c70,Flash Bundle Blitz,2026-02-11,2026-03-26
4938,CAMP_568269e4,Loyalty Reward Drive,2026-02-19,2026-03-25
4939,CAMP_568269e4,Loyalty Reward Drive,2026-01-11,2026-03-12
4940,CAMP_71790c70,Flash Bundle Blitz,2026-01-25,2026-02-24
4941,CAMP_71790c70,Flash Bundle Blitz,2026-02-23,2026-03-09
4942,CAMP_5ca4a2f6,Flash Bundle Blitz,2026-02-19,2026-03-31
4943,CAMP_568269e4,Loyalty Reward Drive,2026-01-31,2026-02-04
4944,CAMP_71790c70,Flash Bundle Blitz,2026-02-25,2026-04-02
4945,CAMP_3a7188eb,Spring Data Boost,2026-02-01,2026-03-15
4946,CAMP_568269e4,Loyalty Reward Drive,2026-03-02,2026-04-03
4947,CAMP_6ec8dcc3,Flash Bundle Blitz,2026-02-02,2026-02-13
4948,CAMP_3a7188eb,Spring Data Boost,2026-03-08,2026-03-17
4949,CAMP_71790c70,Flash Bundle Blitz,2026-01-25,2026-02-03
4950,CAMP_568269e4,Loyalty Reward Drive,2026-02-19,2026-02-21
4951,CAMP_3a7188eb,Spring Data Boost,2026-02-23,2026-04-01
4952,CAMP_568269e4,Loyalty Reward Drive,2026-02-06,2026-02-23
4953,CAMP_3a7188eb,Spring Data Boost,2026-02-10,2026-02-23
4954,CAMP_5ca4a2f6,Flash Bundle Blitz,2026-01-12,2026-03-08
4955,CAMP_568269e4,Loyalty Reward Drive,2026-01-23,2026-02-15
4956,CAMP_6ec8dcc3,Flash Bundle Blitz,2026-01-30,2026-02-23
4957,CAMP_71790c70,Flash Bundle Blitz,2026-01-17,2026-02-16
4958,CAMP_6ec8dcc3,Flash Bundle Blitz,2026-02-04,2026-02-21
4959,CAMP_568269e4,Loyalty Reward Drive,2026-02-14,2026-02-24
4960,CAMP_3a7188eb,Spring Data Boost,2026-03-05,2026-04-12
4961,CAMP_3a7188eb,Spring Data Boost,2026-03-02,2026-03-21
4962,CAMP_568269e4,Loyalty Reward Drive,2026-01-25,2026-03-11
4963,CAMP_6ec8dcc3,Flash Bundle Blitz,2026-02-13,2026-02-28
4964,CAMP_3a7188eb,Spring Data Boost,2026-02-19,2026-04-05
4965,CAMP_71790c70,Flash Bundle Blitz,2026-02-27,2026-04-16
4966,CAMP_5ca4a2f6,Flash Bundle Blitz,2026-01-12,2026-02-06
4967,CAMP_5ca4a2f6,Flash Bundle Blitz,2026-03-09,2026-04-15
4968,CAMP_568269e4,Loyalty Reward Drive,2026-02-20,2026-03-31
4969,CAMP_568269e4,Loyalty Reward Drive,2026-01-24,2026-02-06
4970,CAMP_5ca4a2f6,Flash Bundle Blitz,2026-03-05,2026-04-19
4971,CAMP_568269e4,Loyalty Reward Drive,2026-01-11,2026-02-13
4972,CAMP_5ca4a2f6,Flash Bundle Blitz,2026-01-25,2026-02-24
4973,CAMP_3a7188eb,Spring Data Boost,2026-03-08,2026-04-22
4974,CAMP_71790c70,Flash Bundle Blitz,2026-01-21,2026-03-16
4975,CAMP_6ec8dcc3,Flash Bundle Blitz,2026-02-08,2026-02-21
4976,CAMP_568269e4,Loyalty Reward Drive,2026-02-24,2026-03-27
4977,CAMP_5ca4a2f6,Flash Bundle Blitz,2026-01-19,2026-02-02
4978,CAMP_3a7188eb,Spring Data Boost,2026-03-02,2026-04-27
4979,CAMP_568269e4,Loyalty Reward Drive,2026-02-27,2026-04-14
4980,CAMP_568269e4,Loyalty Reward Drive,2026-02-01,2026-02-10
4981,CAMP_71790c70,Flash Bundle Blitz,2026-02-22,2026-03-03
4982,CAMP_568269e4,Loyalty Reward Drive,2026-01-23,2026-02-27
4983,CAMP_3a7188eb,Spring Data Boost,2026-03-03,2026-03-11
4984,CAMP_71790c70,Flash Bundle Blitz,2026-03-07,2026-04-06
4985,CAMP_71790c70,Flash Bundle Blitz,2026-01-26,2026-01-27
4986,CAMP_568269e4,Loyalty Reward Drive,2026-03-05,2026-04-19
4987,CAMP_6ec8dcc3,Flash Bundle Blitz,2026-02-25,2026-03-22
4988,CAMP_5ca4a2f6,Flash Bundle Blitz,2026-02-10,2026-02-27
4989,CAMP_71790c70,Flash Bundle Blitz,2026-02-12,2026-04-09
4990,CAMP_568269e4,Loyalty Reward Drive,2026-03-08,2026-04-28
4991,CAMP_568269e4,Loyalty Reward Drive,2026-02-19,2026-03-20
4992,CAMP_6ec8dcc3,Flash Bundle Blitz,2026-02-23,2026-03-08
4993,CAMP_5ca4a2f6,Flash Bundle Blitz,2026-03-04,2026-04-04
4994,CAMP_71790c70,Flash Bundle Blitz,2026-03-10,2026-04-06
4995,CAMP_3a7188eb,Spring Data Boost,2026-03-06,2026-04-18
4996,CAMP_568269e4,Loyalty Reward Drive,2026-02-15,2026-04-04
4997,CAMP_71790c70,Flash Bundle Blitz,2026-01-31,2026-03-17
4998,CAMP_3a7188eb,Spring Data Boost,2026-01-15,2026-01-23
4999,CAMP_6ec8dcc3,Flash Bundle Blitz,2026-03-09,2026-03-26
